SK_ID_CURR,TARGET
100001,0.23778506
100005,0.5944145
100013,0.11054763
100028,0.30952477
100038,0.6653518
100042,0.29204372
100057,0.14108516
100065,0.23942377
100066,0.12565579
100067,0.42416814
100074,0.40192002
100090,0.3928452
100091,0.7120001
100092,0.6054615
100106,0.4190603
100107,0.71907
100109,0.39728728
100117,0.25317156
100128,0.4407805
100141,0.16798568
100150,0.16138786
100168,0.08355819
100169,0.2609963
100170,0.5259075
100171,0.4822815
100172,0.5199227
100184,0.55858237
100187,0.49657547
100212,0.45796424
100222,0.33174294
100223,0.21344036
100232,0.15236054
100241,0.6785434
100245,0.18576099
100253,0.22147495
100256,0.50846785
100271,0.090207905
100278,0.82052743
100280,0.04418719
100306,0.6825153
100311,0.6568197
100312,0.230065
100330,0.57837903
100331,0.3517391
100352,0.69311965
100358,0.5651096
100367,0.23677285
100382,0.7546065
100384,0.48609468
100385,0.51494944
100386,0.322962
100399,0.121737376
100404,0.48307028
100416,0.13878103
100422,0.42380154
100426,0.30560392
100438,0.2699988
100444,0.6348989
100445,0.7343018
100446,0.4957683
100447,0.13665797
100450,0.4570747
100466,0.10557306
100483,0.17934394
100484,0.18075094
100494,0.3696425
100510,0.62757754
100512,0.07472872
100517,0.2740243
100548,0.26109216
100551,0.273595
100552,0.52162474
100553,0.19301811
100561,0.3742766
100568,0.8947125
100569,0.08748088
100591,0.47969955
100592,0.1451927
100602,0.5260523
100607,0.42458263
100613,0.5029242
100617,0.7235099
100618,0.5808693
100622,0.52997255
100625,0.5854633
100677,0.7427479
100699,0.25269124
100702,0.8530345
100711,0.49780917
100729,0.6342444
100740,0.7687858
100744,0.7467847
100745,0.32811004
100747,0.5429015
100751,0.75847954
100752,0.24604353
100753,0.73927814
100754,0.63648534
100760,0.24386951
100762,0.4238927
100763,0.28571755
100765,0.2070898
100770,0.53480667
100772,0.17858967
100777,0.35088933
100791,0.18279524
100792,0.07658374
100797,0.17810057
100823,0.23901734
100826,0.23514777
100830,0.32472512
100836,0.7764869
100872,0.5456222
100910,0.3502207
100913,0.4111875
100918,0.29344738
100931,0.10958209
100952,0.2988625
100953,0.36602196
100965,0.7160987
100970,0.2843981
100982,0.7045069
100983,0.85601634
100984,0.17623058
100987,0.342158
100997,0.39743003
100998,0.63876396
101002,0.38909954
101005,0.71294147
101008,0.86117613
101020,0.4926642
101021,0.13835168
101024,0.38005233
101025,0.83489317
101026,0.2894762
101031,0.14376211
101041,0.1796136
101051,0.05100836
101055,0.5169035
101056,0.824041
101057,0.37770602
101064,0.1755477
101079,0.56696266
101087,0.09850021
101090,0.2433361
101092,0.60225713
101097,0.59793895
101099,0.16777359
101107,0.60417485
101118,0.40709743
101125,0.5182733
101126,0.19217992
101128,0.10708022
101136,0.48200905
101140,0.79091805
101149,0.57858795
101160,0.5535501
101169,0.72392905
101181,0.27035105
101186,0.16560934
101190,0.43599153
101193,0.5239183
101194,0.5675585
101198,0.7175536
101200,0.11623058
101204,0.28708094
101211,0.44597405
101213,0.49969518
101223,0.45682073
101225,0.5217976
101237,0.54459244
101243,0.4880765
101244,0.70697993
101258,0.20949969
101259,0.76958627
101268,0.59049785
101269,0.13354644
101271,0.49168465
101279,0.3053236
101281,0.5097109
101287,0.30595133
101292,0.31619558
101294,0.2923353
101296,0.45357513
101297,0.11621133
101299,0.18277499
101301,0.33836555
101305,0.54043067
101308,0.67020863
101318,0.13565977
101327,0.8741795
101329,0.15466358
101332,0.2714219
101337,0.4643165
101343,0.17596434
101345,0.20501399
101346,0.13627312
101353,0.14270996
101354,0.6985566
101355,0.71138304
101356,0.18528928
101362,0.3569519
101363,0.8573528
101365,0.20448044
101366,0.529993
101367,0.7413497
101368,0.101192184
101374,0.63970405
101380,0.14971007
101383,0.26969978
101398,0.16107038
101399,0.7465794
101401,0.7835051
101412,0.24779359
101426,0.53920436
101427,0.9138165
101428,0.62798977
101429,0.72919774
101434,0.2343998
101440,0.55918646
101448,0.54037553
101449,0.40192634
101465,0.09562523
101467,0.1633203
101472,0.48284855
101478,0.58342296
101497,0.34957206
101504,0.44442979
101547,0.20865466
101548,0.6323456
101555,0.39793968
101570,0.1830661
101572,0.44199085
101578,0.3416187
101580,0.6717616
101588,0.5965442
101602,0.20718436
101610,0.47847295
101614,0.39087328
101616,0.3009432
101643,0.5856492
101644,0.3269952
101649,0.24676313
101650,0.57861143
101665,0.08507297
101667,0.54663485
101669,0.33870265
101674,0.4838403
101675,0.13289748
101678,0.479505
101682,0.19381207
101686,0.3384393
101697,0.731028
101700,0.87637305
101711,0.27926615
101714,0.297399
101715,0.8526871
101728,0.23655017
101732,0.4743322
101757,0.51684684
101758,0.3218418
101759,0.4928393
101762,0.17050454
101764,0.5536581
101780,0.8136573
101784,0.12480459
101789,0.15034093
101816,0.5981868
101819,0.3204377
101827,0.14141592
101863,0.47481313
101867,0.43819377
101870,0.10549636
101873,0.82614136
101878,0.63617474
101879,0.25433913
101880,0.1849275
101887,0.3118957
101897,0.24285854
101901,0.38693592
101903,0.66513985
101920,0.14814433
101921,0.304432
101922,0.44123492
101961,0.5242246
101962,0.10978018
101971,0.3027178
101976,0.84364945
102002,0.6194801
102005,0.29986337
102007,0.8031905
102017,0.14403847
102019,0.83425903
102029,0.19969364
102051,0.6486539
102052,0.05404114
102054,0.14136215
102062,0.45015925
102067,0.67671484
102068,0.43283066
102070,0.33804473
102090,0.4712751
102092,0.2879549
102099,0.6391296
102100,0.28597653
102112,0.54014564
102113,0.2613019
102122,0.7008129
102123,0.40283415
102125,0.28680363
102126,0.79610974
102146,0.3022694
102147,0.6687333
102151,0.27515858
102158,0.7439567
102159,0.22106944
102162,0.26788914
102165,0.33791333
102166,0.15840891
102174,0.120526694
102193,0.7184067
102198,0.324068
102205,0.6061988
102206,0.061990015
102218,0.22738798
102221,0.18117489
102230,0.443131
102238,0.30870962
102248,0.26992497
102252,0.74582905
102259,0.41560063
102262,0.6488957
102273,0.39887023
102286,0.6281374
102293,0.09036331
102294,0.23987642
102296,0.31632683
102298,0.4871963
102303,0.16060679
102309,0.50172013
102315,0.19546264
102340,0.27603403
102342,0.42480448
102344,0.3055197
102346,0.52882546
102347,0.11649537
102374,0.26884353
102380,0.17545174
102387,0.2035281
102393,0.21032262
102403,0.15443824
102413,0.31596494
102414,0.068671554
102415,0.26447457
102416,0.5372838
102439,0.2996121
102441,0.2831651
102443,0.05634366
102444,0.39622453
102445,0.4965166
102448,0.26988164
102449,0.34203967
102450,0.71415067
102456,0.091072194
102458,0.61685795
102459,0.42483687
102465,0.13824351
102470,0.6635432
102471,0.39930633
102475,0.40124536
102476,0.66260695
102506,0.3345018
102509,0.27936512
102519,0.25026855
102522,0.25462955
102545,0.28237486
102549,0.1928884
102562,0.06466893
102563,0.22370642
102568,0.57474273
102582,0.44429398
102592,0.09876758
102597,0.6488268
102605,0.27822235
102614,0.2283371
102617,0.5368324
102634,0.3434056
102652,0.24071158
102655,0.07826707
102671,0.46242812
102694,0.78004366
102701,0.3460869
102703,0.10509549
102704,0.24271284
102713,0.053234633
102720,0.6520121
102731,0.30458894
102733,0.2713836
102749,0.16373213
102755,0.3215753
102763,0.10690365
102770,0.3116676
102772,0.64501727
102799,0.7322813
102838,0.1379701
102854,0.271814
102862,0.6766635
102863,0.27678573
102867,0.111635506
102868,0.03809134
102878,0.46887842
102887,0.24267694
102898,0.8380268
102904,0.5705974
102912,0.4339842
102919,0.27981663
102927,0.42507264
102932,0.5692637
102933,0.53228444
102935,0.17008206
102958,0.58559585
102969,0.61677176
102971,0.21743152
102975,0.40082908
102979,0.46678874
102982,0.066503935
102987,0.5311401
102989,0.2897509
102995,0.53140026
102996,0.15030706
103000,0.35452124
103001,0.35465646
103004,0.29628655
103010,0.123144366
103025,0.7879107
103029,0.19237262
103046,0.57482946
103056,0.3041113
103062,0.5241382
103078,0.17873314
103083,0.21784148
103092,0.40768707
103096,0.49963197
103097,0.7159024
103102,0.78518397
103112,0.28352934
103132,0.30338213
103144,0.59515613
103145,0.60359704
103146,0.08154382
103147,0.5833086
103158,0.07279247
103171,0.5410642
103173,0.18321894
103184,0.24824013
103195,0.73414546
103196,0.26221132
103206,0.10219696
103230,0.73042345
103231,0.63987255
103232,0.24702565
103239,0.5143871
103240,0.6547353
103243,0.22599421
103252,0.5168626
103258,0.21237051
103259,0.64736694
103279,0.12988219
103280,0.032186642
103286,0.13144884
103287,0.8780548
103290,0.21842526
103298,0.29342774
103315,0.0915157
103319,0.30304056
103334,0.7091976
103336,0.34464034
103345,0.31351775
103368,0.16026616
103371,0.7294866
103377,0.25892907
103398,0.24124734
103404,0.43194243
103408,0.64711773
103410,0.40863445
103418,0.10212027
103420,0.7905435
103432,0.50105155
103433,0.14915808
103436,0.22175433
103440,0.19570029
103453,0.42555586
103459,0.24643472
103460,0.2379105
103461,0.12870923
103462,0.270014
103473,0.5004569
103474,0.14112669
103475,0.7095821
103478,0.72958577
103480,0.50428075
103484,0.17425899
103494,0.5946017
103513,0.2738571
103515,0.44970238
103516,0.73110664
103525,0.49103487
103541,0.8603583
103544,0.11251921
103562,0.8361487
103570,0.8247923
103572,0.6806062
103574,0.19263938
103575,0.41356114
103591,0.45597595
103594,0.20010148
103609,0.35993725
103613,0.49173698
103614,0.26401016
103615,0.2736498
103624,0.28084576
103625,0.74906427
103628,0.7705862
103629,0.08598282
103647,0.38189438
103648,0.40840805
103651,0.27199438
103658,0.08662707
103668,0.30975857
103669,0.29754257
103676,0.33204603
103682,0.47498244
103683,0.23930246
103689,0.13511632
103725,0.27430376
103733,0.523289
103744,0.18010974
103762,0.50310606
103771,0.851935
103773,0.029798565
103783,0.47214097
103784,0.30024508
103808,0.07176204
103812,0.5186927
103813,0.56315315
103814,0.42160156
103818,0.59249926
103824,0.1749839
103828,0.077561736
103830,0.7224328
103840,0.19140665
103842,0.58020365
103847,0.67497736
103848,0.47175327
103851,0.14167422
103854,0.6278713
103857,0.6059004
103861,0.082878985
103862,0.29783267
103865,0.23090056
103870,0.10006258
103876,0.18224657
103891,0.8776987
103908,0.4943032
103914,0.51840585
103918,0.49642184
103940,0.1535649
103963,0.54863536
103966,0.29743585
103971,0.68612367
103980,0.63198465
103984,0.4046172
103985,0.22440459
103998,0.77378744
104019,0.07928259
104026,0.19086881
104035,0.46324554
104044,0.3371559
104045,0.34069443
104047,0.71368825
104051,0.1731796
104058,0.4582946
104063,0.21871448
104066,0.76169765
104087,0.20181876
104089,0.54291695
104095,0.30597267
104098,0.6382951
104104,0.23740841
104110,0.8030058
104120,0.29356048
104122,0.25069812
104131,0.19974245
104132,0.6073904
104135,0.291463
104136,0.12564552
104149,0.40763283
104150,0.35882446
104156,0.85588825
104165,0.61217463
104175,0.20709898
104179,0.39380637
104184,0.52736634
104206,0.1149163
104216,0.85212845
104230,0.7361696
104257,0.2233131
104272,0.2070988
104273,0.47965294
104278,0.2537075
104294,0.679557
104295,0.13067806
104297,0.16339791
104298,0.31744355
104308,0.44265658
104318,0.24542785
104319,0.45353457
104320,0.6740351
104327,0.698595
104334,0.5156618
104344,0.4486843
104350,0.25542125
104351,0.53047156
104354,0.24297106
104369,0.6233488
104376,0.48095697
104381,0.3250895
104384,0.48212495
104391,0.1440792
104394,0.3049125
104398,0.83072996
104402,0.08380064
104408,0.35575306
104409,0.25003177
104410,0.88813084
104412,0.41618583
104417,0.59398377
104424,0.45832968
104426,0.16737667
104435,0.53354865
104445,0.24761547
104458,0.10345377
104460,0.2427991
104466,0.07537544
104472,0.5043704
104473,0.46507645
104479,0.12081596
104480,0.18455546
104482,0.45147327
104499,0.10142827
104501,0.043367174
104502,0.12728095
104506,0.61967826
104510,0.05548819
104512,0.348902
104520,0.79015577
104528,0.43758658
104529,0.10340104
104541,0.42683938
104578,0.18668497
104584,0.36423337
104588,0.45363787
104602,0.68262905
104610,0.13482021
104611,0.6474087
104618,0.36917362
104620,0.30441356
104622,0.16784954
104624,0.32759795
104625,0.66885835
104634,0.42439067
104639,0.5323378
104646,0.2538226
104647,0.37192512
104652,0.24788697
104670,0.6373533
104677,0.080253474
104685,0.55026513
104691,0.27580646
104696,0.47170535
104699,0.069320865
104712,0.527573
104714,0.19636819
104717,0.44858232
104718,0.1267322
104740,0.35442078
104741,0.22994384
104743,0.035720468
104744,0.17950515
104747,0.4525089
104767,0.40655226
104772,0.67274845
104776,0.7097913
104779,0.23323068
104814,0.22132769
104815,0.13600588
104830,0.46392176
104831,0.5310818
104833,0.2681091
104839,0.2157585
104840,0.12248152
104860,0.7056024
104861,0.18223281
104866,0.42732236
104870,0.20816667
104877,0.42841023
104878,0.075576745
104879,0.11006118
104880,0.4123642
104899,0.20964472
104906,0.31992242
104907,0.5814164
104913,0.68892765
104916,0.5250611
104921,0.45331478
104930,0.33256695
104931,0.8311086
104936,0.24005482
104937,0.2544292
104942,0.14927354
104943,0.407903
104969,0.40951753
104972,0.8274364
104988,0.6409143
105013,0.26102933
105015,0.1361088
105019,0.5077651
105027,0.3679067
105030,0.41981605
105035,0.83370763
105041,0.19256681
105051,0.6580966
105056,0.27762514
105067,0.92142075
105071,0.5487318
105072,0.14757372
105074,0.5986977
105091,0.41834667
105101,0.280369
105103,0.36345235
105134,0.39041334
105139,0.20437953
105142,0.39838067
105146,0.5833485
105163,0.3732122
105168,0.44372526
105172,0.15391733
105176,0.81686515
105195,0.40561232
105196,0.7858765
105197,0.1052355
105203,0.2919394
105223,0.4541836
105227,0.74536306
105228,0.13555573
105230,0.7026417
105231,0.7752612
105239,0.20803511
105242,0.48303583
105244,0.22022536
105245,0.32261968
105248,0.28636765
105249,0.30310702
105266,0.640969
105271,0.79625225
105276,0.5221622
105282,0.16513377
105292,0.55285776
105297,0.058818724
105332,0.4922334
105333,0.18301877
105343,0.39872414
105344,0.14648728
105345,0.662476
105357,0.40612084
105359,0.406861
105366,0.3014443
105367,0.29286474
105370,0.066236615
105377,0.29573885
105390,0.14312224
105399,0.07438911
105403,0.50084716
105404,0.3636299
105414,0.2556429
105417,0.524882
105425,0.5960964
105452,0.5464706
105454,0.639288
105456,0.5132448
105470,0.22315967
105471,0.11828447
105483,0.4785761
105493,0.5586431
105508,0.5312272
105514,0.3628448
105515,0.11549339
105528,0.85825944
105529,0.13523427
105531,0.32479095
105532,0.30821702
105558,0.07225072
105574,0.11990811
105578,0.11254467
105584,0.78915256
105595,0.58839333
105617,0.734601
105618,0.47770408
105621,0.26827145
105625,0.49491888
105629,0.31155148
105630,0.12234451
105634,0.21810886
105635,0.19748586
105641,0.48817217
105647,0.6014725
105648,0.48191142
105655,0.23204632
105657,0.17780422
105672,0.68146753
105678,0.6515879
105682,0.57235724
105691,0.39732447
105692,0.27959988
105706,0.35538527
105712,0.2911056
105720,0.2672552
105734,0.08883938
105735,0.2648322
105736,0.74192494
105737,0.1275001
105738,0.6708383
105740,0.7168612
105744,0.5378569
105747,0.2918303
105749,0.6649609
105754,0.36680207
105758,0.380273
105760,0.3540355
105767,0.6298799
105784,0.6466762
105791,0.19402644
105802,0.7868904
105807,0.72381246
105809,0.24934755
105816,0.3622947
105817,0.12581442
105824,0.45066655
105832,0.39753163
105856,0.15531284
105865,0.15647945
105899,0.7691849
105906,0.08662614
105916,0.37038878
105923,0.3756571
105937,0.59197694
105965,0.22236949
105966,0.25471988
105968,0.5397513
105973,0.20535019
105976,0.63864267
105978,0.4324304
105979,0.35352743
105991,0.51657337
105998,0.6000537
105999,0.15787457
106000,0.70678383
106001,0.20248227
106010,0.6723056
106011,0.16965346
106013,0.7507261
106015,0.11594436
106026,0.16765231
106032,0.18361269
106035,0.81062025
106040,0.4464866
106041,0.76517415
106044,0.20322032
106053,0.5522896
106054,0.06200208
106065,0.72108465
106081,0.32320258
106083,0.4419768
106087,0.2696739
106090,0.7365272
106101,0.14113158
106102,0.3975171
106109,0.2529937
106116,0.37914413
106150,0.037578005
106155,0.6759601
106166,0.09528694
106176,0.6579966
106189,0.19158714
106199,0.53586084
106205,0.70963204
106206,0.6739905
106211,0.13351534
106214,0.22641273
106216,0.24987286
106217,0.3364283
106225,0.40965545
106249,0.31557012
106256,0.6099837
106258,0.2508678
106261,0.201787
106262,0.5450519
106264,0.055422477
106271,0.31344843
106276,0.21448858
106277,0.6641212
106286,0.4224417
106293,0.17621243
106295,0.43068892
106296,0.21541487
106297,0.66161007
106298,0.27243033
106311,0.2728423
106314,0.3950694
106320,0.24849236
106334,0.4383831
106346,0.545631
106347,0.25196245
106349,0.32489085
106354,0.4199531
106360,0.17085233
106373,0.59119946
106377,0.41910496
106386,0.6762546
106387,0.19843973
106391,0.24513759
106401,0.8018526
106411,0.53459394
106413,0.80076593
106426,0.65703005
106427,0.5044077
106428,0.6247875
106434,0.37956896
106438,0.36940992
106440,0.29146588
106441,0.308009
106452,0.47479868
106453,0.44651777
106454,0.22092725
106457,0.7154509
106484,0.2972991
106488,0.567893
106491,0.72076184
106514,0.46057144
106527,0.38781804
106528,0.3143603
106529,0.041585945
106534,0.6987832
106550,0.7069196
106577,0.1820354
106585,0.5722015
106590,0.07096937
106607,0.31591251
106610,0.53090733
106611,0.35661197
106612,0.30089238
106624,0.31087697
106631,0.061042435
106647,0.83435446
106660,0.699603
106674,0.15240537
106687,0.13557541
106712,0.3984534
106713,0.33996764
106717,0.37325442
106720,0.36362863
106721,0.5564795
106724,0.5155298
106735,0.5091499
106739,0.30639765
106740,0.39364743
106754,0.41348258
106760,0.7573091
106761,0.42962155
106784,0.5944568
106787,0.3156178
106797,0.13697504
106798,0.4860802
106802,0.67499137
106803,0.43840474
106804,0.7802806
106805,0.102415144
106810,0.6875048
106812,0.77795804
106813,0.3440792
106817,0.5925988
106822,0.41686463
106823,0.1400496
106827,0.14426431
106841,0.4343113
106851,0.64682126
106852,0.38695848
106853,0.6283753
106854,0.91878366
106861,0.3976891
106873,0.46120095
106877,0.29748142
106878,0.09964087
106881,0.5565501
106900,0.08872158
106906,0.27161595
106907,0.7397226
106914,0.6038737
106916,0.6351017
106924,0.13728486
106931,0.39158437
106936,0.31628194
106937,0.52969754
106938,0.19058594
106939,0.39768183
106943,0.4051918
106944,0.7989753
106967,0.52254933
106980,0.35123456
106986,0.50589234
106987,0.12313968
106990,0.1846601
107013,0.07419172
107023,0.3968378
107033,0.30712232
107037,0.5419222
107048,0.2685853
107071,0.21540968
107081,0.03320358
107113,0.56767184
107130,0.33017182
107131,0.15076672
107145,0.6183185
107156,0.6253238
107219,0.32350925
107222,0.47137508
107223,0.7757827
107232,0.6839807
107245,0.43485904
107246,0.39715695
107247,0.55413264
107256,0.07850936
107259,0.16880207
107260,0.12873845
107279,0.65671414
107280,0.36361012
107281,0.2274868
107285,0.5798792
107329,0.09446349
107337,0.5675895
107349,0.4154173
107350,0.13117965
107351,0.102698185
107359,0.6820611
107391,0.5805188
107394,0.28577676
107395,0.15712951
107406,0.4099341
107416,0.474872
107417,0.26084903
107418,0.53492177
107419,0.38403857
107444,0.05041908
107445,0.33281246
107446,0.6611785
107460,0.6122579
107470,0.31587407
107475,0.5190758
107520,0.10389353
107526,0.5389235
107527,0.13093337
107530,0.08102838
107532,0.49868643
107534,0.44571003
107535,0.43664622
107554,0.741159
107556,0.15031342
107559,0.5679358
107561,0.101963855
107564,0.35858217
107566,0.09995136
107571,0.38810837
107590,0.7104204
107602,0.56893975
107625,0.47994295
107626,0.904849
107635,0.13275008
107636,0.3726396
107645,0.192501
107652,0.70561916
107655,0.3899616
107668,0.25306866
107670,0.21557388
107677,0.08035958
107680,0.7315115
107683,0.6552144
107684,0.10212895
107691,0.39865062
107692,0.4541638
107703,0.25998017
107709,0.15613782
107710,0.6389787
107721,0.70294744
107725,0.7025691
107727,0.42941174
107739,0.1276518
107740,0.43066904
107741,0.39969337
107747,0.20168802
107765,0.8199543
107768,0.10821818
107775,0.60288674
107782,0.80359536
107790,0.21080765
107801,0.20700034
107807,0.17625982
107811,0.28667638
107817,0.54791415
107826,0.34716934
107838,0.6906953
107839,0.346348
107843,0.54781216
107847,0.6222731
107849,0.62379897
107850,0.57637066
107867,0.6287524
107871,0.52672
107908,0.2926137
107913,0.36446103
107927,0.25457355
107931,0.25110206
107955,0.25840315
107962,0.5464518
107977,0.4699891
107978,0.4047129
107993,0.18594821
108010,0.3021238
108016,0.4244353
108018,0.82776296
108027,0.67073816
108045,0.80254245
108069,0.529312
108082,0.16025636
108089,0.561964
108092,0.18351965
108106,0.19184867
108112,0.43941793
108120,0.52081084
108122,0.78618795
108135,0.259915
108170,0.13778366
108171,0.43072715
108177,0.08011849
108180,0.4735876
108183,0.19860995
108184,0.16261986
108185,0.31284383
108192,0.6435592
108195,0.6577386
108196,0.5234945
108218,0.22317357
108219,0.64019984
108243,0.48400176
108249,0.10364094
108251,0.15706266
108274,0.33649418
108280,0.8631993
108289,0.46293795
108292,0.234899
108295,0.31713682
108327,0.21919419
108332,0.41646096
108346,0.2904598
108349,0.7319926
108353,0.42672804
108362,0.47741938
108363,0.30274734
108377,0.85180587
108378,0.55407727
108381,0.16982731
108383,0.69069743
108390,0.5654728
108407,0.12439639
108408,0.267867
108411,0.35562918
108412,0.31828022
108419,0.40643236
108436,0.7397531
108437,0.7598663
108438,0.49012116
108441,0.31060553
108448,0.12708227
108449,0.4407957
108466,0.11984427
108467,0.6793336
108473,0.28100497
108474,0.5108459
108476,0.26640233
108479,0.26160076
108486,0.03894868
108493,0.18706247
108501,0.22711709
108506,0.73809403
108510,0.47257632
108511,0.1913716
108514,0.4190031
108517,0.1360029
108519,0.5659845
108522,0.08085278
108548,0.72359586
108554,0.35859314
108555,0.5777992
108559,0.4327846
108562,0.24336272
108571,0.46115142
108572,0.28267977
108579,0.33402222
108583,0.15449023
108584,0.10452342
108592,0.14572978
108602,0.16352582
108609,0.27207392
108613,0.52598184
108616,0.43199852
108618,0.48648795
108620,0.16282311
108643,0.13673829
108649,0.25497243
108654,0.6851135
108655,0.12823746
108656,0.25170207
108667,0.5093352
108668,0.5947226
108682,0.40794432
108690,0.31299406
108691,0.4316882
108692,0.6069186
108695,0.36156836
108699,0.19052644
108710,0.72879714
108718,0.6767281
108739,0.57757086
108740,0.16339882
108741,0.051444195
108742,0.35309833
108763,0.04497113
108767,0.7010521
108769,0.5909554
108779,0.7347482
108788,0.2637065
108801,0.2903968
108802,0.35787255
108810,0.41493106
108811,0.20035459
108813,0.2131851
108814,0.7516685
108825,0.32445827
108826,0.53978896
108830,0.56644493
108834,0.3818558
108852,0.16744444
108887,0.6731793
108901,0.3227952
108908,0.1281574
108910,0.33053195
108920,0.3078296
108922,0.14402606
108929,0.619616
108930,0.14712991
108937,0.3793343
108938,0.299896
108943,0.6287318
108948,0.18542723
108953,0.39872035
108956,0.6394066
108965,0.13745202
108985,0.61975956
108986,0.65011764
108987,0.30190358
108990,0.12728252
108991,0.17757958
108993,0.8087058
109000,0.62929577
109001,0.51571804
109012,0.7967568
109014,0.34699544
109015,0.69916385
109021,0.29400346
109037,0.39590567
109042,0.7539121
109044,0.33886072
109046,0.8647718
109064,0.022626124
109084,0.37470937
109086,0.26691958
109092,0.11499826
109093,0.69175076
109100,0.5571459
109101,0.059206277
109110,0.26824662
109114,0.69543254
109126,0.5711763
109152,0.31066915
109162,0.46333382
109167,0.32984793
109168,0.53652227
109169,0.1872919
109179,0.37831014
109184,0.4875957
109191,0.5612618
109192,0.34302023
109193,0.063772805
109196,0.37914
109206,0.5273784
109210,0.10975007
109244,0.5798068
109249,0.13306284
109273,0.259399
109276,0.79545355
109281,0.1797176
109287,0.2868622
109297,0.53801185
109298,0.33517295
109306,0.3667463
109309,0.59389985
109321,0.72250324
109328,0.48460773
109336,0.20248093
109342,0.3449173
109346,0.15233615
109347,0.4275166
109348,0.6836183
109362,0.5184742
109363,0.13713561
109367,0.27452955
109370,0.055709552
109393,0.5096125
109405,0.2312405
109413,0.52306026
109414,0.83621866
109421,0.28497037
109427,0.4718619
109428,0.2378634
109429,0.6519361
109437,0.12235467
109443,0.21212521
109461,0.32487172
109468,0.33035433
109469,0.13889638
109471,0.47802284
109479,0.39452922
109484,0.10706916
109501,0.52528656
109505,0.22248551
109535,0.20976718
109539,0.12121952
109544,0.40864903
109545,0.11381715
109551,0.6908237
109553,0.20248598
109555,0.2745591
109561,0.36504224
109580,0.17762856
109583,0.8207378
109593,0.7504191
109604,0.5723944
109620,0.43124202
109635,0.08161855
109637,0.84753937
109638,0.47302145
109642,0.2547377
109649,0.2580951
109652,0.28402066
109656,0.16470309
109663,0.39326248
109696,0.68387717
109700,0.58626467
109709,0.5754835
109735,0.13307351
109740,0.27520457
109741,0.3713805
109749,0.47181332
109764,0.09765735
109771,0.48027533
109772,0.10719576
109773,0.632978
109798,0.37976447
109802,0.6326852
109804,0.37897593
109813,0.3991841
109818,0.4355502
109848,0.36784115
109850,0.22575517
109851,0.2572174
109855,0.21575744
109871,0.79802287
109877,0.39306062
109883,0.06470411
109886,0.14198622
109905,0.41841757
109936,0.8592959
109950,0.56026
109958,0.4570885
109959,0.43771863
109969,0.2898938
109971,0.13891979
109984,0.18693192
109985,0.6999278
109988,0.341056
109992,0.45838746
110005,0.37090626
110009,0.4463297
110011,0.76382965
110014,0.27118742
110026,0.2595338
110042,0.25384113
110058,0.09382531
110069,0.3695536
110080,0.1750331
110087,0.39899537
110091,0.2748293
110094,0.33602732
110098,0.67460704
110105,0.32616332
110117,0.33287695
110136,0.6769584
110138,0.55507356
110149,0.5601952
110164,0.59598154
110202,0.46491948
110212,0.0742424
110226,0.061071135
110236,0.17769566
110249,0.1287339
110257,0.54528433
110258,0.11645061
110277,0.16011544
110282,0.31001037
110284,0.28601843
110286,0.3191638
110289,0.18053107
110304,0.10174483
110319,0.4696569
110324,0.51851034
110326,0.11763009
110335,0.32369924
110337,0.5687277
110338,0.3897298
110343,0.1973265
110345,0.24290693
110347,0.674979
110355,0.023381194
110359,0.33327448
110360,0.6334576
110364,0.50620186
110371,0.47474444
110372,0.22347103
110376,0.50903374
110379,0.69323266
110380,0.27215677
110393,0.36388212
110401,0.8082815
110406,0.25422585
110411,0.34525084
110416,0.27849025
110420,0.07560517
110443,0.18333982
110465,0.28352585
110468,0.2311541
110469,0.57946783
110471,0.7178989
110487,0.7604705
110491,0.6265159
110504,0.4944451
110547,0.29705575
110550,0.10927131
110559,0.714766
110578,0.43090093
110582,0.45869246
110590,0.26779246
110598,0.35651413
110601,0.78272414
110602,0.27677494
110604,0.30682817
110625,0.68428516
110626,0.5903307
110636,0.7251837
110637,0.28285652
110638,0.5045932
110646,0.22795153
110648,0.266487
110652,0.3642502
110681,0.16258937
110682,0.3477054
110687,0.60301507
110691,0.08904031
110694,0.24280737
110695,0.34334952
110696,0.5864794
110708,0.12083306
110710,0.16884331
110717,0.3548393
110730,0.24075527
110740,0.3307031
110742,0.27783763
110747,0.3348182
110761,0.31096214
110766,0.130008
110769,0.18760015
110774,0.5469664
110803,0.23778895
110805,0.25985926
110809,0.8036209
110827,0.20575689
110832,0.21682115
110839,0.45786327
110859,0.7191826
110861,0.08279128
110863,0.5990842
110865,0.5596766
110881,0.51067334
110889,0.27732038
110891,0.1870328
110894,0.10085237
110895,0.62735987
110907,0.86095744
110914,0.49148044
110933,0.087972015
110934,0.078341454
110937,0.281642
110953,0.15497902
110954,0.69932014
110958,0.70586604
110970,0.462745
110974,0.53599083
110977,0.7434826
110989,0.05832742
110993,0.90808856
110994,0.72377443
111018,0.068062425
111019,0.23494269
111030,0.4695681
111032,0.49422386
111041,0.27983707
111045,0.33300868
111048,0.02899579
111052,0.3838293
111070,0.8070818
111084,0.6569498
111091,0.5684327
111104,0.084176704
111108,0.304632
111112,0.18253192
111127,0.06994462
111142,0.54881877
111146,0.79806644
111165,0.38259998
111168,0.15993275
111169,0.87570834
111172,0.2695898
111173,0.076024406
111174,0.60587066
111175,0.7008439
111176,0.44320497
111177,0.48502824
111180,0.10582103
111182,0.16651107
111192,0.09168665
111194,0.5475461
111196,0.7482622
111197,0.2013186
111198,0.23738821
111205,0.34161216
111207,0.31816056
111222,0.057230983
111228,0.35647985
111233,0.21786827
111256,0.2158277
111258,0.04577923
111262,0.17740972
111263,0.6144669
111267,0.101670876
111269,0.32460815
111276,0.34630486
111277,0.77020717
111279,0.4607404
111290,0.1573703
111294,0.0977422
111295,0.46138668
111315,0.7929628
111318,0.38177586
111327,0.20165028
111328,0.59502417
111332,0.5209554
111338,0.09978068
111343,0.6772872
111344,0.27166036
111345,0.8871113
111347,0.28642112
111356,0.13993625
111359,0.57184416
111367,0.20222941
111368,0.09564895
111391,0.73496675
111408,0.044684056
111412,0.57966787
111419,0.65460944
111422,0.2538711
111423,0.85283065
111439,0.35437554
111452,0.8993706
111456,0.41889358
111467,0.20948546
111478,0.62743205
111482,0.19772665
111488,0.6917085
111503,0.48430878
111510,0.12776883
111512,0.07281331
111518,0.5218968
111532,0.50844663
111537,0.062352054
111541,0.6163485
111544,0.5007692
111550,0.09928119
111554,0.6188488
111560,0.70098025
111566,0.2879291
111567,0.62984973
111592,0.26902688
111618,0.4703614
111620,0.40632778
111627,0.16827664
111641,0.69020236
111646,0.8206175
111652,0.3113489
111657,0.29526624
111664,0.21484692
111665,0.3802761
111669,0.16833033
111673,0.2287465
111687,0.08022427
111688,0.28563267
111689,0.20894079
111694,0.5213445
111695,0.35137728
111698,0.29084098
111703,0.06060784
111709,0.08677138
111712,0.19722146
111715,0.44090205
111724,0.38001686
111730,0.14650741
111747,0.24074408
111760,0.34337756
111761,0.21157542
111763,0.3317857
111776,0.14882869
111777,0.14409003
111781,0.0886835
111793,0.36952683
111804,0.77904034
111810,0.5379718
111816,0.40093985
111818,0.5244139
111830,0.16305704
111832,0.24849059
111841,0.15324157
111842,0.11722124
111843,0.46846464
111846,0.5168691
111848,0.7146498
111856,0.2080873
111857,0.100033216
111877,0.11083665
111882,0.18185635
111883,0.46665615
111891,0.07320329
111893,0.2188844
111901,0.24027833
111912,0.2954992
111913,0.22213122
111955,0.24037145
111958,0.28023294
111960,0.5807912
111967,0.3291007
112000,0.3443268
112003,0.5507055
112015,0.74326634
112019,0.84312373
112020,0.23286211
112028,0.21839917
112029,0.35208607
112031,0.38758168
112039,0.3583871
112042,0.24041522
112049,0.031987023
112052,0.67434293
112054,0.08738219
112055,0.17940982
112063,0.5038563
112070,0.268231
112071,0.27669394
112080,0.15413137
112083,0.18008557
112085,0.26730666
112089,0.56023717
112098,0.81269336
112100,0.28790113
112105,0.6501382
112124,0.33296278
112126,0.39269164
112127,0.20809872
112128,0.262829
112148,0.2161432
112149,0.19021477
112165,0.66375715
112170,0.1905972
112171,0.40557903
112176,0.5514519
112186,0.22657378
112199,0.48749936
112203,0.22609955
112214,0.4744766
112215,0.1353415
112216,0.37888587
112224,0.5259191
112225,0.3428208
112231,0.82242423
112234,0.4887008
112235,0.32701948
112236,0.45865214
112254,0.63786894
112265,0.5614026
112271,0.2681054
112284,0.14956845
112287,0.27735236
112295,0.72806
112303,0.58373415
112307,0.49399558
112310,0.14884272
112312,0.6277743
112313,0.11657191
112326,0.5675501
112333,0.25244376
112334,0.25987062
112339,0.28883484
112347,0.42037615
112350,0.4551851
112356,0.61343
112357,0.45512637
112359,0.5108725
112360,0.65314674
112371,0.79804283
112385,0.2560057
112392,0.38321447
112401,0.72545105
112405,0.42752716
112414,0.7003719
112429,0.38935235
112448,0.19815941
112467,0.5013857
112468,0.6066286
112469,0.58609927
112491,0.5871452
112500,0.5605009
112510,0.80341583
112535,0.5806383
112537,0.40428913
112551,0.14979848
112552,0.41772208
112556,0.57638514
112577,0.33652475
112590,0.46485913
112593,0.2704671
112596,0.7493408
112601,0.11416745
112604,0.60013753
112622,0.1283641
112655,0.19770582
112663,0.11160149
112667,0.056607425
112670,0.1933513
112676,0.4467729
112677,0.33029392
112679,0.1266074
112683,0.5275756
112688,0.30947536
112692,0.41454282
112696,0.7906944
112702,0.07008718
112709,0.12252134
112720,0.2884312
112735,0.20376465
112738,0.49086517
112742,0.11928043
112748,0.036960486
112749,0.1704476
112766,0.25320423
112767,0.20619074
112769,0.35297656
112771,0.6541537
112775,0.41956028
112794,0.46447465
112795,0.053763036
112796,0.19246937
112815,0.24638201
112817,0.51681876
112821,0.52430415
112822,0.46266803
112829,0.6140431
112831,0.739715
112835,0.28261584
112838,0.2668968
112842,0.3276022
112844,0.657346
112845,0.0983653
112846,0.29338998
112847,0.18304998
112867,0.4757461
112868,0.38818902
112874,0.3166738
112879,0.10967194
112882,0.6866251
112886,0.5576227
112895,0.33039537
112896,0.43666595
112902,0.30754462
112904,0.24378476
112917,0.8978148
112932,0.59464914
112944,0.36367035
112946,0.58666015
112947,0.40399078
112948,0.19208021
112966,0.57699966
112967,0.09832376
112971,0.4745486
112973,0.36211017
112974,0.26148644
112978,0.5903941
112988,0.23914902
112992,0.77809024
113003,0.2136253
113004,0.39667544
113007,0.84864163
113020,0.75680816
113025,0.75298
113032,0.12954126
113042,0.61080575
113047,0.22419234
113066,0.3487805
113067,0.71022594
113071,0.5404633
113087,0.48588252
113108,0.06854981
113109,0.2228107
113123,0.23319288
113128,0.8112256
113134,0.48151347
113151,0.4677394
113175,0.613551
113181,0.15722279
113188,0.6887715
113191,0.27355352
113193,0.72988707
113201,0.6644118
113209,0.39663896
113222,0.22441593
113248,0.1410122
113272,0.5234174
113276,0.055639718
113287,0.050264336
113302,0.26562083
113308,0.47153014
113316,0.7110092
113318,0.50067085
113320,0.2449905
113322,0.7941123
113325,0.52898216
113326,0.7264039
113332,0.5870856
113346,0.8166826
113352,0.15237945
113361,0.16693507
113362,0.15989836
113365,0.16833623
113366,0.25821012
113368,0.17685159
113382,0.08319284
113385,0.3224628
113390,0.5664886
113391,0.37628463
113393,0.5571814
113396,0.28216648
113397,0.3210359
113402,0.39294812
113403,0.30985475
113405,0.3434814
113406,0.50137013
113410,0.9250686
113413,0.31504953
113418,0.42830637
113419,0.13739753
113435,0.70475924
113438,0.49039486
113447,0.13553874
113458,0.6347951
113466,0.2765772
113475,0.30999613
113482,0.5230693
113490,0.20290035
113505,0.21400665
113508,0.47149104
113520,0.28907326
113532,0.38421473
113535,0.3123832
113549,0.22770566
113557,0.70289093
113558,0.18058354
113561,0.2723625
113566,0.39242423
113569,0.591708
113574,0.21497482
113576,0.58513135
113577,0.4423971
113585,0.27829894
113587,0.6428197
113599,0.5449228
113601,0.19278143
113602,0.24117188
113605,0.33538976
113609,0.66581464
113611,0.4742322
113616,0.42901275
113627,0.93854445
113631,0.71583915
113643,0.36295295
113652,0.67425895
113657,0.09392132
113659,0.079852514
113672,0.43736765
113680,0.2679718
113692,0.5329994
113694,0.28534952
113695,0.6789701
113701,0.30539683
113733,0.29956865
113738,0.32270312
113740,0.5389406
113742,0.13945785
113777,0.06079937
113783,0.6779067
113788,0.2692014
113789,0.5268253
113791,0.54237366
113795,0.5606804
113799,0.4790027
113805,0.13708283
113820,0.33832815
113822,0.16863376
113824,0.20714658
113829,0.5097406
113832,0.1404832
113833,0.44684985
113841,0.2227867
113849,0.37402153
113862,0.45199403
113863,0.5274586
113864,0.21380076
113870,0.17094965
113875,0.35439843
113882,0.20196477
113887,0.571928
113894,0.42720738
113909,0.17303798
113930,0.6996123
113936,0.6119148
113939,0.30866742
113942,0.50920725
113943,0.8157092
113945,0.6140129
113947,0.084867895
113950,0.1469792
113951,0.5940737
113957,0.45899323
113966,0.69092906
113967,0.4023931
113977,0.4058647
113984,0.5891697
113986,0.4148334
113992,0.16791528
113998,0.0758429
113999,0.83311033
114003,0.3904088
114010,0.23759308
114011,0.72209585
114032,0.051847562
114047,0.41528133
114055,0.33487314
114056,0.77590114
114064,0.78536606
114065,0.24369535
114067,0.43948543
114068,0.10455006
114075,0.2330172
114076,0.47135973
114077,0.10003719
114094,0.26987895
114095,0.14870685
114109,0.5114725
114114,0.5855344
114116,0.14050515
114127,0.2335444
114158,0.1925579
114168,0.5807049
114169,0.6451909
114171,0.4583921
114180,0.8584766
114193,0.099672705
114198,0.2737635
114201,0.22898242
114202,0.70947576
114207,0.3848024
114210,0.7068614
114221,0.32327116
114222,0.42848226
114227,0.592127
114250,0.10487602
114253,0.45763427
114265,0.48015273
114267,0.6218951
114273,0.8331216
114280,0.83903635
114281,0.42477396
114283,0.87841487
114291,0.75742126
114310,0.6731877
114316,0.095388524
114326,0.110755846
114327,0.30151168
114339,0.37223086
114352,0.2585342
114359,0.66671413
114360,0.42273095
114382,0.6061244
114396,0.6952679
114397,0.32004863
114415,0.47402817
114425,0.35034508
114434,0.3050079
114456,0.72726804
114463,0.17595664
114469,0.06053586
114476,0.13033636
114480,0.04207879
114482,0.6220266
114492,0.04858631
114493,0.48859435
114501,0.28615186
114506,0.58942646
114510,0.12735842
114515,0.8073141
114524,0.708758
114545,0.5742851
114546,0.102564
114560,0.2564396
114562,0.48924527
114563,0.25822353
114566,0.6366715
114599,0.29082727
114601,0.04386014
114607,0.6037856
114612,0.12738624
114622,0.5199696
114625,0.8625114
114634,0.6674365
114635,0.27715364
114641,0.054739315
114644,0.38696146
114645,0.36658627
114651,0.21164131
114653,0.05171417
114654,0.4551525
114667,0.23166077
114668,0.79319245
114670,0.25867108
114686,0.6513165
114688,0.6770422
114690,0.40501994
114691,0.077785835
114700,0.19709052
114706,0.16135256
114740,0.4342247
114741,0.49124703
114755,0.097059555
114757,0.1007994
114767,0.34946045
114772,0.8130972
114780,0.5697498
114782,0.3128835
114791,0.11051868
114815,0.49787226
114823,0.42137715
114835,0.2560335
114838,0.068678826
114840,0.20683534
114842,0.34131792
114844,0.55552197
114850,0.7432916
114853,0.09743245
114856,0.77791375
114857,0.34379727
114858,0.5953602
114864,0.4367462
114871,0.19906455
114875,0.36813453
114879,0.36967972
114893,0.21032737
114912,0.46387634
114922,0.33704984
114930,0.12558554
114945,0.2078072
114951,0.09483594
114958,0.37142637
114962,0.36566576
114976,0.47865298
114978,0.33842954
114987,0.46040425
115002,0.19320057
115005,0.33776116
115023,0.77123326
115030,0.067632504
115033,0.6828919
115034,0.45958266
115038,0.06731275
115046,0.40161777
115049,0.4787287
115055,0.24336872
115059,0.43992165
115076,0.37109143
115078,0.3318214
115081,0.36746594
115085,0.16280362
115096,0.48874977
115101,0.23040092
115114,0.3392336
115119,0.26869813
115121,0.26569933
115122,0.40520993
115144,0.36205402
115147,0.6042626
115151,0.114225954
115172,0.15926942
115175,0.45036963
115183,0.07233884
115185,0.65348136
115197,0.35900947
115200,0.36035973
115207,0.35384074
115217,0.042692438
115230,0.50218433
115237,0.14331976
115246,0.1592636
115251,0.20575017
115269,0.51694506
115290,0.38829246
115299,0.2794865
115309,0.54423046
115310,0.36843556
115311,0.071068145
115312,0.16147779
115323,0.08756695
115324,0.2536625
115341,0.75435734
115342,0.34774148
115343,0.123034924
115350,0.4919104
115354,0.44752532
115360,0.5281315
115368,0.19905807
115373,0.34205925
115396,0.7623491
115400,0.60343397
115401,0.38322005
115404,0.09850298
115405,0.6054882
115406,0.22859196
115407,0.055397097
115412,0.08188624
115413,0.29171813
115415,0.30376536
115423,0.20612119
115427,0.6305605
115428,0.07415068
115439,0.45750466
115440,0.7252745
115447,0.32458133
115450,0.34048954
115457,0.42708966
115459,0.47643244
115463,0.21254766
115473,0.7046584
115477,0.16838
115479,0.19730766
115480,0.46206006
115481,0.1973275
115485,0.54815185
115489,0.29381412
115495,0.14523508
115500,0.33819154
115521,0.47200346
115572,0.1393415
115580,0.10142632
115582,0.17859045
115586,0.09939668
115587,0.6193841
115588,0.3656685
115591,0.46268812
115592,0.2106943
115618,0.07299437
115619,0.49703118
115621,0.8677344
115632,0.6960034
115646,0.49103522
115658,0.34866366
115671,0.25930914
115680,0.27796656
115686,0.4317468
115688,0.11014231
115705,0.59562147
115707,0.15454584
115708,0.3851006
115726,0.7994241
115759,0.2149086
115773,0.066843934
115777,0.06361255
115778,0.6947885
115781,0.10332439
115801,0.89881974
115804,0.45940146
115810,0.34658748
115812,0.5950919
115820,0.7752485
115827,0.29251227
115831,0.47193813
115841,0.35863537
115846,0.70658356
115852,0.16993672
115857,0.15164353
115858,0.6160197
115860,0.24164009
115865,0.18415423
115867,0.64925164
115869,0.49702248
115877,0.40180036
115904,0.5061421
115913,0.22537124
115916,0.09241995
115928,0.3466217
115932,0.16103703
115933,0.27007067
115937,0.8076086
115938,0.2277682
115957,0.27665967
115958,0.35616535
115969,0.06591725
115980,0.31066817
115984,0.0876888
116006,0.32949245
116007,0.6468266
116008,0.54247797
116009,0.58261657
116011,0.12560648
116012,0.6131419
116015,0.8464811
116025,0.54155517
116047,0.14773203
116052,0.4378206
116068,0.08961059
116077,0.3031796
116084,0.12817582
116089,0.17914058
116093,0.18520242
116097,0.49736738
116102,0.5165242
116118,0.22410694
116119,0.1241078
116125,0.4313506
116128,0.3805443
116135,0.16197269
116140,0.71644217
116141,0.13482785
116142,0.53598875
116153,0.38426277
116156,0.14389782
116157,0.33997968
116167,0.1736417
116168,0.5813881
116175,0.27265948
116187,0.24840137
116189,0.5755931
116191,0.6012613
116201,0.7377995
116210,0.4852884
116213,0.34225106
116215,0.6813847
116223,0.371491
116226,0.14854658
116228,0.11744515
116241,0.13493171
116247,0.1342935
116266,0.27341866
116276,0.8569829
116287,0.08444297
116289,0.46762908
116292,0.31117934
116306,0.23036918
116309,0.14151867
116312,0.13872893
116313,0.32616723
116335,0.21008173
116342,0.51474214
116348,0.12951367
116367,0.22909133
116380,0.57812893
116383,0.67398244
116389,0.5822904
116395,0.52774525
116397,0.26453322
116398,0.75006443
116402,0.56987107
116404,0.3220368
116406,0.13958476
116424,0.45623586
116428,0.05236184
116436,0.312687
116440,0.2099929
116448,0.23842435
116458,0.18803833
116466,0.26659924
116469,0.20073535
116473,0.47090164
116474,0.4129536
116479,0.36976156
116480,0.2299379
116491,0.045890257
116493,0.15611807
116505,0.54851043
116511,0.19415884
116525,0.19376498
116535,0.4398225
116544,0.23626822
116546,0.0792435
116562,0.20663963
116565,0.31193897
116578,0.21294178
116579,0.256128
116580,0.6863203
116582,0.072231784
116584,0.11620417
116586,0.23955554
116596,0.24086376
116597,0.5363949
116598,0.30290866
116604,0.8613446
116608,0.15026711
116609,0.44086915
116613,0.2374235
116614,0.42459068
116615,0.42700356
116633,0.46211088
116637,0.3750935
116643,0.25092041
116647,0.54842025
116656,0.44349864
116659,0.36657026
116662,0.3550409
116676,0.29590952
116680,0.40328056
116681,0.29360065
116683,0.5951353
116684,0.26561034
116712,0.2647095
116720,0.34842947
116726,0.5948208
116729,0.18229915
116737,0.7190423
116745,0.15174517
116747,0.3706896
116766,0.09019645
116781,0.32471547
116783,0.2423528
116787,0.24159302
116788,0.8128962
116789,0.031171093
116801,0.12220536
116803,0.21821983
116804,0.6103602
116806,0.2508337
116815,0.3172438
116817,0.20522363
116825,0.4458433
116828,0.15101625
116829,0.12484739
116853,0.6958322
116854,0.65290123
116859,0.46528086
116860,0.48235628
116865,0.2958271
116872,0.7462084
116880,0.673378
116882,0.41382435
116893,0.59029573
116896,0.41030136
116906,0.07263068
116908,0.3463009
116925,0.051479097
116926,0.7084219
116948,0.40186372
116949,0.5377705
116955,0.32572377
116964,0.19846813
116974,0.28530526
116976,0.7695466
116990,0.1773154
116993,0.2903224
116994,0.6569883
116997,0.71906674
117003,0.10935636
117007,0.3601048
117011,0.36162618
117012,0.37867627
117019,0.06556231
117021,0.07366849
117030,0.44361448
117036,0.35944334
117043,0.59252864
117054,0.26183265
117070,0.43579683
117077,0.7828135
117087,0.37831312
117093,0.42831248
117105,0.32756066
117112,0.3461709
117129,0.859209
117135,0.7134559
117138,0.506788
117142,0.27601242
117148,0.78807074
117157,0.5668137
117170,0.18515061
117171,0.0769277
117172,0.41668186
117178,0.486936
117186,0.30621633
117187,0.5874513
117193,0.6361856
117194,0.61087024
117199,0.11851789
117207,0.2721783
117211,0.34363842
117216,0.8423353
117217,0.24918003
117218,0.2458953
117219,0.31344962
117224,0.314765
117225,0.08211811
117239,0.4490602
117242,0.35892716
117249,0.63404375
117255,0.48418736
117257,0.655248
117272,0.0705783
117284,0.7857788
117287,0.26231676
117293,0.17989986
117298,0.77936924
117299,0.13080937
117307,0.10973435
117321,0.28163493
117323,0.39999947
117326,0.2693096
117327,0.48038897
117341,0.11167325
117350,0.56856495
117362,0.68476325
117375,0.23746876
117391,0.55635065
117392,0.353822
117396,0.66225743
117399,0.37148
117400,0.42493397
117402,0.36734024
117406,0.6093209
117417,0.8692621
117418,0.33312047
117425,0.5939777
117428,0.22396977
117443,0.45903367
117448,0.1670073
117449,0.05411102
117450,0.7354353
117463,0.3651915
117467,0.23937501
117478,0.31498277
117480,0.79267067
117483,0.6819002
117484,0.3708851
117495,0.43820852
117498,0.06017451
117501,0.5493721
117503,0.5315557
117520,0.87096363
117524,0.53244025
117525,0.6133211
117526,0.698306
117527,0.4512713
117531,0.12116016
117545,0.47044194
117547,0.8078102
117557,0.3410367
117563,0.40041107
117564,0.39382634
117598,0.786665
117599,0.48204827
117610,0.20598441
117614,0.3593751
117616,0.83113474
117623,0.39027637
117625,0.83510274
117633,0.23077025
117634,0.4364355
117639,0.5424342
117652,0.13435738
117653,0.7098221
117660,0.46009764
117661,0.08089267
117662,0.43313178
117676,0.42928928
117677,0.77414393
117681,0.26094383
117684,0.36089137
117707,0.2562604
117736,0.77596176
117737,0.6246972
117741,0.41769612
117746,0.5674914
117753,0.6392996
117755,0.3608515
117775,0.3154234
117784,0.57629687
117786,0.34372273
117791,0.30763984
117801,0.52833605
117805,0.13268177
117816,0.14560394
117824,0.5266464
117835,0.5251964
117837,0.27627194
117847,0.31541654
117853,0.43651217
117854,0.39519078
117886,0.33454156
117900,0.13936648
117920,0.91711473
117924,0.2915237
117925,0.7473614
117934,0.25166786
117957,0.5014051
117959,0.68898684
117967,0.71733016
117969,0.65799797
117981,0.15756173
117982,0.19492474
117996,0.69963133
118000,0.60914475
118018,0.58774185
118025,0.5118274
118026,0.8530406
118044,0.29119703
118045,0.71456057
118048,0.26647297
118055,0.1630818
118058,0.10200486
118060,0.7140621
118066,0.03481151
118071,0.29251808
118072,0.62796617
118082,0.28011072
118089,0.56978816
118106,0.2619481
118115,0.33647573
118127,0.89404804
118144,0.5841621
118150,0.23116544
118151,0.24277897
118157,0.7861704
118162,0.15265413
118163,0.13943411
118166,0.17756328
118181,0.27948317
118191,0.24449047
118202,0.7685009
118205,0.5214655
118214,0.23569645
118251,0.6627654
118264,0.69352144
118271,0.8838986
118272,0.5170822
118276,0.76469374
118287,0.82840514
118291,0.057376545
118292,0.2788993
118294,0.17952697
118305,0.37348908
118312,0.37925684
118319,0.33905855
118321,0.12732486
118326,0.75262266
118342,0.7527324
118343,0.22335275
118353,0.4568014
118354,0.19903459
118358,0.304935
118359,0.44199547
118365,0.64932513
118367,0.10878668
118368,0.2612586
118371,0.27024758
118378,0.4049086
118379,0.40053523
118383,0.13731721
118386,0.39824906
118387,0.15195024
118400,0.3327425
118403,0.5335634
118428,0.49185017
118440,0.45015606
118459,0.26004606
118490,0.24884324
118491,0.43245393
118492,0.34240824
118498,0.4031602
118499,0.44841772
118509,0.49707684
118518,0.2558852
118531,0.55606276
118532,0.1776471
118546,0.05154435
118548,0.33692726
118558,0.55175626
118560,0.6900742
118561,0.19731596
118562,0.69782275
118564,0.34957817
118569,0.48394826
118578,0.44579262
118585,0.3435609
118591,0.13920039
118592,0.55030996
118594,0.3631383
118611,0.081363976
118614,0.32909805
118622,0.2733458
118641,0.4853755
118642,0.2522446
118650,0.16024242
118666,0.42906347
118696,0.5212887
118697,0.12544483
118710,0.12932989
118717,0.5586146
118720,0.15257607
118735,0.13361219
118747,0.19970714
118750,0.45132363
118789,0.3296364
118791,0.49065858
118803,0.64873827
118804,0.36631757
118806,0.7661333
118809,0.5695499
118823,0.5332897
118842,0.41431403
118871,0.8847087
118874,0.6498505
118876,0.38764784
118886,0.6333831
118888,0.5983826
118889,0.18073711
118894,0.46491998
118898,0.10578655
118905,0.772007
118911,0.13435985
118915,0.15995264
118916,0.59974325
118925,0.2536664
118926,0.4719788
118929,0.39044553
118935,0.1997187
118947,0.46540818
118951,0.1879027
118953,0.32394293
118960,0.5101512
118973,0.581571
119001,0.3516336
119003,0.7266784
119009,0.47852445
119011,0.2454462
119012,0.46089846
119014,0.30007455
119025,0.12406176
119047,0.5357873
119049,0.17603363
119057,0.47397056
119062,0.096600465
119064,0.18683894
119069,0.55313826
119079,0.06517221
119088,0.069366515
119091,0.8120256
119095,0.5903543
119104,0.50252795
119108,0.75089175
119109,0.41070044
119115,0.4869325
119125,0.2171048
119146,0.4246131
119148,0.37145603
119160,0.8037434
119164,0.8737244
119169,0.46899563
119179,0.54991996
119187,0.19876963
119191,0.2505587
119205,0.057539146
119207,0.34719014
119208,0.10662317
119217,0.43681467
119230,0.28402343
119232,0.47651508
119236,0.7019696
119238,0.3104888
119240,0.40089065
119250,0.53975916
119251,0.58624566
119252,0.33758903
119266,0.19321093
119267,0.2467289
119270,0.61865294
119272,0.5874377
119276,0.5828899
119281,0.10629619
119295,0.37101185
119313,0.6939186
119318,0.22531913
119321,0.47235793
119340,0.3773506
119341,0.09640368
119344,0.45492932
119348,0.34015095
119353,0.20912571
119361,0.38094428
119362,0.9481508
119376,0.6903083
119383,0.48917472
119391,0.66607493
119394,0.45834523
119395,0.45765093
119415,0.2295468
119430,0.73012275
119441,0.09540033
119454,0.47846416
119468,0.35745895
119474,0.8157564
119492,0.2628838
119496,0.69387716
119500,0.5392486
119501,0.63657475
119510,0.34568533
119518,0.22071642
119524,0.69057477
119533,0.4170094
119540,0.59855527
119553,0.08895329
119573,0.24728183
119593,0.3819508
119594,0.13192017
119595,0.83053
119596,0.5278287
119607,0.85411716
119609,0.22176948
119616,0.41735092
119618,0.49910682
119619,0.7963836
119628,0.44218525
119630,0.15534875
119632,0.2279037
119648,0.8919298
119671,0.38903105
119675,0.47823483
119683,0.5353898
119689,0.17806387
119697,0.3946622
119698,0.8166514
119702,0.79252446
119709,0.3302631
119715,0.053993605
119718,0.046414103
119719,0.8698087
119731,0.7204184
119736,0.54840046
119745,0.6181642
119749,0.109388664
119751,0.31436834
119757,0.7532576
119761,0.1868982
119762,0.50832945
119771,0.5417882
119778,0.35184202
119784,0.17034744
119788,0.23067506
119802,0.041926365
119803,0.59433615
119806,0.49340296
119810,0.2150728
119811,0.49706274
119813,0.671264
119820,0.6163461
119821,0.8689653
119842,0.29679126
119843,0.20550679
119844,0.23549815
119861,0.14163199
119866,0.2821634
119868,0.22354633
119875,0.61601704
119896,0.88925517
119898,0.038866792
119921,0.30983678
119922,0.37560293
119929,0.4402627
119934,0.43451557
119938,0.20819789
119947,0.08812161
119948,0.8974178
119967,0.64918566
119977,0.32489312
119980,0.43649995
119984,0.5774694
119989,0.62503713
119990,0.41300657
119994,0.43152767
119999,0.6578642
120004,0.2813272
120020,0.7459822
120030,0.1620104
120036,0.36275554
120050,0.85425204
120051,0.8172936
120053,0.606526
120075,0.2936501
120076,0.0703451
120088,0.14247783
120099,0.31117272
120101,0.30307382
120102,0.16018434
120108,0.07025439
120145,0.49489123
120146,0.47310236
120154,0.2564927
120156,0.3548443
120165,0.40105265
120166,0.22588901
120176,0.45143557
120179,0.73364574
120182,0.14429396
120198,0.19074684
120205,0.6428073
120208,0.48022166
120214,0.17945874
120220,0.52099365
120227,0.42247793
120233,0.5969363
120240,0.18932994
120243,0.18761934
120266,0.44420552
120268,0.737213
120280,0.42541316
120281,0.4191779
120284,0.21901903
120298,0.15562278
120304,0.44203454
120306,0.44833338
120320,0.48800632
120325,0.23370184
120326,0.41539302
120335,0.7962053
120341,0.15626843
120343,0.27899233
120388,0.17358953
120390,0.4360791
120404,0.07562968
120405,0.4305879
120408,0.72862774
120415,0.57059854
120421,0.86863726
120422,0.36609188
120433,0.23925954
120437,0.77957195
120440,0.22060135
120441,0.42062515
120449,0.6342521
120457,0.5875034
120459,0.14606741
120460,0.12166597
120463,0.6594605
120464,0.24127726
120470,0.68735653
120488,0.6535359
120535,0.1260244
120538,0.2760979
120539,0.70842993
120541,0.5770803
120562,0.27417645
120570,0.30908215
120580,0.42013136
120581,0.36489177
120591,0.8557018
120593,0.566337
120598,0.116860114
120603,0.2109249
120607,0.7004056
120642,0.22516687
120647,0.3039964
120649,0.06567755
120664,0.17992695
120665,0.14845529
120671,0.46464968
120678,0.26010677
120679,0.20091242
120680,0.6828043
120681,0.43801174
120691,0.6461195
120696,0.16225643
120697,0.6520021
120713,0.52750295
120721,0.45916104
120725,0.34636778
120734,0.67034876
120740,0.78458863
120748,0.6177674
120755,0.40174663
120759,0.18766347
120761,0.48044324
120764,0.59944147
120770,0.59072804
120777,0.20498584
120796,0.08493083
120803,0.64973545
120809,0.3769108
120811,0.16897029
120826,0.5101066
120829,0.35867533
120832,0.29688093
120840,0.72544456
120857,0.49044177
120885,0.31498635
120891,0.22581159
120894,0.10988843
120905,0.6786281
120913,0.29453328
120914,0.19543114
120918,0.14164762
120921,0.26950473
120923,0.4668254
120927,0.63433784
120928,0.6885313
120934,0.7495161
120936,0.36177123
120942,0.21122557
120946,0.3957712
120947,0.37339634
120953,0.30403954
120955,0.119569995
120956,0.68270946
120977,0.36643538
120980,0.7347226
120981,0.22091804
120982,0.025317658
120991,0.69113857
121011,0.32268846
121013,0.14110968
121018,0.4843315
121020,0.2208224
121037,0.091759324
121038,0.085654706
121039,0.25316033
121045,0.66068
121046,0.108244956
121059,0.78590053
121066,0.69834495
121078,0.7544913
121080,0.71195006
121081,0.1844553
121086,0.6054688
121099,0.5693677
121100,0.459751
121107,0.6938551
121108,0.40669742
121111,0.3559251
121130,0.49375227
121131,0.71851254
121135,0.73341596
121152,0.13477176
121156,0.13415167
121160,0.46305582
121162,0.7764062
121175,0.5146444
121181,0.15377401
121186,0.25844416
121197,0.06023618
121201,0.8221651
121208,0.27209643
121215,0.5674733
121220,0.7806897
121225,0.7545838
121227,0.111508764
121228,0.689093
121243,0.64007217
121258,0.62534845
121259,0.30728158
121265,0.17228833
121279,0.29160294
121280,0.48520875
121281,0.67579347
121283,0.20515338
121288,0.28635004
121296,0.16771537
121300,0.45156893
121308,0.65611076
121321,0.58878994
121323,0.21263966
121332,0.22936669
121334,0.25734946
121348,0.1707835
121350,0.10312435
121351,0.53337055
121363,0.10424371
121379,0.6462561
121380,0.45221567
121383,0.29387245
121387,0.5014265
121414,0.3196205
121416,0.1322477
121422,0.5125212
121423,0.19498181
121427,0.453171
121431,0.1247841
121438,0.23424836
121460,0.5356405
121479,0.0509243
121482,0.42265263
121483,0.658758
121488,0.38367963
121489,0.7251102
121492,0.4252176
121502,0.13922141
121503,0.14599776
121513,0.23800105
121544,0.3978572
121545,0.21386299
121546,0.19080605
121552,0.6314052
121553,0.27235028
121556,0.46421787
121557,0.36167577
121583,0.25957388
121588,0.19362995
121596,0.5975471
121597,0.09934718
121612,0.099222794
121618,0.27428547
121619,0.20694028
121621,0.31773183
121622,0.32204983
121626,0.45685485
121628,0.3001175
121630,0.9094153
121631,0.25215134
121632,0.5155718
121641,0.5031173
121695,0.37751895
121733,0.7772158
121754,0.38226467
121762,0.6294054
121765,0.07700129
121766,0.098106995
121771,0.17699458
121772,0.9279807
121778,0.828737
121791,0.16781266
121792,0.1621456
121822,0.58699423
121825,0.7130552
121832,0.06955036
121841,0.35677317
121846,0.18241024
121850,0.36396343
121851,0.2088439
121853,0.83040774
121857,0.34129238
121862,0.35783267
121863,0.15953925
121875,0.14345226
121881,0.45061204
121896,0.7101954
121901,0.09324939
121908,0.55211985
121909,0.59846234
121916,0.36868092
121919,0.29661393
121921,0.429523
121933,0.37118647
121947,0.4205149
121948,0.6995186
121963,0.69939685
121968,0.29362085
121970,0.18153714
121978,0.44489673
121991,0.5995204
121996,0.3894607
121997,0.8708844
122000,0.6299987
122015,0.42677203
122017,0.40769127
122027,0.6765409
122044,0.117884286
122047,0.500103
122055,0.6891324
122065,0.45874766
122069,0.1661902
122074,0.47223267
122086,0.40622818
122089,0.40584615
122099,0.06134187
122102,0.16745672
122118,0.37573183
122124,0.2118047
122125,0.14393027
122129,0.20824432
122133,0.37502733
122135,0.37728262
122136,0.29936433
122142,0.47960675
122154,0.09137896
122158,0.677803
122160,0.20039718
122165,0.1369053
122166,0.466598
122170,0.22439724
122175,0.10939115
122192,0.45975283
122207,0.1345192
122210,0.30002463
122215,0.29213393
122222,0.1376258
122234,0.8392333
122235,0.15412143
122236,0.19860116
122248,0.82125723
122256,0.12374146
122257,0.06768578
122258,0.409494
122259,0.07613479
122260,0.55719435
122264,0.2693347
122266,0.76895213
122268,0.2379717
122271,0.64318544
122283,0.32944182
122286,0.1685031
122288,0.077816166
122301,0.30003092
122313,0.16726626
122322,0.36889583
122323,0.25294665
122324,0.24419044
122336,0.36297232
122338,0.65849864
122349,0.22163542
122351,0.46642828
122354,0.37778524
122358,0.38968605
122376,0.70621574
122378,0.49669886
122387,0.31362638
122392,0.5456601
122405,0.8118573
122409,0.4329816
122411,0.5933434
122415,0.41985747
122416,0.50725037
122425,0.8487541
122452,0.67663324
122453,0.7211538
122456,0.44635174
122458,0.7290564
122465,0.347387
122468,0.10196758
122477,0.13666907
122483,0.20734575
122517,0.67464954
122521,0.8090834
122537,0.2160329
122538,0.3455717
122552,0.64260685
122557,0.5155249
122561,0.14692585
122568,0.5690884
122573,0.65327585
122583,0.57785463
122590,0.5053356
122609,0.16251095
122617,0.12183023
122621,0.34128445
122635,0.66014606
122638,0.5005772
122639,0.56234074
122644,0.15973607
122675,0.44711992
122699,0.6841025
122703,0.45408827
122706,0.2692661
122712,0.48487988
122730,0.43270236
122731,0.11450806
122736,0.23898357
122741,0.2838014
122745,0.12808219
122751,0.6894291
122768,0.24112801
122785,0.6100296
122797,0.547001
122812,0.600311
122816,0.13890916
122817,0.23974362
122826,0.6596536
122838,0.44760108
122845,0.13925299
122848,0.47608835
122850,0.11438735
122856,0.09289824
122862,0.44108966
122869,0.77325386
122871,0.5174218
122874,0.8113317
122875,0.26117775
122885,0.39515373
122901,0.38769114
122902,0.36214358
122903,0.53918576
122904,0.14250809
122910,0.32751417
122921,0.3137573
122925,0.2447969
122964,0.18524612
122975,0.36371523
122977,0.37533265
122984,0.77989525
122999,0.35300586
123004,0.8816641
123009,0.5021707
123012,0.45859244
123018,0.2089374
123025,0.6124652
123037,0.053590257
123038,0.47405875
123039,0.26243204
123045,0.38075608
123046,0.071714774
123051,0.39549628
123052,0.33800882
123056,0.5579084
123061,0.40483606
123072,0.62354815
123074,0.3335999
123086,0.4877371
123087,0.35586667
123091,0.8117967
123094,0.2025626
123105,0.5061742
123110,0.34820846
123113,0.45139134
123114,0.63098127
123124,0.1724226
123131,0.1806408
123136,0.8666067
123146,0.21302079
123147,0.2780782
123155,0.4530712
123163,0.26743624
123182,0.2536783
123196,0.44583195
123200,0.38650605
123204,0.21710762
123207,0.12561439
123210,0.10905085
123215,0.60969704
123227,0.04829176
123234,0.24751261
123239,0.689587
123249,0.59469765
123252,0.5542632
123255,0.1052846
123257,0.105820216
123260,0.344332
123263,0.6853037
123274,0.32773218
123275,0.45252135
123276,0.16055487
123292,0.18053097
123308,0.28280818
123316,0.23018853
123328,0.09354311
123330,0.54782224
123331,0.5344182
123334,0.7115058
123343,0.03630939
123344,0.31319466
123345,0.20483077
123352,0.31015804
123356,0.24026857
123365,0.5177313
123368,0.46919543
123376,0.19608085
123381,0.22050741
123384,0.25918537
123389,0.3421629
123401,0.6018588
123419,0.12970635
123433,0.5952255
123438,0.60137546
123441,0.62598616
123456,0.6172439
123457,0.60996205
123476,0.088106126
123477,0.25754264
123489,0.6339517
123490,0.29286075
123496,0.70080316
123502,0.46426782
123503,0.62511295
123513,0.3220912
123515,0.45236325
123530,0.4297123
123532,0.34211743
123537,0.25963634
123539,0.5961965
123540,0.3356967
123546,0.26332414
123547,0.7905109
123554,0.55113834
123572,0.22845316
123574,0.6770213
123575,0.6672988
123576,0.077034816
123584,0.30758974
123586,0.5300867
123591,0.3439024
123606,0.11993004
123607,0.3937872
123615,0.09990245
123616,0.7606446
123619,0.6766423
123621,0.4350439
123622,0.13318723
123633,0.37750417
123635,0.5658871
123658,0.54103965
123659,0.2565816
123663,0.6355918
123666,0.4602428
123670,0.34854448
123678,0.2651938
123688,0.5900889
123707,0.11710953
123709,0.69620895
123720,0.46879688
123741,0.24063267
123751,0.4577042
123759,0.5262365
123765,0.5589601
123766,0.553655
123793,0.7174931
123794,0.22595377
123809,0.50364614
123837,0.21684219
123839,0.17339878
123843,0.40429124
123851,0.5269477
123854,0.5049204
123860,0.12090278
123863,0.59642076
123879,0.45167327
123888,0.6569711
123891,0.3857399
123912,0.11822491
123942,0.26416996
123952,0.615326
123953,0.26048043
123958,0.5259005
123966,0.09999871
123977,0.16195463
123981,0.15848374
124000,0.07130864
124023,0.1984188
124026,0.07575415
124027,0.33131602
124033,0.37062094
124053,0.48895872
124057,0.1924183
124065,0.62805665
124074,0.1350183
124079,0.6024964
124095,0.28299385
124110,0.6006678
124138,0.19908598
124167,0.5272872
124168,0.46577066
124175,0.1737575
124176,0.68903327
124181,0.3070189
124195,0.3063917
124197,0.09456515
124206,0.04989628
124225,0.25853518
124230,0.490559
124231,0.5783769
124253,0.55533767
124257,0.52212167
124263,0.38465115
124277,0.34972376
124285,0.1856118
124289,0.08334198
124299,0.88359493
124303,0.41748986
124309,0.828433
124316,0.5721056
124319,0.6219641
124335,0.66487515
124347,0.75151795
124359,0.60117525
124362,0.068508655
124363,0.71209
124389,0.15894604
124390,0.20570055
124393,0.71358836
124401,0.92431134
124406,0.14220527
124407,0.40072238
124416,0.56933075
124423,0.22857496
124429,0.2115746
124431,0.57740235
124439,0.07973753
124441,0.28255737
124451,0.54728496
124454,0.16422324
124463,0.81526726
124492,0.3781805
124493,0.49171034
124503,0.3085813
124506,0.5000456
124514,0.4658125
124516,0.08379704
124519,0.08381319
124520,0.59554696
124539,0.36743334
124545,0.74282295
124546,0.39021567
124552,0.42316952
124553,0.7976853
124555,0.108811416
124575,0.13028586
124586,0.4880422
124587,0.1860193
124591,0.83655334
124595,0.338432
124597,0.6600452
124625,0.54073906
124628,0.40584326
124647,0.7366986
124648,0.16777904
124654,0.5573423
124655,0.4012067
124656,0.15406741
124658,0.3387806
124674,0.66472656
124675,0.18085343
124686,0.531999
124696,0.67808074
124698,0.15636235
124702,0.4855285
124704,0.48279458
124705,0.16726354
124719,0.15716487
124732,0.06432832
124734,0.5643201
124737,0.08077525
124742,0.6504813
124793,0.37470937
124816,0.85631543
124820,0.07588377
124823,0.6815826
124826,0.20376502
124829,0.16440155
124844,0.579693
124850,0.21029246
124866,0.30300385
124868,0.17317228
124874,0.3995959
124875,0.35928088
124876,0.16710806
124887,0.50248915
124893,0.7653139
124901,0.15009737
124905,0.71482444
124906,0.4654082
124931,0.41598883
124938,0.16991684
124940,0.8002326
124947,0.46389574
124948,0.4462429
124949,0.23312667
124971,0.6544471
124974,0.38621265
124976,0.28907478
125004,0.58365417
125025,0.41315687
125029,0.54115814
125031,0.24547899
125037,0.38492054
125046,0.06339932
125052,0.07971657
125053,0.11213432
125090,0.4243439
125093,0.32157966
125100,0.122953214
125101,0.20192482
125104,0.6124139
125111,0.37881568
125133,0.47232088
125144,0.38510528
125145,0.41434777
125149,0.37364897
125157,0.4541611
125158,0.8513915
125164,0.19318496
125167,0.10409702
125170,0.35363814
125177,0.3162581
125185,0.6792162
125190,0.4813541
125196,0.6108881
125200,0.63702935
125203,0.727713
125215,0.18343014
125221,0.32229233
125224,0.111373365
125227,0.58455217
125252,0.3440443
125256,0.2546316
125264,0.24388489
125266,0.43193638
125267,0.28953162
125268,0.9333346
125270,0.17394675
125271,0.38316154
125276,0.15840699
125290,0.22103778
125300,0.44731402
125311,0.17041989
125327,0.28139913
125338,0.266093
125359,0.19356455
125360,0.2296369
125366,0.0882801
125373,0.70984656
125376,0.7496866
125384,0.15600085
125387,0.809087
125388,0.4766747
125393,0.28293
125394,0.75713795
125396,0.055921067
125397,0.06225017
125408,0.49286202
125409,0.6307984
125414,0.8075385
125423,0.3393466
125425,0.4411565
125436,0.37814948
125450,0.5486819
125465,0.13476264
125471,0.79161644
125488,0.13837285
125496,0.37247753
125500,0.5647549
125505,0.21081282
125507,0.34318346
125519,0.23282626
125521,0.68055624
125524,0.44353637
125531,0.7179044
125542,0.40547943
125552,0.123445824
125560,0.28804648
125573,0.09625123
125574,0.49876904
125576,0.3038017
125592,0.13915098
125604,0.62577397
125622,0.27584916
125628,0.2232407
125649,0.25421897
125668,0.6653709
125695,0.22631353
125698,0.1976656
125701,0.54656875
125705,0.5744405
125709,0.61106604
125713,0.13473779
125720,0.51151156
125727,0.78966135
125747,0.25865096
125752,0.39738205
125758,0.49461073
125772,0.54594815
125779,0.92046064
125798,0.36239445
125804,0.39539057
125814,0.2203556
125817,0.11169908
125835,0.09195668
125838,0.3079234
125842,0.3048603
125852,0.68861234
125878,0.076515414
125886,0.39835563
125896,0.6446453
125924,0.39603144
125930,0.24112828
125939,0.14102052
125957,0.3867752
125961,0.2950122
125972,0.20280808
125973,0.6666123
125975,0.08302149
125983,0.10785353
125984,0.8708644
125990,0.40838817
126016,0.37404132
126022,0.258558
126028,0.6103491
126047,0.6468773
126048,0.32182038
126067,0.31718642
126068,0.09491455
126069,0.37693986
126088,0.56728894
126121,0.13671951
126123,0.22187826
126125,0.14645074
126136,0.39517555
126159,0.23441808
126162,0.3910722
126165,0.4861561
126172,0.3584154
126175,0.7331656
126178,0.1331526
126184,0.09202195
126198,0.5614187
126202,0.64814043
126203,0.16721667
126205,0.091703884
126214,0.4195472
126231,0.7454037
126238,0.505214
126242,0.36807823
126252,0.08261072
126263,0.4730571
126265,0.49366578
126267,0.54027057
126274,0.15602817
126299,0.25246498
126307,0.6244475
126310,0.6457873
126329,0.37815747
126331,0.38785055
126340,0.1806169
126341,0.6362164
126348,0.45128888
126349,0.054587513
126351,0.14101055
126354,0.17705922
126366,0.13856621
126370,0.1092979
126398,0.4353348
126407,0.22547631
126409,0.7192372
126431,0.18932454
126438,0.49696204
126448,0.3104757
126462,0.28659818
126464,0.46760544
126468,0.2189109
126472,0.5536767
126473,0.19329853
126479,0.45761898
126484,0.62427455
126486,0.21446815
126488,0.34215468
126490,0.43724564
126494,0.377814
126506,0.48731482
126510,0.3917187
126513,0.4444374
126526,0.69937855
126533,0.22799115
126538,0.48102167
126549,0.6508999
126553,0.42059723
126554,0.25447077
126555,0.23577
126579,0.6131961
126584,0.28104746
126594,0.14254275
126595,0.21771848
126596,0.6910722
126602,0.42844883
126611,0.20111436
126614,0.19140917
126636,0.24228762
126638,0.20818827
126651,0.59757704
126658,0.40692383
126674,0.04653023
126685,0.11305853
126688,0.64379144
126689,0.17902413
126707,0.7911399
126715,0.46492445
126716,0.07832553
126721,0.8562282
126722,0.32247677
126732,0.33264083
126738,0.46546948
126743,0.4433062
126744,0.33360198
126752,0.16929825
126759,0.42149734
126763,0.72402275
126775,0.3346106
126778,0.68388224
126784,0.2050582
126791,0.35092875
126792,0.3556983
126804,0.6795213
126816,0.6256027
126817,0.253336
126822,0.09058196
126832,0.32919022
126842,0.23158431
126849,0.1361208
126850,0.27922744
126861,0.27084878
126871,0.108600855
126872,0.49139783
126880,0.2547126
126888,0.34718058
126896,0.1291728
126913,0.46393448
126918,0.19105625
126954,0.10700064
126961,0.1666823
126963,0.16642791
126965,0.798297
126968,0.6757874
126971,0.1137522
126981,0.57021654
126984,0.61372834
126985,0.5602995
126995,0.70989984
126999,0.3706061
127007,0.38093457
127015,0.5755583
127038,0.359175
127054,0.30883875
127057,0.11681468
127062,0.63164574
127083,0.38116384
127098,0.30876908
127102,0.15122563
127110,0.11844901
127111,0.31916073
127116,0.15831493
127126,0.1768267
127135,0.09883101
127137,0.19995958
127142,0.14504567
127151,0.2367133
127155,0.38503188
127156,0.24883497
127160,0.34702536
127169,0.5999031
127174,0.48519644
127175,0.40322417
127177,0.3492991
127192,0.078329876
127193,0.32584512
127196,0.13715015
127197,0.5323065
127204,0.37443915
127207,0.18945612
127215,0.17160703
127226,0.39453596
127230,0.22903712
127244,0.32930714
127247,0.18259712
127249,0.25351784
127259,0.80853164
127299,0.51196635
127304,0.23658155
127308,0.73640275
127309,0.31857643
127313,0.45557538
127316,0.1638044
127317,0.36419815
127318,0.041558612
127333,0.26270133
127334,0.09710624
127336,0.092926346
127346,0.61144227
127370,0.23847662
127375,0.642388
127390,0.4764008
127392,0.46458715
127398,0.3362188
127400,0.26691753
127402,0.34236354
127407,0.4482162
127412,0.10790448
127413,0.27627623
127415,0.18517946
127418,0.7038629
127425,0.7298891
127432,0.12771712
127436,0.11742299
127448,0.20826536
127449,0.5662912
127463,0.57711494
127464,0.7220647
127468,0.20313434
127481,0.1072556
127492,0.74458516
127495,0.22454515
127496,0.40753707
127501,0.41472173
127508,0.3327035
127531,0.22826813
127554,0.28164232
127562,0.15486264
127565,0.11853765
127567,0.13479342
127582,0.47377205
127593,0.37711087
127595,0.26439866
127614,0.21501563
127627,0.4655071
127630,0.24622737
127638,0.6201535
127639,0.34378436
127641,0.31252357
127643,0.5740998
127665,0.2638096
127674,0.13318437
127676,0.48635945
127693,0.4863992
127701,0.21985064
127702,0.58460635
127709,0.57302344
127720,0.38590562
127733,0.38913327
127739,0.44263262
127753,0.25468606
127756,0.22801015
127757,0.78895515
127777,0.5939851
127810,0.62907696
127811,0.53999996
127821,0.5636004
127835,0.2852808
127839,0.24994661
127870,0.66818553
127878,0.71884036
127887,0.6571284
127918,0.6563721
127919,0.59290385
127920,0.2919473
127932,0.35327393
127933,0.5722404
127953,0.32470608
127955,0.2261925
127957,0.20806032
127961,0.48231313
127967,0.82577085
127970,0.6759264
127975,0.5114252
127985,0.12590106
127991,0.19080618
127997,0.20122793
127999,0.11070652
128004,0.108091325
128005,0.45363012
128015,0.6120186
128018,0.17805085
128044,0.48800007
128046,0.27958477
128047,0.44382235
128048,0.65910256
128054,0.18709211
128066,0.61800796
128070,0.06077422
128071,0.49251702
128094,0.6744103
128095,0.1013108
128099,0.7354878
128116,0.1125466
128130,0.33838916
128132,0.42947435
128133,0.87780297
128140,0.096825756
128154,0.42956883
128156,0.6380103
128160,0.098773114
128165,0.7173179
128166,0.21458587
128169,0.18273525
128171,0.2918453
128177,0.3398209
128178,0.13861704
128182,0.13495088
128191,0.6281024
128199,0.613801
128213,0.34614557
128214,0.20579594
128216,0.38933915
128217,0.7730317
128226,0.5611735
128229,0.36290792
128232,0.5038071
128246,0.17651582
128273,0.42767572
128274,0.39481837
128283,0.23331122
128284,0.37353244
128294,0.6249922
128295,0.5712346
128297,0.41943502
128300,0.2293517
128314,0.31520295
128317,0.22522873
128339,0.3078664
128340,0.12565239
128342,0.38232687
128343,0.34178454
128364,0.57849896
128368,0.69197625
128377,0.27740628
128380,0.13664372
128383,0.354542
128407,0.22479446
128409,0.13263287
128423,0.2691775
128428,0.13126606
128433,0.2650593
128438,0.61127234
128439,0.5901039
128446,0.1188043
128447,0.3141564
128450,0.73100495
128455,0.6150443
128457,0.45383862
128464,0.48098305
128465,0.44883728
128471,0.30278304
128474,0.5546672
128483,0.41617227
128514,0.3066807
128516,0.24047774
128519,0.45556554
128528,0.2617805
128529,0.67721874
128536,0.33921757
128541,0.08507959
128542,0.42191562
128545,0.07855456
128557,0.13594478
128560,0.7445338
128568,0.49301252
128571,0.2135668
128578,0.14605482
128582,0.62195987
128588,0.5811879
128597,0.6100356
128610,0.6812416
128619,0.75257885
128630,0.35205954
128680,0.39741722
128684,0.37765786
128687,0.17884289
128699,0.8496503
128702,0.3811639
128704,0.37182143
128710,0.55797076
128720,0.45905417
128724,0.29403687
128727,0.41760197
128744,0.5837721
128745,0.23995319
128760,0.6308796
128766,0.7477835
128770,0.20298105
128782,0.6422809
128822,0.06498065
128830,0.6130935
128836,0.5046525
128845,0.38869265
128858,0.10531765
128859,0.3002703
128860,0.4592381
128874,0.5704455
128880,0.72600806
128882,0.4710014
128883,0.603154
128884,0.19437464
128892,0.3553429
128905,0.5809624
128910,0.35812277
128912,0.49228528
128915,0.13525367
128917,0.5822087
128937,0.141314
128942,0.3760722
128945,0.18653585
128957,0.2757032
128962,0.14066535
128970,0.19412643
128985,0.30916485
128986,0.25409934
128992,0.15657198
128994,0.35185063
129003,0.22744247
129005,0.42100587
129010,0.18075214
129024,0.5954625
129038,0.18548393
129042,0.3228033
129049,0.25226605
129062,0.6801611
129067,0.65113
129070,0.2502931
129073,0.11669077
129074,0.5848186
129088,0.25347757
129090,0.39166778
129101,0.81865615
129102,0.3116314
129106,0.51515836
129108,0.6292701
129120,0.40024278
129122,0.12428566
129123,0.8391472
129135,0.55681926
129141,0.2805171
129152,0.36749434
129160,0.41503242
129168,0.57839006
129174,0.3199559
129178,0.15621279
129183,0.63214403
129187,0.07921674
129197,0.50026476
129200,0.12889361
129205,0.5961033
129222,0.49127057
129230,0.2671465
129235,0.06765826
129251,0.20222744
129274,0.284927
129282,0.18498796
129284,0.48798487
129298,0.2808147
129299,0.32833436
129311,0.14172713
129312,0.08110766
129313,0.26666287
129314,0.24957205
129321,0.6072649
129329,0.25486982
129330,0.6406074
129332,0.30398226
129338,0.31527022
129345,0.07976173
129349,0.42946827
129353,0.10345454
129357,0.18514
129358,0.7205351
129365,0.3523737
129376,0.23490505
129380,0.20561813
129382,0.44647214
129402,0.41207826
129403,0.14856909
129412,0.32056576
129441,0.8321782
129442,0.36768827
129448,0.5992218
129466,0.34460247
129475,0.511156
129483,0.26530346
129484,0.30538684
129499,0.19732858
129501,0.32472986
129508,0.13342562
129510,0.73226607
129526,0.49080262
129527,0.73663646
129533,0.44064513
129535,0.79150945
129536,0.8314139
129545,0.47868556
129553,0.43964857
129557,0.5627197
129560,0.44547045
129576,0.37602472
129580,0.35886654
129585,0.49205035
129587,0.16338925
129597,0.26392248
129611,0.43087658
129619,0.20470223
129622,0.65570176
129631,0.24721669
129632,0.2588827
129640,0.16011955
129647,0.31527328
129658,0.22222024
129676,0.10244458
129683,0.27397802
129685,0.18364258
129701,0.527336
129706,0.779752
129707,0.118217
129720,0.37630057
129727,0.8701029
129728,0.1744325
129768,0.27973253
129775,0.280047
129790,0.0969879
129804,0.34726644
129805,0.6239411
129813,0.079511695
129816,0.29274014
129823,0.66644233
129826,0.88904876
129831,0.10694012
129833,0.045309834
129851,0.32609195
129857,0.77497476
129860,0.21085359
129914,0.49542597
129926,0.49192291
129933,0.37337184
129939,0.41354597
129949,0.18357927
129959,0.6556653
129962,0.7570684
129963,0.4819675
129964,0.42395383
129977,0.16751792
129985,0.15736973
129987,0.12190825
129992,0.31853673
130002,0.48834938
130016,0.5086869
130045,0.54434246
130048,0.30823126
130051,0.3701356
130053,0.6261685
130056,0.12330972
130061,0.21675833
130062,0.36754772
130065,0.75269717
130066,0.4247398
130070,0.6314337
130079,0.5416882
130080,0.52464604
130098,0.1271363
130109,0.49499306
130110,0.40279904
130116,0.11674396
130125,0.7908774
130134,0.61076003
130137,0.37520075
130138,0.39581168
130146,0.26777548
130148,0.35722408
130154,0.055900037
130156,0.38006073
130158,0.4479848
130159,0.3067334
130177,0.15258782
130186,0.7775214
130204,0.5909359
130205,0.2805983
130206,0.35252163
130211,0.29494798
130217,0.27657884
130218,0.3078912
130235,0.39880848
130236,0.7617205
130239,0.14233232
130256,0.40201604
130260,0.14441195
130261,0.60105693
130262,0.09905807
130263,0.33306238
130264,0.081781946
130266,0.6928997
130277,0.81073093
130278,0.104078904
130281,0.61231875
130297,0.23368979
130302,0.665097
130320,0.4656735
130325,0.673117
130329,0.15526982
130338,0.82657564
130339,0.17347114
130340,0.65675706
130344,0.47895086
130347,0.27265424
130353,0.5563231
130358,0.16948387
130366,0.2596551
130371,0.34576282
130374,0.41098237
130389,0.26185533
130390,0.60309756
130404,0.3385168
130426,0.31251386
130440,0.24148151
130449,0.844543
130451,0.19664049
130452,0.5296556
130453,0.4226098
130463,0.3752346
130466,0.11376763
130467,0.1920163
130475,0.23958276
130489,0.6109104
130490,0.23348874
130495,0.4872925
130497,0.30476165
130499,0.047236644
130504,0.3336163
130513,0.3793095
130528,0.2536258
130533,0.7017497
130543,0.35673484
130567,0.5799006
130571,0.30485937
130572,0.34154904
130589,0.25304532
130592,0.5981815
130603,0.36766332
130623,0.2145366
130641,0.37800273
130687,0.26607168
130690,0.46064433
130698,0.35310248
130707,0.5728368
130709,0.64346856
130718,0.77204734
130722,0.45792195
130732,0.27409348
130735,0.45846364
130757,0.3666328
130760,0.1500634
130771,0.48310938
130772,0.17027386
130774,0.35563037
130779,0.28187495
130795,0.40450466
130828,0.57688767
130833,0.1386481
130843,0.09539647
130855,0.71885204
130871,0.1858764
130878,0.5885626
130885,0.5657645
130889,0.72763526
130894,0.23642944
130896,0.6004523
130905,0.13176177
130906,0.3929319
130930,0.10480397
130931,0.5380747
130943,0.5037887
130946,0.06614015
130947,0.6163084
130950,0.09489927
130954,0.22334331
130966,0.12123825
130983,0.56278425
131003,0.11943687
131005,0.08188579
131009,0.36292213
131013,0.43756986
131027,0.25719044
131030,0.7858073
131031,0.045038216
131033,0.13758676
131039,0.36707485
131045,0.672094
131057,0.5581114
131072,0.056751892
131084,0.5313666
131088,0.19399725
131089,0.22655097
131091,0.34172606
131093,0.5089384
131114,0.7928086
131118,0.072391056
131123,0.4907103
131130,0.4723826
131144,0.20011985
131162,0.583739
131163,0.1262106
131166,0.39678696
131179,0.66119975
131181,0.22617866
131183,0.75528294
131219,0.3343999
131227,0.088171005
131231,0.44919622
131235,0.7116564
131242,0.6260088
131251,0.3419284
131257,0.43906257
131263,0.3178743
131268,0.6552664
131271,0.16451463
131275,0.3211908
131286,0.47469056
131290,0.7246408
131300,0.08580216
131306,0.2687082
131316,0.45816535
131321,0.720951
131322,0.21557057
131326,0.041839994
131333,0.4884588
131335,0.65118974
131352,0.18400839
131354,0.081921294
131366,0.6180364
131373,0.5390245
131388,0.42662826
131394,0.28780207
131404,0.66213155
131405,0.4401747
131411,0.11025142
131416,0.47953713
131421,0.2624558
131424,0.2852544
131426,0.70434827
131443,0.82962763
131470,0.7037012
131471,0.68153757
131476,0.1547091
131477,0.3215645
131479,0.8559798
131493,0.7838927
131495,0.5903062
131496,0.59959966
131498,0.79490536
131504,0.43417436
131525,0.76436335
131528,0.3257647
131548,0.23558068
131549,0.2749886
131550,0.48113248
131557,0.83158475
131564,0.22876027
131565,0.1814938
131576,0.3997339
131602,0.8120433
131628,0.64704514
131629,0.32523292
131641,0.5912369
131647,0.3055671
131664,0.17520438
131677,0.31636727
131681,0.43849185
131682,0.3864091
131688,0.7149571
131690,0.4252334
131691,0.16152383
131709,0.38949803
131713,0.1616838
131719,0.44285187
131733,0.4010063
131734,0.4865554
131743,0.729061
131747,0.4123197
131748,0.61077565
131758,0.08184123
131759,0.7522679
131764,0.31324437
131771,0.095839925
131788,0.29128432
131791,0.5923804
131798,0.34781456
131810,0.64809406
131812,0.18013531
131815,0.5698912
131823,0.5192395
131824,0.058072686
131828,0.5209495
131844,0.38936704
131846,0.27615115
131848,0.24204612
131863,0.08572066
131864,0.23370828
131889,0.22809024
131890,0.41850674
131892,0.5279557
131895,0.35429052
131896,0.54709953
131897,0.21702436
131905,0.25561032
131906,0.3944193
131907,0.7650458
131914,0.13509305
131921,0.24394538
131922,0.22643654
131925,0.24682249
131936,0.26048824
131941,0.5224203
131950,0.18962683
131952,0.48788655
131959,0.8838443
131983,0.20830394
131987,0.3981845
131994,0.2848082
132004,0.50710815
132009,0.39492327
132012,0.18970272
132013,0.33603224
132014,0.81865877
132028,0.8108202
132054,0.48269263
132061,0.27899498
132062,0.64189017
132078,0.80716515
132082,0.017633911
132086,0.3604814
132089,0.28755978
132095,0.43517387
132109,0.31754428
132110,0.49823624
132121,0.030329697
132125,0.29975063
132127,0.7114631
132128,0.08289022
132134,0.3670985
132139,0.2619454
132141,0.16503799
132149,0.6785387
132150,0.38461247
132152,0.3121841
132153,0.6231137
132164,0.19287026
132179,0.8303083
132182,0.4342576
132189,0.095497906
132193,0.32628384
132194,0.12210664
132195,0.355394
132208,0.7194422
132211,0.48336983
132212,0.51231974
132216,0.089118205
132219,0.22193691
132223,0.5302635
132238,0.3708371
132242,0.16043895
132268,0.10535221
132275,0.19221699
132276,0.32829905
132279,0.15608732
132289,0.7571223
132290,0.06297216
132300,0.745177
132319,0.6366411
132340,0.052652515
132344,0.5034816
132345,0.02631925
132346,0.71450305
132352,0.45881534
132353,0.36297986
132358,0.9247327
132381,0.24265908
132382,0.19272403
132383,0.58461344
132410,0.279347
132419,0.22587317
132423,0.5165028
132432,0.5437454
132434,0.16149223
132440,0.58956814
132441,0.44179854
132452,0.074797146
132453,0.13486715
132456,0.4875956
132459,0.2528213
132462,0.20117474
132463,0.2175199
132468,0.8150852
132485,0.8577965
132490,0.099887185
132500,0.47134385
132521,0.52691257
132555,0.52219623
132560,0.13504797
132562,0.46974614
132575,0.41024986
132587,0.25285137
132591,0.49712962
132611,0.23414382
132615,0.28779268
132617,0.7035385
132622,0.77910095
132629,0.11132251
132638,0.31413937
132642,0.28280717
132658,0.2860839
132664,0.39175183
132668,0.14517319
132676,0.6425271
132704,0.57846487
132707,0.27670348
132719,0.29862735
132723,0.8118429
132724,0.44420666
132732,0.35878792
132754,0.47912157
132756,0.34142554
132766,0.32509965
132767,0.35631335
132775,0.1909954
132776,0.651138
132785,0.5173914
132787,0.3077392
132793,0.39683324
132807,0.1319278
132811,0.062126026
132818,0.20611478
132834,0.1730041
132846,0.13838565
132861,0.110030696
132870,0.70749915
132882,0.08503554
132884,0.18999669
132885,0.6989107
132888,0.43390036
132898,0.53742534
132912,0.20549896
132916,0.6169313
132917,0.32015133
132932,0.69641083
132940,0.180687
132943,0.120295726
132962,0.22833528
132965,0.74319494
132969,0.097662255
132974,0.4800993
132977,0.35422888
132978,0.29535523
132982,0.3969987
132983,0.06734634
132996,0.13909343
133006,0.23684603
133007,0.141939
133025,0.31737742
133027,0.33517617
133033,0.39116788
133038,0.27526435
133040,0.20018312
133041,0.17610034
133044,0.4499133
133053,0.13377921
133063,0.35994306
133065,0.12687476
133083,0.36047632
133084,0.24502024
133091,0.46059
133092,0.19950591
133107,0.33369592
133111,0.36565256
133122,0.16060895
133132,0.241641
133140,0.76795983
133147,0.35650375
133150,0.061926037
133168,0.3948458
133170,0.16618681
133184,0.089981005
133228,0.14841308
133229,0.3794218
133230,0.12140214
133232,0.63415897
133242,0.39662334
133246,0.58746874
133247,0.18066692
133253,0.36226082
133268,0.58759546
133271,0.62761897
133272,0.25502998
133296,0.7377195
133299,0.5452455
133302,0.66942805
133315,0.55324566
133330,0.23729108
133331,0.44750774
133332,0.0874092
133333,0.2922087
133334,0.8933571
133361,0.86077404
133363,0.70860785
133404,0.05671534
133412,0.8237906
133418,0.4266037
133422,0.6569028
133426,0.6707815
133450,0.40900803
133465,0.2791885
133468,0.4449603
133469,0.16145796
133474,0.2148282
133479,0.4774834
133490,0.817495
133492,0.159165
133495,0.27229956
133496,0.17509873
133501,0.8204112
133502,0.66192055
133511,0.24775407
133515,0.42411405
133528,0.5696196
133539,0.27071178
133551,0.48685223
133564,0.38604236
133569,0.2764114
133570,0.19999087
133578,0.36045364
133586,0.10905431
133587,0.6818664
133597,0.57909644
133608,0.087903805
133624,0.45661473
133626,0.47887507
133645,0.39233556
133655,0.2719528
133658,0.5377087
133659,0.19080472
133660,0.35012197
133664,0.12472951
133684,0.7425894
133685,0.071605064
133688,0.684482
133706,0.15879764
133713,0.26036265
133723,0.11064885
133730,0.41294578
133733,0.1361652
133760,0.48149213
133762,0.7452074
133777,0.09838571
133793,0.12598583
133816,0.3831795
133818,0.46428385
133824,0.41748217
133841,0.579547
133850,0.16218269
133877,0.5779724
133880,0.5324743
133887,0.2616448
133889,0.7994206
133896,0.55863947
133916,0.73387265
133920,0.20527051
133936,0.43039122
133939,0.2023892
133940,0.27058902
133942,0.36383402
133956,0.6361744
133957,0.31094304
133965,0.4234627
133972,0.56467825
133973,0.2698721
134008,0.2831069
134016,0.84103864
134039,0.2716881
134040,0.20465079
134045,0.31981736
134050,0.72953326
134056,0.6829229
134082,0.6478458
134085,0.77094096
134089,0.28502068
134102,0.44706187
134118,0.15401453
134131,0.23102158
134135,0.54611486
134137,0.48091763
134150,0.50697213
134159,0.25862625
134183,0.14430778
134186,0.51539004
134211,0.27964196
134216,0.17916816
134217,0.16745834
134218,0.21904002
134230,0.26976818
134233,0.6920036
134234,0.1191252
134236,0.7566897
134241,0.20304048
134242,0.19471684
134273,0.22718431
134277,0.3086417
134287,0.35857058
134293,0.24511486
134302,0.13884677
134306,0.71637464
134307,0.2721783
134325,0.2158631
134330,0.6884512
134334,0.57138175
134338,0.4537769
134339,0.22529179
134348,0.33419663
134355,0.10294547
134369,0.76009077
134387,0.20598175
134399,0.5448395
134400,0.19074349
134405,0.39044014
134407,0.15152061
134433,0.37811586
134448,0.07668363
134460,0.31392744
134463,0.70082736
134467,0.32182044
134485,0.31270105
134486,0.7389341
134490,0.8723582
134494,0.5690178
134501,0.79542315
134508,0.13691546
134512,0.44636035
134514,0.098069005
134519,0.17381397
134528,0.32423267
134536,0.32430992
134540,0.501536
134546,0.076836765
134549,0.61481977
134558,0.43433687
134560,0.5498515
134588,0.5615306
134590,0.4180795
134591,0.4519601
134594,0.15384486
134622,0.1108324
134626,0.08250296
134639,0.21202941
134649,0.50744665
134654,0.13529861
134658,0.17149195
134683,0.49184072
134688,0.7798779
134689,0.85733587
134697,0.4373453
134698,0.80035645
134718,0.15855683
134742,0.17774181
134751,0.48834178
134760,0.2726332
134763,0.09218377
134764,0.6326103
134765,0.2974272
134773,0.2473762
134790,0.17916411
134794,0.28716823
134802,0.33213013
134805,0.098003216
134807,0.5053239
134812,0.50241363
134813,0.12023497
134823,0.5322627
134824,0.65781736
134838,0.63291436
134841,0.1388588
134857,0.15958503
134862,0.6785571
134865,0.28219616
134880,0.737329
134883,0.68181163
134884,0.8027729
134916,0.14529115
134918,0.38103986
134919,0.5690322
134921,0.115973726
134928,0.57970214
134943,0.5271747
134950,0.14706144
134968,0.12726584
134971,0.67294014
134972,0.14250284
135011,0.42305467
135013,0.882014
135016,0.07136149
135031,0.42050177
135036,0.19512524
135041,0.22368595
135052,0.18904382
135053,0.62195224
135054,0.7364493
135060,0.43059504
135072,0.37924156
135078,0.3461001
135079,0.17915073
135090,0.548119
135113,0.29510638
135123,0.28225353
135128,0.53558856
135136,0.6126914
135152,0.28692007
135163,0.22263634
135166,0.086753525
135186,0.6157946
135188,0.3018736
135194,0.15320195
135214,0.21420485
135220,0.20037128
135235,0.06121779
135236,0.094092555
135241,0.5921818
135243,0.43252417
135253,0.32060525
135258,0.64366937
135264,0.31756714
135271,0.1295525
135274,0.51058584
135275,0.484957
135288,0.37695152
135290,0.31737167
135299,0.40183523
135304,0.6490799
135309,0.08794579
135345,0.8231923
135359,0.535827
135360,0.7024136
135361,0.46159965
135363,0.47366172
135365,0.49936375
135369,0.6171167
135380,0.11980806
135387,0.5206467
135389,0.46547034
135390,0.7220035
135393,0.19232361
135401,0.5605594
135409,0.69984186
135410,0.30183455
135412,0.11017588
135430,0.26809964
135434,0.19258799
135435,0.50817645
135445,0.5655113
135449,0.6893728
135460,0.40413004
135461,0.17064197
135491,0.34549132
135500,0.485628
135504,0.16677353
135506,0.70159554
135521,0.6393955
135523,0.80847275
135527,0.45154423
135528,0.4426037
135530,0.79227936
135540,0.35009655
135541,0.8932586
135562,0.40448102
135578,0.19087212
135584,0.5525923
135589,0.7826996
135590,0.33258134
135591,0.5610974
135596,0.09661072
135607,0.085474685
135622,0.07446551
135626,0.7335703
135635,0.25138432
135636,0.48687008
135650,0.32082742
135656,0.2534785
135657,0.8169571
135672,0.6922888
135673,0.1735875
135678,0.64638126
135679,0.024614863
135684,0.54471594
135701,0.21748796
135704,0.31227818
135713,0.30526775
135716,0.5876302
135718,0.07789898
135723,0.17997354
135737,0.39134356
135738,0.13533108
135745,0.14408919
135746,0.69821024
135752,0.26096472
135755,0.39133438
135756,0.17681316
135765,0.08377541
135778,0.15363747
135779,0.38005653
135788,0.0705146
135803,0.559924
135804,0.18980628
135809,0.06642638
135811,0.6938802
135812,0.31884602
135823,0.67203224
135834,0.37884587
135838,0.13353656
135843,0.3396931
135847,0.3120072
135857,0.8520882
135865,0.11253049
135872,0.51030743
135885,0.6784984
135888,0.13770439
135899,0.43360215
135910,0.3564953
135930,0.55080014
135941,0.8407415
135943,0.6084964
135949,0.5961922
135950,0.3845368
135951,0.6497959
135954,0.5420813
135966,0.7776556
135967,0.40654323
135971,0.43946996
135974,0.68001026
135975,0.30401298
135985,0.175508
136004,0.29606387
136009,0.44255817
136033,0.6714724
136041,0.5391885
136051,0.074630626
136057,0.32031822
136070,0.74231106
136099,0.09560019
136103,0.081418045
136114,0.4792996
136116,0.36220098
136140,0.32405105
136160,0.13917704
136185,0.4545288
136201,0.21198471
136211,0.6711473
136213,0.66670364
136224,0.7093689
136234,0.36567882
136244,0.3703314
136255,0.23318696
136257,0.28165734
136260,0.29826373
136261,0.5938755
136263,0.4808291
136267,0.21635304
136277,0.4982589
136289,0.38615915
136293,0.3917038
136296,0.2006344
136302,0.52313215
136312,0.33541492
136317,0.60007465
136337,0.7787376
136355,0.24674565
136356,0.85844994
136383,0.32404307
136390,0.36838627
136406,0.21928999
136416,0.14174584
136417,0.099802606
136429,0.73719925
136440,0.2962614
136445,0.8124106
136449,0.18015389
136454,0.61210054
136457,0.045626946
136467,0.76551485
136474,0.5520068
136503,0.14741382
136505,0.72093457
136558,0.28044492
136578,0.7380028
136579,0.15431334
136582,0.25816032
136583,0.14977485
136588,0.4186545
136593,0.27950677
136605,0.73471063
136617,0.54146296
136620,0.28660953
136625,0.19359826
136640,0.39571428
136643,0.67114294
136653,0.53679085
136654,0.76847637
136660,0.19091882
136661,0.04390637
136663,0.4884958
136683,0.79437864
136711,0.64358217
136726,0.84474856
136730,0.537665
136739,0.74376273
136740,0.7707932
136745,0.057521734
136751,0.5945378
136754,0.28142792
136758,0.6194454
136762,0.6321512
136763,0.19963294
136778,0.055899315
136782,0.29129177
136798,0.5251593
136808,0.76243156
136811,0.28713095
136829,0.40515807
136832,0.2463422
136838,0.18104123
136846,0.49762312
136848,0.41695553
136852,0.3580783
136854,0.22702856
136856,0.23839833
136862,0.8434291
136863,0.44804454
136885,0.20217508
136887,0.52875674
136902,0.62050706
136918,0.17509933
136922,0.290919
136923,0.12075735
136929,0.7935362
136940,0.40234584
136967,0.5895987
136968,0.6675946
136972,0.47098756
136984,0.53670675
136993,0.66012955
136994,0.15298936
136995,0.21672921
136999,0.1758679
137013,0.32352987
137015,0.4678805
137023,0.4854382
137025,0.68294245
137032,0.20693229
137033,0.83628446
137045,0.5057343
137049,0.14133127
137051,0.5676171
137052,0.38192958
137101,0.6784041
137119,0.6721229
137142,0.52177155
137149,0.61141807
137166,0.13085681
137167,0.22560176
137192,0.19153313
137193,0.7409807
137194,0.51035583
137204,0.5413618
137214,0.073677965
137222,0.35186115
137223,0.42846212
137234,0.16226049
137254,0.114509866
137269,0.122112446
137284,0.38966224
137285,0.8918489
137286,0.7900622
137287,0.53667784
137300,0.6718905
137305,0.5567665
137313,0.4640415
137344,0.77293086
137346,0.61634964
137354,0.6413733
137356,0.57233626
137357,0.5048019
137364,0.6302008
137368,0.032575473
137380,0.51954377
137383,0.39420715
137395,0.33644074
137432,0.16045241
137433,0.42493016
137435,0.3735423
137444,0.13085619
137453,0.2719419
137454,0.29456973
137455,0.4655442
137456,0.3424289
137457,0.68887115
137465,0.32548982
137476,0.3621684
137515,0.361925
137544,0.4610637
137549,0.17208529
137560,0.5187669
137577,0.78761774
137590,0.13905692
137591,0.2448446
137592,0.5854704
137595,0.34836563
137614,0.5261662
137624,0.26702386
137640,0.033717725
137651,0.5905573
137657,0.11713669
137658,0.7274025
137672,0.4718063
137673,0.27604738
137687,0.65870476
137688,0.4265325
137689,0.07760489
137700,0.797121
137711,0.35187018
137715,0.62937164
137718,0.30268547
137721,0.22263484
137722,0.71690524
137726,0.18933459
137739,0.7420239
137741,0.022253465
137743,0.46576306
137747,0.15030923
137761,0.3107609
137796,0.10138343
137807,0.33748996
137809,0.43669268
137824,0.28177956
137827,0.6254649
137846,0.52432644
137862,0.16909955
137865,0.14085685
137868,0.53958344
137875,0.059360303
137878,0.30109832
137883,0.41108364
137888,0.47794914
137913,0.34261304
137915,0.08867723
137934,0.492488
137936,0.7342155
137937,0.6350247
137942,0.40827185
137944,0.66294354
137947,0.15595105
137960,0.45532975
137977,0.41788852
138006,0.2959347
138007,0.28386217
138008,0.1839037
138019,0.5293715
138021,0.2012953
138022,0.5327029
138025,0.6991183
138044,0.13637102
138046,0.45862183
138050,0.5795986
138068,0.39710274
138084,0.4170896
138085,0.20792942
138086,0.1083295
138087,0.071960226
138089,0.5410112
138100,0.37519324
138105,0.21170397
138107,0.2649439
138127,0.19021195
138128,0.21299425
138129,0.19608708
138131,0.21546651
138132,0.112783976
138150,0.27813146
138156,0.1791017
138169,0.5815487
138174,0.35206413
138177,0.38575974
138187,0.61163163
138189,0.3642046
138193,0.5742118
138203,0.15308662
138209,0.34301132
138237,0.3498814
138243,0.1583794
138273,0.11754955
138274,0.30161196
138275,0.09719947
138277,0.3670378
138285,0.19471939
138289,0.62269264
138308,0.29402614
138313,0.34944043
138317,0.29766887
138326,0.45128915
138327,0.68773544
138338,0.27677238
138367,0.35812375
138377,0.77288216
138416,0.2050622
138417,0.18099122
138419,0.22255492
138425,0.61312586
138430,0.44465297
138454,0.47187835
138465,0.26749632
138470,0.17254284
138480,0.18426098
138481,0.7991609
138486,0.2996078
138492,0.3323708
138496,0.5181151
138519,0.3527902
138520,0.52487874
138522,0.6397439
138545,0.06971454
138556,0.5382902
138560,0.12990384
138564,0.22233692
138573,0.27876455
138581,0.6900431
138585,0.3363762
138591,0.35215068
138598,0.21014793
138600,0.10914175
138602,0.28596452
138613,0.687766
138639,0.3121669
138651,0.263282
138652,0.5908932
138661,0.75520074
138674,0.31600583
138678,0.8901434
138679,0.073644154
138686,0.24432273
138695,0.46748662
138711,0.37338978
138728,0.57089764
138731,0.093800604
138744,0.58854854
138752,0.8404821
138754,0.7008902
138756,0.59085417
138770,0.21500038
138771,0.7193684
138807,0.054466836
138818,0.36966005
138819,0.52782977
138820,0.27999708
138831,0.2255184
138843,0.21740332
138871,0.6406482
138873,0.31733283
138876,0.42356473
138880,0.7258289
138881,0.17532146
138882,0.22836547
138890,0.3956947
138892,0.09216164
138893,0.4477598
138917,0.24483302
138921,0.2817935
138922,0.77514297
138924,0.26539034
138926,0.3024442
138932,0.48507178
138946,0.54851675
138959,0.39152429
138961,0.18832712
138964,0.087181576
138968,0.60179776
138969,0.57196647
138980,0.56959295
138992,0.64514405
139002,0.41383743
139010,0.61265814
139011,0.38242957
139017,0.60672843
139030,0.18691613
139032,0.41743463
139034,0.7083797
139039,0.49460292
139049,0.74350685
139053,0.13972351
139058,0.62216306
139062,0.5245178
139067,0.80329424
139069,0.8258522
139070,0.9221175
139075,0.4111621
139082,0.27505016
139092,0.51912653
139098,0.52834415
139108,0.6354481
139127,0.65449697
139130,0.5660594
139145,0.15535714
139164,0.44865537
139174,0.1562852
139175,0.46636403
139178,0.09234833
139180,0.13630925
139181,0.84717935
139186,0.31250092
139189,0.3941776
139190,0.14614427
139191,0.15109137
139198,0.19197677
139201,0.34325194
139204,0.42867687
139208,0.02772545
139211,0.29575837
139215,0.43775028
139225,0.65935826
139226,0.15586793
139231,0.25687206
139246,0.67465806
139252,0.59255004
139256,0.21752746
139258,0.18517527
139268,0.2728937
139272,0.21404035
139283,0.20036486
139286,0.18171443
139289,0.49486586
139290,0.70989144
139291,0.3846488
139293,0.16626324
139303,0.2244652
139304,0.36500788
139307,0.79209846
139319,0.22128771
139321,0.45664355
139326,0.3974991
139327,0.54987335
139355,0.72143847
139363,0.31031486
139375,0.2966773
139397,0.3294914
139412,0.4633302
139413,0.09213474
139415,0.46054065
139416,0.5872148
139449,0.5292857
139461,0.24477959
139462,0.7528658
139463,0.7507079
139486,0.1714652
139493,0.44479534
139515,0.621585
139516,0.30302054
139522,0.4124242
139532,0.29506123
139542,0.36236638
139545,0.25315338
139552,0.81738293
139553,0.5052204
139555,0.37705672
139559,0.69753265
139560,0.5521403
139564,0.29682592
139565,0.4271738
139567,0.07944974
139568,0.20652403
139572,0.32456797
139573,0.43550786
139592,0.2796704
139595,0.7034335
139597,0.5116701
139598,0.4164326
139607,0.69414747
139609,0.44076946
139628,0.27014804
139653,0.28033644
139656,0.9167988
139661,0.28453547
139673,0.17964365
139674,0.25880313
139683,0.03401621
139714,0.4628411
139724,0.2714304
139737,0.6884135
139749,0.45394847
139755,0.045901638
139756,0.5667226
139757,0.20271166
139763,0.6431174
139769,0.7446936
139774,0.65883124
139775,0.24993415
139777,0.17843658
139780,0.6677776
139788,0.79572886
139794,0.49862242
139831,0.626727
139832,0.26271924
139834,0.4065315
139839,0.1438465
139843,0.65889174
139844,0.13375872
139858,0.7297351
139861,0.7925295
139864,0.677552
139865,0.54145473
139874,0.42810482
139876,0.16963828
139895,0.14279003
139903,0.50616556
139917,0.2263981
139930,0.13978077
139934,0.5639743
139935,0.2605849
139946,0.31995574
139958,0.2477805
139977,0.34077045
139981,0.39431065
139989,0.10213044
139992,0.29686433
139995,0.22219981
139996,0.5996878
139997,0.2259206
140005,0.44475397
140010,0.6771076
140018,0.36234796
140026,0.49807128
140027,0.57209325
140031,0.15156858
140037,0.09333927
140039,0.050686352
140040,0.56699044
140042,0.1373274
140049,0.8669614
140084,0.42990747
140087,0.15750614
140096,0.25607842
140101,0.8872574
140114,0.3477627
140117,0.545112
140129,0.5479357
140131,0.7341035
140132,0.17004359
140136,0.7364001
140144,0.12668256
140151,0.34679613
140172,0.21185768
140174,0.08297593
140190,0.50667304
140196,0.33581802
140200,0.12881885
140204,0.54033387
140223,0.28170016
140232,0.20446315
140234,0.41009325
140237,0.54172415
140245,0.5780539
140247,0.5478503
140248,0.41731453
140298,0.10496782
140305,0.86547923
140311,0.16151847
140312,0.6544158
140318,0.36953855
140325,0.40880436
140327,0.82948625
140334,0.53442425
140337,0.2988979
140338,0.08058422
140343,0.21599856
140376,0.2645745
140378,0.7370077
140381,0.2836475
140382,0.43226057
140384,0.23441918
140386,0.5077234
140390,0.41679633
140402,0.078665346
140406,0.044914458
140425,0.406453
140426,0.44073159
140434,0.0934336
140435,0.30747184
140436,0.72252846
140451,0.39144188
140452,0.30221727
140454,0.4687503
140455,0.22171584
140483,0.59028006
140504,0.43095505
140512,0.5431077
140518,0.15439515
140534,0.25916508
140545,0.05214282
140546,0.46548885
140560,0.21542428
140563,0.07389943
140564,0.6942348
140569,0.16770272
140577,0.52381235
140638,0.23589289
140655,0.40081027
140664,0.6694067
140669,0.35740855
140672,0.8623889
140682,0.41705692
140693,0.5661013
140700,0.16770631
140701,0.36043698
140704,0.12600945
140705,0.27098256
140719,0.08889383
140749,0.7713282
140750,0.2364162
140751,0.46269405
140752,0.36836293
140762,0.6735299
140772,0.368743
140778,0.64763343
140779,0.22073093
140780,0.20770429
140802,0.17769505
140804,0.7035026
140807,0.62348545
140813,0.1826551
140827,0.48861337
140840,0.13057202
140845,0.36262253
140847,0.6547435
140861,0.19365564
140862,0.6265966
140872,0.109279454
140879,0.27246758
140880,0.60524905
140886,0.25788313
140924,0.08630672
140938,0.03535634
140944,0.41082698
140945,0.8138316
140961,0.043457393
140963,0.23471461
140967,0.5176147
140982,0.56568545
140990,0.20120013
140993,0.24685515
140996,0.81805146
141004,0.28694257
141025,0.82487035
141030,0.12216302
141031,0.1548941
141032,0.5527264
141067,0.14978129
141072,0.46219653
141081,0.28995544
141084,0.73663986
141085,0.4176678
141089,0.28560513
141090,0.28398743
141093,0.4101441
141095,0.5301682
141110,0.27493805
141114,0.5375357
141119,0.7501037
141147,0.6231537
141150,0.72941905
141159,0.44638157
141160,0.71109736
141167,0.07050478
141206,0.4727278
141213,0.2739481
141215,0.9247061
141222,0.20784365
141255,0.30186656
141283,0.06362965
141298,0.7784701
141306,0.22399683
141310,0.7869752
141320,0.19219734
141323,0.7009557
141329,0.5934178
141333,0.34731618
141339,0.11319521
141340,0.42972532
141344,0.45982704
141345,0.26356426
141347,0.4621565
141350,0.3529985
141356,0.13689564
141358,0.26482862
141365,0.16527088
141368,0.14416762
141369,0.1617109
141376,0.62351745
141377,0.40379342
141385,0.10895454
141387,0.24293971
141388,0.8268767
141389,0.5592374
141390,0.39814833
141409,0.14842652
141410,0.42352295
141411,0.75141406
141414,0.48589945
141422,0.46780917
141426,0.7348109
141457,0.09118182
141470,0.14077167
141480,0.44485667
141481,0.112656854
141492,0.14390956
141493,0.3274694
141496,0.41618755
141497,0.2458016
141502,0.29375362
141503,0.45823753
141504,0.8205242
141507,0.38656005
141515,0.108075894
141524,0.8159364
141528,0.24347444
141540,0.15881674
141542,0.34087378
141551,0.8364897
141573,0.377425
141580,0.2212054
141588,0.51186055
141596,0.7235874
141597,0.26890346
141602,0.7539108
141608,0.26825616
141611,0.061072998
141612,0.69912165
141618,0.5053738
141628,0.23617515
141632,0.65702546
141634,0.46781224
141637,0.47677785
141638,0.6604465
141639,0.25321645
141640,0.7610362
141644,0.49558085
141654,0.6524218
141656,0.25408792
141668,0.40693167
141717,0.76284045
141718,0.25362188
141723,0.80810606
141743,0.42581853
141744,0.23252307
141750,0.29790956
141753,0.14025433
141762,0.743676
141809,0.28837955
141815,0.19581327
141826,0.10145939
141832,0.29224947
141840,0.14067008
141869,0.6164928
141870,0.70903164
141887,0.7855326
141915,0.25887454
141925,0.17820412
141945,0.9452696
141949,0.13748342
141958,0.5927782
141959,0.18652943
141963,0.21735826
141989,0.20467456
141995,0.4843964
141997,0.4186926
142005,0.25592834
142008,0.5300991
142012,0.35654798
142014,0.1384854
142025,0.719201
142036,0.2685354
142037,0.36707294
142038,0.091529764
142039,0.35857812
142064,0.4341402
142065,0.8446793
142070,0.3815792
142074,0.23532973
142079,0.4222981
142084,0.6096781
142087,0.53416574
142102,0.25540164
142106,0.115373984
142115,0.27753812
142120,0.092037626
142132,0.24607477
142139,0.54625887
142142,0.16726644
142153,0.63929754
142160,0.56464493
142162,0.08140426
142163,0.18021122
142167,0.1335889
142168,0.37078607
142177,0.4916481
142180,0.80484486
142183,0.12820372
142186,0.42696732
142189,0.5011673
142195,0.23738472
142198,0.3780918
142210,0.15428817
142215,0.7781915
142222,0.05427562
142223,0.4698757
142224,0.15299375
142236,0.25309244
142237,0.13773829
142239,0.30508494
142242,0.16258791
142243,0.40864655
142244,0.2178905
142255,0.043268163
142273,0.115903325
142289,0.43276528
142294,0.10159369
142303,0.5963317
142305,0.35836098
142339,0.5990457
142359,0.88972384
142361,0.08376928
142364,0.16219202
142378,0.8127619
142380,0.55075467
142383,0.55200815
142387,0.4673766
142393,0.6322316
142396,0.75659984
142407,0.4524744
142409,0.5637558
142427,0.09127231
142429,0.91084623
142430,0.41471073
142431,0.22500254
142433,0.4297602
142439,0.68946207
142440,0.30106857
142446,0.13053231
142459,0.20835444
142478,0.18563612
142481,0.28898972
142491,0.5246555
142495,0.20510685
142497,0.36370522
142510,0.49196526
142513,0.57043415
142521,0.24301107
142529,0.53355306
142537,0.2232279
142542,0.8206075
142558,0.2358471
142574,0.2715643
142575,0.15647393
142579,0.34447923
142587,0.2116566
142590,0.8969509
142610,0.23189583
142614,0.20891143
142621,0.069584
142641,0.15489127
142650,0.42643234
142653,0.31071636
142667,0.5790528
142671,0.73368627
142676,0.50144535
142680,0.473572
142684,0.2792789
142685,0.12689616
142686,0.40074617
142689,0.5146168
142691,0.68517697
142704,0.19922124
142707,0.36285448
142724,0.20573586
142727,0.5067916
142728,0.13735646
142741,0.18324585
142747,0.5790132
142748,0.364951
142752,0.1920575
142755,0.1318137
142756,0.52611864
142759,0.13232201
142762,0.12533861
142771,0.47708052
142778,0.19777547
142783,0.5137147
142789,0.65115327
142790,0.3520579
142791,0.7993376
142793,0.68506193
142795,0.7584299
142803,0.7026123
142819,0.25114143
142822,0.25874233
142825,0.35955846
142833,0.20041877
142871,0.24939045
142872,0.15514846
142883,0.5010698
142905,0.13081333
142906,0.37168464
142917,0.59353673
142921,0.5054229
142927,0.43270993
142932,0.13243741
142940,0.44009432
142962,0.6848315
142969,0.48902902
142976,0.055555657
142977,0.7305908
142982,0.65958285
142988,0.32566708
142990,0.55457073
142992,0.15948977
143012,0.31425387
143013,0.6154946
143016,0.46742097
143017,0.26688203
143033,0.405988
143058,0.32680425
143059,0.27474657
143060,0.18393648
143065,0.492359
143076,0.31219688
143081,0.8824089
143088,0.4441551
143089,0.3988788
143090,0.119134404
143094,0.08921124
143100,0.2208735
143115,0.2542222
143132,0.29371777
143135,0.17868069
143136,0.55189306
143149,0.75838417
143151,0.48129645
143152,0.18144709
143153,0.68307936
143162,0.3918562
143166,0.1226543
143167,0.23125885
143187,0.38000512
143188,0.1133641
143190,0.44779307
143191,0.1512586
143195,0.6470169
143207,0.4247906
143209,0.664315
143227,0.32791674
143231,0.26723054
143232,0.20351653
143244,0.080638506
143263,0.3814043
143268,0.6776127
143275,0.6452123
143278,0.64903325
143302,0.27108306
143320,0.2071098
143328,0.7348096
143336,0.081178576
143339,0.28350544
143340,0.6187198
143353,0.21594355
143360,0.3603163
143361,0.6986591
143385,0.8227872
143388,0.5799207
143389,0.4326109
143390,0.20886454
143393,0.65644693
143396,0.7510902
143419,0.59153765
143421,0.10705191
143422,0.22927222
143431,0.30510488
143433,0.47679275
143440,0.74023294
143442,0.09331216
143463,0.11795258
143466,0.09197249
143475,0.4188308
143500,0.53892964
143510,0.24953535
143528,0.11967581
143532,0.12125064
143535,0.69862735
143538,0.4453458
143548,0.3875664
143550,0.1678998
143555,0.1648403
143576,0.6828515
143593,0.64700454
143595,0.5298189
143596,0.07826018
143597,0.29204276
143599,0.21225587
143601,0.24768385
143602,0.18614852
143605,0.18346976
143609,0.6164905
143611,0.46061966
143613,0.063352704
143618,0.50153005
143652,0.16384824
143667,0.32383603
143679,0.36441612
143680,0.14347246
143692,0.67315537
143703,0.5279228
143712,0.48892936
143714,0.44885164
143715,0.20125896
143729,0.37321544
143732,0.27274036
143738,0.22193377
143740,0.42852926
143743,0.5807828
143772,0.4966165
143773,0.3836517
143792,0.34553328
143802,0.21999006
143808,0.2482013
143819,0.122814365
143820,0.6316735
143825,0.07801325
143828,0.12638682
143831,0.7285852
143834,0.07229124
143835,0.10913677
143843,0.07667182
143860,0.18652639
143874,0.24037324
143889,0.6338936
143903,0.23243034
143921,0.43025562
143936,0.17561758
143944,0.3481483
143947,0.5220162
143948,0.15916564
143957,0.79850715
143964,0.72363514
143965,0.033093613
143971,0.29250133
143976,0.56788826
143977,0.7180941
143983,0.5106721
143991,0.38763353
144015,0.46508035
144032,0.27529487
144057,0.19419864
144065,0.090814136
144087,0.1691867
144090,0.46667904
144091,0.81473976
144092,0.32373747
144139,0.42918834
144150,0.09998166
144151,0.33726016
144153,0.56159735
144154,0.8029831
144159,0.7412423
144168,0.23274313
144169,0.18846495
144178,0.6263558
144179,0.20224859
144183,0.15220316
144186,0.48137647
144190,0.6919886
144191,0.3128966
144199,0.6553125
144226,0.49769375
144227,0.046033494
144229,0.4311474
144237,0.35221964
144247,0.11857103
144249,0.4642493
144259,0.55882305
144260,0.34984702
144282,0.25690377
144295,0.6564533
144304,0.15247823
144314,0.21938843
144318,0.35941002
144324,0.69711
144325,0.06986011
144333,0.32621667
144334,0.30762297
144336,0.19434984
144350,0.24258582
144354,0.1534125
144357,0.28699592
144359,0.17199177
144365,0.25664306
144385,0.427273
144386,0.20434093
144387,0.4389681
144390,0.18940857
144393,0.20624371
144398,0.35415244
144402,0.20586576
144416,0.3775964
144422,0.1379428
144446,0.70332575
144451,0.3332703
144461,0.20940346
144464,0.62319183
144483,0.24809588
144498,0.6624606
144499,0.4145565
144534,0.1995983
144549,0.4556717
144563,0.1751929
144570,0.8159849
144579,0.24496798
144580,0.21796237
144581,0.11257234
144582,0.24169514
144587,0.14440244
144588,0.1579705
144589,0.1896805
144590,0.1575809
144598,0.6404821
144601,0.18932225
144610,0.30738693
144611,0.3767016
144612,0.1657584
144613,0.2129183
144617,0.38313824
144635,0.80454934
144640,0.56875503
144644,0.23870088
144645,0.2208209
144654,0.24940668
144656,0.54052335
144657,0.61749256
144658,0.41676402
144659,0.48632362
144665,0.09355636
144667,0.2909813
144675,0.24751407
144677,0.65739214
144678,0.19699204
144690,0.34432027
144701,0.7265052
144702,0.55923814
144716,0.36256054
144721,0.09962519
144722,0.6740706
144729,0.4309859
144744,0.20326924
144753,0.16169901
144761,0.10846227
144764,0.8735727
144767,0.21810187
144780,0.6231075
144781,0.2992698
144784,0.54463655
144806,0.26930538
144810,0.48026058
144811,0.4573694
144824,0.20688473
144828,0.5512
144829,0.16918355
144835,0.68621063
144849,0.5160129
144850,0.06668295
144870,0.20731863
144881,0.50560147
144891,0.13401213
144898,0.75768745
144904,0.2636637
144906,0.06066849
144909,0.110029735
144910,0.5418037
144912,0.70168304
144963,0.46679226
144965,0.5331987
144966,0.3991193
144979,0.36513546
144990,0.49053037
144991,0.1672333
144992,0.7296395
144999,0.42578888
145006,0.35282987
145007,0.40270227
145008,0.097383484
145009,0.4314626
145011,0.15767814
145014,0.41145727
145025,0.15662694
145036,0.29290918
145041,0.25861585
145058,0.378555
145071,0.61982936
145106,0.39176723
145110,0.12220475
145142,0.44379774
145146,0.7420145
145147,0.0671976
145148,0.346088
145149,0.22424857
145154,0.30416062
145157,0.37129176
145158,0.11623215
145167,0.0702623
145172,0.46954882
145174,0.09979064
145192,0.09141376
145195,0.41814002
145196,0.632727
145199,0.06530482
145209,0.6809813
145242,0.14357369
145248,0.20603274
145249,0.21621849
145250,0.32762074
145281,0.42817965
145287,0.40446886
145288,0.6293121
145298,0.47745776
145303,0.02390548
145309,0.4436945
145333,0.44724035
145336,0.25896105
145339,0.54935944
145350,0.28491938
145353,0.22790205
145354,0.14435811
145358,0.29836962
145382,0.73535585
145383,0.85108215
145389,0.25214285
145390,0.509526
145391,0.47812098
145392,0.561352
145407,0.07799996
145410,0.25682583
145412,0.76065207
145415,0.43222716
145418,0.33925697
145419,0.47468442
145440,0.07173933
145451,0.3882458
145476,0.697297
145481,0.12721635
145482,0.044977058
145484,0.2728586
145502,0.17304035
145512,0.46838474
145515,0.14925045
145521,0.10207854
145523,0.11273723
145554,0.19577734
145557,0.2950879
145560,0.7505824
145563,0.46800014
145569,0.17743817
145586,0.8024149
145601,0.34730554
145602,0.5161818
145615,0.6256101
145623,0.5776678
145638,0.33679616
145640,0.20807251
145645,0.36155447
145654,0.34280252
145664,0.38484097
145677,0.1969535
145679,0.28035954
145681,0.38555628
145698,0.44861126
145709,0.06463649
145713,0.3064941
145720,0.43327332
145780,0.29744685
145781,0.3741613
145798,0.58817077
145811,0.5695589
145819,0.22337541
145833,0.6413539
145834,0.4770195
145835,0.54871655
145844,0.21486403
145862,0.19063297
145869,0.58504796
145871,0.16577682
145872,0.07061872
145874,0.89227676
145888,0.10961715
145891,0.7033253
145907,0.34602416
145908,0.59775484
145919,0.513107
145925,0.276224
145940,0.54141
145941,0.3240095
145943,0.36013535
145951,0.07832376
145954,0.27110854
145957,0.32544377
145962,0.5503333
145974,0.22126986
145976,0.36978838
145987,0.2720788
145988,0.82729334
145989,0.32788226
145990,0.13873178
145991,0.68519956
145993,0.45194358
146000,0.72574365
146001,0.23969917
146006,0.16308692
146011,0.09063037
146014,0.32977638
146020,0.12729457
146021,0.1105008
146022,0.69455576
146026,0.4967118
146028,0.6287983
146032,0.3134301
146033,0.47731218
146037,0.72164786
146059,0.28257588
146060,0.81383836
146063,0.5094048
146069,0.6385249
146086,0.20939474
146090,0.87990224
146092,0.23546584
146094,0.7883444
146097,0.19948512
146098,0.5994611
146106,0.14498389
146115,0.15122873
146121,0.78069955
146122,0.2778197
146140,0.3146579
146142,0.10000715
146146,0.55203176
146149,0.24309523
146153,0.20302375
146155,0.24088882
146156,0.45726895
146159,0.4585401
146172,0.49728033
146176,0.4347631
146184,0.24579023
146186,0.49020582
146191,0.40126374
146198,0.2050553
146199,0.16369863
146202,0.28764433
146206,0.70948684
146214,0.23014474
146221,0.4105231
146232,0.16940844
146239,0.5521816
146246,0.6511167
146247,0.14273603
146252,0.21096358
146255,0.12788963
146256,0.12545812
146262,0.61443883
146277,0.6812854
146292,0.57125425
146303,0.18628764
146305,0.4801287
146313,0.3805668
146317,0.1962238
146330,0.2654658
146344,0.3394369
146345,0.44711316
146347,0.63104534
146356,0.2010084
146369,0.4806454
146384,0.59960616
146385,0.080517866
146386,0.4269422
146388,0.08067655
146404,0.24699138
146409,0.5914498
146413,0.25475273
146421,0.6545236
146428,0.5595022
146451,0.84235185
146458,0.07477009
146466,0.065437324
146476,0.23680717
146485,0.06584639
146486,0.61221546
146487,0.41743872
146500,0.3311776
146502,0.3484594
146512,0.7995039
146514,0.29129028
146515,0.61397666
146516,0.24981238
146533,0.23444164
146535,0.29957682
146541,0.41312748
146557,0.49878487
146562,0.73534954
146565,0.18025918
146570,0.08562847
146571,0.26861623
146574,0.4442505
146587,0.2873613
146591,0.15933898
146597,0.44451863
146600,0.21598904
146614,0.88367283
146621,0.52098304
146623,0.38461703
146631,0.55486155
146644,0.19832826
146649,0.15769354
146651,0.17391987
146652,0.23472616
146663,0.22249767
146680,0.29118136
146683,0.33131093
146714,0.54789615
146724,0.5979777
146730,0.14895296
146732,0.6410561
146738,0.33987233
146752,0.549201
146755,0.37433627
146756,0.39383125
146759,0.39217415
146760,0.5514881
146761,0.28511542
146765,0.4627819
146806,0.47866786
146809,0.7087113
146810,0.39327428
146811,0.3829024
146815,0.4969726
146820,0.62025476
146821,0.1838965
146824,0.6226289
146829,0.28776488
146842,0.538562
146864,0.291776
146891,0.5826122
146918,0.38233957
146955,0.24742651
146957,0.6188299
146972,0.5617144
146973,0.3981413
146979,0.56995416
146982,0.33460906
146984,0.24554738
146997,0.63197124
147001,0.22732122
147008,0.6599554
147014,0.083323166
147022,0.41198164
147038,0.11504467
147048,0.42543283
147060,0.081152216
147061,0.19810058
147077,0.4336973
147082,0.33279037
147083,0.22084369
147085,0.3065172
147086,0.27683976
147099,0.38545498
147127,0.23213828
147128,0.30226576
147133,0.107655555
147138,0.1775026
147139,0.033434123
147150,0.3254641
147155,0.6430399
147171,0.32820684
147172,0.53894085
147182,0.28387225
147195,0.13168903
147199,0.14899504
147216,0.5417608
147224,0.077259146
147225,0.3051955
147230,0.3857123
147240,0.46594793
147250,0.2563638
147253,0.088263035
147254,0.84516406
147264,0.19947782
147294,0.40708485
147308,0.28649256
147309,0.5184641
147315,0.5505234
147319,0.30237466
147329,0.13770887
147340,0.38854972
147345,0.7839435
147353,0.055654645
147354,0.7282553
147364,0.74108016
147366,0.39097247
147373,0.34930402
147382,0.27831396
147383,0.5344571
147390,0.1723616
147408,0.5903581
147411,0.1152599
147415,0.55753076
147416,0.70268047
147425,0.098992065
147427,0.22270021
147438,0.6314392
147439,0.18096374
147457,0.21549708
147459,0.08360426
147463,0.20342344
147469,0.52451724
147476,0.65589434
147483,0.16693625
147497,0.49010134
147502,0.8104659
147515,0.5190348
147523,0.31457677
147527,0.18998636
147541,0.6415065
147551,0.23951025
147552,0.47137815
147561,0.12848718
147571,0.15767947
147587,0.13747844
147657,0.6455153
147659,0.20151958
147670,0.038547836
147695,0.49586478
147696,0.5002367
147702,0.83060145
147710,0.89243376
147711,0.18988183
147712,0.3866011
147713,0.61692685
147720,0.1023044
147722,0.5523036
147742,0.15036435
147750,0.47285828
147761,0.569759
147764,0.57877743
147770,0.14463101
147771,0.5127605
147774,0.81349957
147786,0.21888801
147787,0.44706282
147791,0.14551714
147792,0.53001416
147793,0.56525916
147794,0.20175675
147801,0.44547042
147824,0.07255025
147826,0.10286665
147840,0.2270458
147847,0.116356276
147862,0.3382204
147865,0.45305213
147882,0.5879926
147893,0.7587125
147925,0.5518059
147932,0.75228196
147942,0.43415028
147953,0.32357952
147955,0.7155841
147964,0.77142376
147966,0.52374643
147981,0.22124991
147982,0.6433874
147990,0.43246633
147998,0.45430517
148002,0.70412683
148013,0.5847385
148025,0.5214422
148026,0.64415485
148031,0.68317693
148035,0.66439366
148042,0.32581908
148047,0.115401186
148050,0.26145604
148063,0.5050976
148065,0.6747974
148069,0.7560454
148070,0.41752607
148075,0.7264717
148076,0.271243
148087,0.03777889
148091,0.64725965
148102,0.51056474
148107,0.2652197
148108,0.37937668
148113,0.5020995
148131,0.48708472
148141,0.32987207
148149,0.5314766
148150,0.3228524
148163,0.6991751
148175,0.27813435
148185,0.6579623
148187,0.4677112
148198,0.68232733
148204,0.74833274
148205,0.07846539
148212,0.68638104
148216,0.85792977
148217,0.53553027
148223,0.123620756
148224,0.7520461
148235,0.5454101
148255,0.68705165
148276,0.33747408
148285,0.15210095
148289,0.17954266
148292,0.5076987
148294,0.51386726
148314,0.2790474
148319,0.16934712
148320,0.50810933
148322,0.57409465
148323,0.543822
148325,0.61449856
148333,0.54444206
148339,0.134262
148359,0.42496172
148361,0.49261194
148364,0.45227912
148380,0.11818968
148382,0.2833613
148386,0.66406745
148393,0.63455063
148394,0.3954195
148404,0.5646092
148419,0.5042984
148423,0.21803044
148437,0.7153561
148440,0.3341026
148448,0.17036882
148449,0.05380046
148450,0.28113958
148451,0.17807043
148458,0.59409475
148471,0.14872757
148475,0.19490325
148476,0.22282028
148497,0.41796985
148511,0.48277768
148512,0.35216317
148534,0.49169064
148545,0.4330923
148557,0.38228053
148564,0.22470644
148570,0.23266804
148586,0.44148013
148596,0.7446705
148600,0.5743363
148607,0.18455213
148609,0.56333387
148622,0.11693959
148623,0.22759156
148625,0.71804345
148626,0.08826091
148628,0.28567234
148632,0.3739031
148639,0.22596745
148643,0.21881501
148644,0.66757005
148680,0.08384785
148702,0.53126675
148716,0.40040168
148717,0.36582693
148726,0.7404803
148738,0.57213664
148746,0.41627082
148749,0.42261973
148750,0.47860536
148769,0.3312903
148791,0.46074945
148803,0.1763929
148804,0.2246307
148823,0.055224136
148831,0.27995118
148849,0.11939597
148850,0.29154748
148855,0.25570613
148893,0.19430242
148896,0.3145717
148899,0.4721431
148903,0.3496605
148910,0.22212021
148911,0.29881206
148912,0.8198034
148913,0.46113348
148933,0.4785597
148935,0.10938592
148937,0.08263378
148946,0.7202195
148955,0.41827044
148980,0.45026383
148996,0.6451618
149015,0.8300257
149025,0.10881729
149028,0.8434614
149029,0.22125576
149035,0.21530122
149050,0.34216118
149051,0.45794505
149052,0.5339851
149056,0.08328149
149062,0.24341075
149067,0.5899616
149076,0.7406189
149090,0.8121327
149106,0.6008136
149107,0.19946434
149118,0.8389675
149119,0.13724653
149130,0.6522521
149154,0.2587584
149157,0.5132229
149158,0.14461873
149160,0.34331408
149163,0.36936477
149164,0.4600116
149165,0.2521725
149166,0.35503414
149214,0.24655437
149231,0.5858234
149236,0.13053991
149237,0.57077307
149246,0.12014293
149247,0.22200198
149253,0.35371906
149254,0.14706698
149265,0.70674133
149266,0.25195286
149277,0.5618563
149283,0.7057291
149289,0.54256195
149310,0.30477223
149314,0.13122544
149318,0.29738256
149319,0.17381698
149320,0.4115049
149321,0.7722241
149333,0.41738397
149337,0.7398911
149338,0.18829928
149341,0.40469262
149342,0.22166477
149349,0.20075725
149351,0.5775947
149354,0.08441512
149360,0.14372483
149362,0.48556846
149366,0.18336353
149372,0.8110375
149376,0.45228374
149388,0.5341182
149393,0.36754897
149401,0.20407835
149405,0.4111051
149412,0.55959225
149415,0.23415253
149416,0.24825536
149430,0.59026086
149435,0.2908724
149436,0.18306777
149444,0.6293789
149456,0.25506377
149471,0.11795372
149480,0.1006148
149481,0.3058693
149490,0.54045725
149491,0.3816516
149503,0.3158731
149512,0.1817894
149524,0.33108762
149525,0.10208211
149532,0.20525983
149533,0.66210675
149536,0.92396224
149540,0.52949435
149548,0.35406837
149563,0.40980303
149568,0.6626861
149569,0.68024963
149570,0.7098684
149582,0.05115349
149584,0.12732464
149587,0.60599303
149592,0.5292079
149596,0.52419114
149599,0.4457277
149612,0.26451215
149643,0.40906423
149648,0.8370659
149665,0.16944164
149666,0.54646325
149671,0.247028
149675,0.12680797
149676,0.6404674
149677,0.15353374
149680,0.70967567
149711,0.2142092
149723,0.4067185
149726,0.47508672
149727,0.14301814
149730,0.16092771
149733,0.60718817
149734,0.8228236
149736,0.538474
149750,0.112322904
149752,0.8022182
149767,0.31419313
149791,0.6157753
149793,0.17361385
149810,0.10049362
149850,0.2837015
149857,0.48547894
149858,0.16818798
149860,0.6622153
149882,0.082161486
149889,0.10357679
149890,0.80580395
149918,0.22572851
149919,0.4803433
149927,0.21397454
149928,0.35584912
149940,0.6498731
149944,0.36991444
149947,0.43873972
149951,0.41993105
149956,0.46172345
149958,0.66335654
149969,0.18188989
149988,0.52821237
149996,0.5240082
150007,0.24497384
150018,0.36294386
150025,0.30546242
150054,0.47502267
150064,0.4462186
150070,0.33565027
150074,0.20320839
150078,0.09916303
150084,0.20054492
150106,0.5822746
150111,0.7932196
150115,0.08286178
150117,0.7520709
150120,0.40377778
150127,0.53844297
150128,0.43326166
150130,0.537046
150132,0.66521376
150135,0.10667003
150145,0.3950068
150148,0.10017342
150153,0.23290326
150154,0.123890206
150173,0.17468613
150174,0.67755115
150176,0.6462864
150177,0.51697487
150178,0.54214096
150179,0.82848716
150187,0.17398804
150207,0.47124904
150223,0.40321207
150224,0.18747188
150229,0.08862044
150233,0.5190119
150245,0.16645332
150252,0.082985334
150257,0.63534147
150258,0.54330295
150267,0.16242637
150268,0.7259357
150272,0.87051564
150282,0.29203546
150289,0.68946606
150299,0.07192121
150307,0.5193711
150310,0.09135487
150311,0.15508004
150312,0.12640715
150313,0.29126394
150324,0.47073638
150335,0.1761046
150343,0.5342596
150354,0.12831298
150363,0.23285006
150365,0.39114252
150377,0.14248158
150381,0.6056732
150382,0.21868022
150414,0.48860335
150418,0.6206444
150431,0.21290609
150449,0.21800405
150450,0.6959657
150473,0.14820746
150475,0.34854826
150476,0.5892644
150478,0.6172831
150488,0.70743495
150499,0.6625021
150501,0.5055817
150503,0.50359493
150518,0.18424547
150529,0.1462245
150531,0.20852262
150532,0.41897398
150535,0.55938715
150543,0.8209645
150545,0.6448062
150548,0.28714556
150552,0.30144694
150558,0.47553334
150574,0.53499126
150576,0.8538953
150577,0.30742502
150594,0.5089858
150601,0.17600407
150604,0.17342182
150618,0.20243905
150626,0.61119497
150627,0.40302354
150635,0.7884052
150648,0.31769922
150649,0.49184072
150650,0.6425598
150651,0.48810604
150652,0.20571259
150657,0.65719914
150659,0.37854505
150666,0.551782
150667,0.39404362
150680,0.057753537
150698,0.8671441
150700,0.8772511
150713,0.25928476
150715,0.39859557
150718,0.07363954
150724,0.6999081
150731,0.24550422
150734,0.29574618
150738,0.05055129
150744,0.24888562
150745,0.5267743
150746,0.5383495
150749,0.20550895
150750,0.47746524
150753,0.12091655
150759,0.2751815
150762,0.21424595
150764,0.16167101
150782,0.44992718
150784,0.27051803
150785,0.3521674
150786,0.2324396
150789,0.4816745
150802,0.4686136
150809,0.33503547
150810,0.3463175
150817,0.25705677
150820,0.3612269
150822,0.43521315
150845,0.19469242
150846,0.5228118
150854,0.5158093
150858,0.75639886
150866,0.50612783
150869,0.12758109
150874,0.466179
150887,0.049309798
150889,0.28790683
150892,0.61075234
150896,0.12945557
150901,0.8816091
150914,0.7480585
150918,0.28293142
150919,0.31180096
150929,0.45466197
150935,0.3233087
150941,0.15742096
150949,0.17901284
150950,0.6745286
150951,0.07061301
150952,0.21207304
150980,0.7200184
150981,0.20017652
150986,0.6765121
150987,0.47712925
151004,0.31816655
151005,0.49117404
151010,0.21987483
151012,0.2988641
151016,0.12924622
151021,0.6125871
151022,0.06438264
151023,0.8511523
151024,0.87939394
151035,0.7352629
151036,0.470428
151039,0.19440109
151041,0.50474966
151043,0.45618594
151052,0.79383045
151058,0.64341754
151065,0.5763076
151066,0.2919038
151067,0.70709777
151069,0.22873896
151070,0.23469685
151080,0.4739002
151090,0.27579364
151092,0.87856424
151100,0.29935429
151108,0.5341528
151113,0.3228776
151119,0.33911964
151131,0.1719834
151145,0.26083267
151147,0.41626942
151148,0.38507217
151149,0.48420244
151153,0.1162371
151158,0.18721637
151167,0.26537806
151169,0.26945302
151185,0.19245479
151186,0.6138783
151187,0.34073982
151203,0.307686
151206,0.07990881
151213,0.6434408
151237,0.6209918
151254,0.402202
151255,0.3991574
151264,0.6408149
151266,0.08160405
151267,0.4321957
151270,0.111085005
151286,0.12005906
151288,0.50548756
151289,0.5650905
151290,0.5299482
151303,0.17107978
151304,0.5792999
151308,0.270539
151315,0.16157605
151324,0.37895244
151329,0.073083006
151335,0.20247982
151343,0.09898045
151347,0.72576493
151348,0.40818077
151357,0.63284135
151366,0.46884376
151372,0.14571342
151374,0.06475505
151394,0.11083335
151395,0.7275147
151403,0.23732604
151410,0.21960393
151412,0.33954677
151419,0.3089733
151443,0.14710507
151464,0.046801914
151466,0.44254982
151467,0.21241125
151476,0.29324722
151480,0.5659782
151481,0.8159416
151486,0.5481203
151487,0.49693385
151490,0.66987646
151498,0.1705858
151500,0.08056279
151504,0.17560968
151516,0.15069425
151519,0.45438525
151528,0.65583056
151529,0.33387005
151539,0.6880257
151540,0.27860558
151556,0.81696564
151558,0.15970513
151559,0.48703495
151581,0.19407833
151586,0.67356306
151589,0.7130453
151603,0.68682426
151604,0.1683816
151610,0.21403433
151637,0.33460334
151652,0.6805776
151654,0.19134669
151667,0.6170044
151668,0.785773
151669,0.10844198
151678,0.111269236
151697,0.48483223
151706,0.28628284
151729,0.28601703
151730,0.39782318
151737,0.13575758
151744,0.43304098
151756,0.41437894
151785,0.17402193
151800,0.18877728
151801,0.1432567
151821,0.55644786
151822,0.7413413
151834,0.39784387
151845,0.50765485
151846,0.35295987
151847,0.6892168
151848,0.7368231
151859,0.2078725
151872,0.74672043
151875,0.53416723
151883,0.18837355
151888,0.21717517
151895,0.11920022
151896,0.1995054
151900,0.37379348
151913,0.19193164
151920,0.30576277
151928,0.36217052
151933,0.46901542
151934,0.5263704
151948,0.750818
151951,0.15269117
151963,0.13954526
151964,0.036479812
151965,0.04690368
151966,0.25934535
151974,0.2534245
151975,0.7347619
151978,0.41324422
151982,0.4329782
151993,0.36923563
152002,0.047508005
152005,0.53544873
152017,0.264138
152020,0.6367075
152039,0.3429232
152047,0.65234613
152064,0.31029916
152071,0.39350936
152076,0.23298857
152088,0.08365361
152091,0.0832426
152093,0.28879464
152100,0.3926692
152107,0.3189418
152115,0.15654689
152119,0.07855729
152123,0.2263901
152129,0.5841781
152140,0.8407973
152141,0.21281856
152142,0.35599464
152148,0.22925338
152170,0.116193704
152171,0.20828056
152176,0.17723295
152186,0.49023724
152192,0.72184473
152204,0.31143144
152215,0.085543066
152220,0.28451937
152230,0.10864959
152256,0.50476354
152265,0.26158017
152266,0.8278958
152268,0.13140373
152272,0.46905848
152286,0.1183905
152299,0.28582424
152305,0.3188882
152324,0.44544455
152329,0.61831367
152355,0.26500285
152356,0.10033136
152365,0.5527149
152369,0.6803959
152373,0.18607855
152374,0.5219086
152383,0.47906005
152395,0.6270332
152403,0.7295767
152404,0.4405494
152406,0.24063234
152425,0.2509111
152437,0.30685583
152438,0.47985104
152442,0.7141039
152460,0.37388572
152461,0.059172727
152462,0.2289321
152472,0.51333797
152473,0.26901633
152477,0.34922662
152506,0.26793674
152522,0.305745
152530,0.30778858
152535,0.0927126
152543,0.21835773
152548,0.39006555
152556,0.34249175
152562,0.3988499
152563,0.6905306
152565,0.23442747
152591,0.2492378
152593,0.2707996
152612,0.47389078
152619,0.4022078
152627,0.28060287
152628,0.31787446
152632,0.7328071
152638,0.44252098
152646,0.4844068
152662,0.72280973
152679,0.6789457
152680,0.19188514
152699,0.6292743
152703,0.30085096
152717,0.5866223
152720,0.5178441
152721,0.2696149
152735,0.33350432
152736,0.030911965
152739,0.6601417
152755,0.14572881
152769,0.1557275
152785,0.70202184
152788,0.36493006
152791,0.2775339
152808,0.42077783
152815,0.26773745
152816,0.6445305
152817,0.22702445
152818,0.13810289
152819,0.8039629
152820,0.15508138
152823,0.5128914
152831,0.29401836
152832,0.723021
152833,0.32799628
152835,0.22517632
152838,0.26368234
152846,0.16650139
152862,0.7606371
152864,0.093664765
152865,0.5174033
152871,0.06721471
152874,0.22946718
152875,0.036108296
152876,0.8414754
152877,0.87142354
152881,0.7041274
152892,0.19635095
152908,0.5910412
152909,0.35831216
152915,0.22244775
152916,0.73120993
152923,0.4287973
152932,0.061647218
152934,0.20243636
152936,0.15232928
152948,0.13482128
152951,0.37931228
152956,0.37454233
152963,0.3770315
152964,0.90493166
152978,0.64479274
152980,0.5787463
152986,0.63125694
153001,0.61027664
153002,0.2963873
153007,0.47463802
153009,0.18742375
153017,0.16892405
153018,0.78954035
153022,0.59790355
153027,0.786587
153032,0.2979556
153033,0.418693
153034,0.42312
153037,0.6754353
153051,0.89286226
153052,0.48036113
153057,0.1579864
153067,0.50989264
153084,0.47267085
153088,0.6903905
153089,0.25513363
153093,0.21539164
153094,0.51853746
153095,0.74196106
153105,0.525698
153108,0.657259
153110,0.387717
153119,0.62765473
153135,0.09287986
153139,0.15981483
153146,0.2976448
153154,0.578103
153185,0.32290372
153195,0.75056803
153196,0.1094085
153198,0.25546324
153202,0.09228587
153203,0.120585464
153209,0.16750975
153223,0.6178653
153224,0.46111766
153227,0.4065726
153230,0.36546654
153233,0.33398804
153234,0.12002604
153235,0.6336918
153243,0.72556114
153263,0.4075384
153269,0.48273936
153272,0.124776945
153276,0.6890464
153279,0.26482874
153291,0.56833595
153311,0.39098987
153328,0.75089294
153330,0.70897496
153341,0.47744498
153345,0.39084932
153393,0.21157221
153394,0.6081108
153395,0.30798233
153420,0.58442897
153428,0.4748411
153432,0.54349846
153449,0.22286864
153458,0.7610119
153459,0.1362359
153472,0.3537232
153475,0.09148321
153479,0.6784641
153480,0.50254005
153490,0.38511977
153491,0.23699257
153501,0.1716186
153502,0.23415038
153507,0.61296433
153513,0.6388476
153514,0.5284655
153519,0.7194938
153520,0.12519854
153556,0.30023104
153577,0.59373707
153582,0.7488866
153594,0.6919704
153595,0.29641995
153598,0.39304495
153601,0.14652564
153625,0.35034776
153641,0.073603556
153654,0.1985264
153676,0.44848958
153681,0.042539563
153704,0.28356656
153706,0.34633437
153710,0.7973968
153720,0.47536033
153734,0.61812365
153738,0.35606283
153743,0.28206873
153748,0.44784537
153756,0.5183743
153757,0.39464885
153759,0.2327807
153764,0.6992527
153782,0.09972974
153796,0.70122725
153802,0.6868137
153809,0.91439635
153810,0.025659923
153817,0.7671458
153821,0.25080383
153823,0.32603788
153830,0.2446333
153834,0.3146378
153839,0.19718662
153842,0.45170194
153847,0.74501246
153855,0.2597742
153873,0.07100367
153875,0.66334194
153882,0.5180592
153884,0.09727333
153885,0.7935168
153886,0.22556508
153890,0.4384553
153892,0.084714666
153897,0.3075429
153898,0.328246
153901,0.49414676
153924,0.30638856
153928,0.34070033
153929,0.6652732
153949,0.0597949
153979,0.30366018
153980,0.07201755
153981,0.3830034
154010,0.5778078
154015,0.36521056
154039,0.58288956
154043,0.032525394
154044,0.5457096
154046,0.23589014
154047,0.2003107
154058,0.25540742
154060,0.29996708
154065,0.8325509
154083,0.54738957
154100,0.45389113
154108,0.659275
154120,0.72140026
154121,0.37441474
154122,0.35526454
154128,0.60890245
154137,0.46247274
154143,0.7413237
154151,0.571731
154158,0.21111676
154176,0.32383844
154184,0.59627163
154191,0.4028909
154215,0.6827155
154216,0.35743734
154220,0.14184152
154222,0.73944515
154227,0.44089445
154241,0.07285722
154243,0.5438416
154244,0.46390912
154254,0.30483848
154264,0.23420006
154265,0.55134785
154268,0.7172535
154269,0.16033036
154299,0.035365358
154307,0.27819362
154315,0.5621043
154325,0.3442628
154327,0.22388323
154332,0.749468
154346,0.26875216
154347,0.12163093
154353,0.74105734
154369,0.27334386
154376,0.21447065
154377,0.6219517
154379,0.4485736
154389,0.17080902
154402,0.55038744
154403,0.16974404
154416,0.12240868
154428,0.3572338
154430,0.10949518
154442,0.8058487
154447,0.21830788
154468,0.052755706
154470,0.14359632
154473,0.5833595
154480,0.24655165
154486,0.2945767
154500,0.44675195
154507,0.6944802
154529,0.085885406
154549,0.051391397
154557,0.05290507
154571,0.6326471
154578,0.2386581
154580,0.08950902
154591,0.3684181
154611,0.8197288
154623,0.06302284
154650,0.6021188
154655,0.61755663
154659,0.41980234
154680,0.7602971
154681,0.24049032
154690,0.71968126
154711,0.32783005
154712,0.26275805
154722,0.14231862
154731,0.37972218
154747,0.7087016
154749,0.6224913
154750,0.5612817
154760,0.42667577
154763,0.21984866
154786,0.71669
154788,0.4680172
154792,0.62924564
154807,0.82483333
154812,0.064333126
154818,0.7943288
154819,0.4691813
154824,0.48495924
154839,0.5452342
154840,0.027291734
154843,0.12597786
154847,0.6201042
154849,0.40571183
154850,0.0634985
154851,0.710963
154853,0.39216393
154858,0.23699209
154868,0.8948175
154871,0.19249536
154877,0.060080715
154916,0.062602416
154920,0.14138705
154922,0.7164202
154924,0.22255668
154933,0.5978633
154942,0.77705956
154955,0.3542584
154957,0.78799
154966,0.37149432
154971,0.19401455
154972,0.3055742
154973,0.34043184
154974,0.12496326
154979,0.1638721
154982,0.30167022
154990,0.55894786
154991,0.21304977
154994,0.4965005
154995,0.42743716
155009,0.067799635
155014,0.21740988
155017,0.023039863
155018,0.20665869
155019,0.20581464
155020,0.19970481
155027,0.36120272
155034,0.62887305
155047,0.25216052
155049,0.7089745
155052,0.5170974
155053,0.22937854
155059,0.54088
155060,0.78525853
155069,0.19752538
155077,0.71381426
155078,0.2952189
155086,0.29796672
155088,0.34593943
155094,0.22420311
155099,0.1909335
155100,0.19587338
155116,0.3491982
155117,0.40834084
155119,0.41769603
155120,0.1277843
155133,0.6184415
155135,0.90113103
155141,0.87152946
155144,0.10904625
155145,0.22634888
155174,0.39827922
155194,0.51520294
155196,0.11434334
155204,0.40204284
155232,0.73875713
155240,0.17717601
155246,0.17010255
155254,0.112835184
155267,0.12329726
155273,0.1494411
155274,0.29453677
155283,0.36368412
155296,0.83098423
155312,0.25047562
155318,0.1064109
155322,0.49094245
155323,0.6334767
155329,0.4815013
155342,0.124560595
155346,0.8751411
155366,0.5207664
155369,0.38007832
155372,0.76417845
155378,0.31682557
155382,0.5826348
155390,0.33569416
155401,0.43255395
155428,0.39006853
155443,0.35907474
155445,0.34095576
155450,0.2722419
155452,0.43541306
155453,0.13252762
155480,0.622154
155482,0.14564349
155484,0.619136
155485,0.21421689
155496,0.77493507
155497,0.5536166
155531,0.16634966
155541,0.088218614
155547,0.41441175
155550,0.66653347
155551,0.4617514
155565,0.64769304
155567,0.20193261
155569,0.6827138
155573,0.14471728
155575,0.38973415
155581,0.072413035
155591,0.35855716
155593,0.6752253
155594,0.10325724
155610,0.72743464
155623,0.36882892
155624,0.46753258
155629,0.22203743
155638,0.545283
155650,0.33191875
155652,0.3976268
155687,0.5010119
155697,0.653681
155715,0.8030069
155718,0.43524608
155719,0.11469119
155723,0.6995003
155730,0.47057652
155731,0.39067554
155737,0.5905216
155738,0.3710288
155740,0.23834468
155742,0.09239842
155755,0.17123851
155766,0.61970747
155768,0.14831956
155771,0.6729958
155803,0.20318873
155808,0.2009574
155809,0.39376438
155812,0.19144195
155820,0.5505345
155832,0.6020691
155841,0.5215782
155847,0.8305566
155848,0.3583802
155855,0.56902593
155886,0.29077274
155893,0.67844766
155905,0.24872592
155910,0.62313527
155912,0.06551116
155919,0.7987197
155921,0.2522261
155937,0.22842482
155939,0.4846478
155950,0.39135045
155987,0.5199743
155988,0.3363757
156005,0.23003441
156006,0.07716468
156010,0.5585209
156018,0.34246126
156021,0.73218584
156026,0.35396522
156030,0.2155453
156033,0.06487607
156038,0.6118795
156041,0.5743618
156049,0.2926486
156050,0.1517771
156068,0.30983093
156069,0.70319134
156087,0.2236023
156088,0.4409245
156095,0.47443056
156104,0.6227907
156107,0.18751147
156108,0.5353519
156111,0.74573445
156119,0.11196794
156123,0.3982795
156140,0.8613633
156149,0.108164504
156161,0.18858792
156180,0.80068505
156186,0.56851053
156189,0.6345669
156194,0.23267078
156200,0.14043806
156213,0.8871161
156214,0.4350768
156228,0.106339686
156234,0.11267741
156236,0.5622374
156243,0.10997879
156256,0.37519488
156268,0.42049837
156269,0.0726156
156270,0.44303477
156274,0.49579015
156290,0.15039513
156291,0.19361946
156292,0.30113277
156298,0.24864158
156301,0.5381094
156302,0.71456814
156309,0.31977734
156355,0.095049076
156365,0.23710057
156367,0.6990809
156372,0.04471753
156376,0.42292807
156377,0.3665255
156389,0.16081929
156400,0.44250247
156404,0.7436828
156405,0.26096463
156426,0.39344722
156427,0.17992057
156429,0.5530107
156430,0.35282084
156431,0.25767854
156432,0.43550164
156449,0.39376447
156463,0.24780793
156464,0.40009496
156478,0.06463905
156492,0.6658618
156508,0.5908696
156509,0.29469702
156517,0.5490263
156526,0.39466873
156527,0.14208356
156538,0.71293116
156542,0.34436238
156543,0.47630158
156555,0.28204378
156556,0.5005948
156561,0.5034992
156563,0.13875178
156564,0.3431047
156567,0.13622668
156570,0.42272863
156581,0.48376516
156594,0.39546415
156597,0.27377418
156600,0.45160022
156601,0.13165396
156627,0.5077161
156629,0.5891468
156642,0.07541817
156644,0.22189026
156663,0.12625888
156674,0.25232655
156688,0.054078754
156696,0.33591938
156707,0.06643058
156723,0.4747358
156728,0.55101
156731,0.32394674
156732,0.5074208
156733,0.6496553
156768,0.61291
156773,0.40777916
156782,0.600834
156815,0.45626435
156837,0.25265497
156854,0.24556915
156861,0.713115
156862,0.091638334
156878,0.7888089
156903,0.5502904
156910,0.21428566
156925,0.3400439
156933,0.1778477
156952,0.4850112
156953,0.6085346
156963,0.7611013
156965,0.7900801
156989,0.21365674
156994,0.25147513
156996,0.20689109
157005,0.4883429
157011,0.12766752
157046,0.39054084
157058,0.2538768
157061,0.43808687
157065,0.21600948
157066,0.35869348
157067,0.7423744
157090,0.5392434
157091,0.50462115
157096,0.10716696
157101,0.8000825
157104,0.3527924
157109,0.25071958
157116,0.4548891
157120,0.70503974
157121,0.52474976
157124,0.7457801
157125,0.33526382
157132,0.64474744
157153,0.60255325
157157,0.7320721
157159,0.4522972
157168,0.46598864
157189,0.3466248
157195,0.35778227
157203,0.2041909
157210,0.41358107
157212,0.21276611
157220,0.3619711
157239,0.59447044
157241,0.40420854
157246,0.29406834
157247,0.659624
157252,0.13158208
157253,0.8872043
157265,0.19837837
157291,0.3977536
157292,0.22729674
157301,0.33393618
157306,0.6195736
157312,0.86694336
157314,0.36611786
157332,0.22870965
157333,0.30281857
157337,0.637753
157345,0.5840941
157347,0.4636751
157363,0.70492846
157376,0.14198692
157382,0.35157844
157397,0.11502013
157409,0.15239504
157411,0.21575136
157422,0.16022159
157428,0.2904657
157434,0.73631674
157442,0.29055685
157446,0.20666018
157456,0.23040289
157465,0.3122118
157469,0.31207666
157482,0.36574045
157497,0.28259313
157507,0.086455934
157510,0.52405703
157515,0.15835887
157529,0.43899867
157530,0.6328198
157541,0.7223004
157546,0.8472354
157553,0.26157576
157554,0.3676964
157562,0.49824855
157565,0.7614788
157566,0.35007745
157571,0.1464283
157572,0.089284845
157574,0.06656169
157575,0.33793956
157581,0.78192043
157590,0.8473504
157604,0.15837567
157611,0.55698156
157617,0.75229824
157620,0.50598884
157623,0.4180347
157651,0.49545604
157653,0.29163334
157664,0.6398735
157690,0.5263097
157704,0.51644844
157712,0.5739316
157722,0.64754397
157727,0.2666966
157764,0.1970754
157765,0.6011605
157775,0.20091227
157777,0.5160684
157789,0.6817236
157802,0.599183
157803,0.18907599
157804,0.3164931
157805,0.5985712
157822,0.5142517
157823,0.14393507
157827,0.37324208
157836,0.47141293
157839,0.3334118
157847,0.3164223
157859,0.2846274
157864,0.20802599
157866,0.8594052
157877,0.81594586
157886,0.33326453
157892,0.48413062
157903,0.13304564
157913,0.6356237
157919,0.04659242
157920,0.5014866
157923,0.27877125
157926,0.15200375
157927,0.6669612
157948,0.22984307
157949,0.35512784
157952,0.24895336
157955,0.8222993
157958,0.6431574
157960,0.3626236
157966,0.35149446
157970,0.27950847
157979,0.28768986
157980,0.6495714
157985,0.18009286
157997,0.7288763
157998,0.5780746
158002,0.4450834
158004,0.268457
158005,0.6264116
158007,0.20495412
158008,0.27203447
158015,0.24203534
158033,0.51861763
158036,0.40694475
158041,0.4633905
158044,0.16414258
158049,0.6292811
158061,0.25771344
158078,0.2227722
158099,0.065991916
158100,0.42904088
158102,0.47259784
158107,0.5692912
158114,0.3129733
158127,0.73529935
158128,0.59073424
158142,0.5753815
158145,0.72317386
158146,0.6470296
158167,0.028506922
158176,0.50560135
158184,0.029885117
158197,0.22140561
158201,0.41746473
158202,0.77729386
158205,0.45699668
158208,0.8129864
158211,0.35691804
158215,0.33901265
158218,0.6011775
158221,0.86489284
158223,0.7018573
158230,0.077023454
158234,0.11192574
158235,0.3304834
158245,0.45273465
158254,0.5081582
158267,0.5404223
158277,0.16944948
158283,0.17325823
158289,0.7989728
158290,0.53551555
158298,0.21943003
158307,0.12815258
158332,0.2655599
158336,0.11786678
158342,0.2782129
158344,0.28929868
158347,0.7782226
158352,0.067848384
158354,0.55518436
158355,0.23065874
158357,0.24706763
158365,0.22574067
158366,0.03610906
158367,0.2917987
158368,0.785797
158384,0.56025594
158388,0.09753414
158395,0.4966334
158413,0.49934366
158425,0.34685358
158426,0.38300163
158432,0.08868278
158444,0.56335163
158453,0.1297017
158454,0.5769254
158459,0.18119583
158462,0.37677562
158468,0.34887162
158469,0.32398817
158470,0.26499164
158483,0.4707926
158485,0.25959572
158490,0.6410281
158494,0.3593911
158500,0.27746835
158503,0.1623636
158504,0.084175736
158519,0.3372138
158523,0.42580807
158527,0.1106473
158533,0.100658
158535,0.16932447
158539,0.2972614
158544,0.65894747
158547,0.10783278
158551,0.7878224
158552,0.04906238
158560,0.16707191
158616,0.78123474
158638,0.1887822
158642,0.2824022
158651,0.043973684
158653,0.12299827
158677,0.12909093
158683,0.3776662
158687,0.33087248
158693,0.31821764
158700,0.24716435
158703,0.33456984
158705,0.62345505
158706,0.2869524
158708,0.17232084
158712,0.2576455
158714,0.71618915
158715,0.27941924
158752,0.16291106
158753,0.28067106
158763,0.1539801
158764,0.24967043
158767,0.739825
158770,0.10273803
158781,0.17324398
158789,0.57141757
158790,0.121666424
158791,0.8551143
158795,0.49016502
158796,0.26878756
158800,0.30966702
158806,0.1769208
158807,0.56547797
158815,0.4308687
158824,0.30806148
158828,0.7834017
158831,0.8062944
158840,0.33344266
158841,0.13163674
158847,0.582193
158856,0.423237
158858,0.4637199
158884,0.2920786
158885,0.22649509
158891,0.55411875
158898,0.24112499
158911,0.29791126
158913,0.084892295
158918,0.30892655
158926,0.4048749
158929,0.6023893
158939,0.5092784
158940,0.43761408
158952,0.33254638
158963,0.0979533
158973,0.14682151
158977,0.69884205
158988,0.55601615
159013,0.69415617
159016,0.29549226
159018,0.12760806
159024,0.8518605
159034,0.3861693
159035,0.7368411
159039,0.69552577
159049,0.49325487
159056,0.6013734
159068,0.3688116
159078,0.67973155
159099,0.4759751
159103,0.35217857
159106,0.77854705
159113,0.2501487
159117,0.46090433
159124,0.87838185
159132,0.24180347
159139,0.27160597
159142,0.4479837
159145,0.40976328
159147,0.3339761
159174,0.169004
159201,0.32837766
159203,0.17935961
159212,0.7693034
159214,0.4462505
159221,0.23063715
159240,0.28758428
159241,0.24694613
159242,0.47056764
159244,0.53315365
159250,0.42809618
159275,0.26900673
159284,0.45127904
159293,0.25134522
159295,0.10503028
159301,0.14181218
159310,0.3842336
159314,0.34677064
159318,0.27332938
159333,0.13158596
159334,0.4951159
159335,0.5267041
159337,0.75903225
159338,0.42683166
159340,0.64792985
159361,0.16462515
159384,0.732855
159402,0.4733879
159421,0.15312386
159424,0.7124963
159425,0.05834437
159426,0.3431692
159439,0.47519556
159445,0.34220448
159449,0.13707067
159460,0.8262499
159475,0.41062734
159481,0.49389145
159483,0.25855112
159494,0.2558974
159504,0.13770227
159512,0.48721337
159522,0.7306004
159524,0.49529895
159526,0.15966173
159528,0.22535284
159547,0.7820792
159555,0.09386324
159562,0.2467638
159563,0.041220237
159565,0.7587045
159569,0.618736
159578,0.20342162
159579,0.71022403
159581,0.093723334
159594,0.5769809
159598,0.28122628
159604,0.40733436
159605,0.40186042
159620,0.3993363
159631,0.6340343
159633,0.25766382
159659,0.62797153
159661,0.7734385
159667,0.14943895
159669,0.32043266
159682,0.32564554
159683,0.28500152
159693,0.29784015
159698,0.22552301
159702,0.6959123
159703,0.27902785
159707,0.21913342
159716,0.2812689
159732,0.2678235
159734,0.27926847
159740,0.42692977
159748,0.42576146
159751,0.5744992
159756,0.36122593
159758,0.7838228
159767,0.6269531
159769,0.8914416
159775,0.39163074
159802,0.50535554
159804,0.50804675
159817,0.32629967
159818,0.041759234
159824,0.15584241
159837,0.052204404
159840,0.3616591
159842,0.7710202
159851,0.063672766
159865,0.73902166
159866,0.43303427
159872,0.28069848
159874,0.24660064
159879,0.25990963
159883,0.28317034
159884,0.31793398
159898,0.8029887
159903,0.4617568
159906,0.34339038
159914,0.6435048
159915,0.68811554
159917,0.1298799
159929,0.3272511
159949,0.6557264
159951,0.3971966
159953,0.30438113
159957,0.53538847
159968,0.39675272
159972,0.26206392
159973,0.32999662
159993,0.42532334
160008,0.7013897
160011,0.36193126
160013,0.3991086
160015,0.27710834
160017,0.0726529
160023,0.5239206
160028,0.6244593
160035,0.47422743
160074,0.5601799
160076,0.284289
160077,0.2131314
160080,0.2802456
160084,0.65826434
160089,0.7367263
160094,0.12453657
160101,0.14956163
160103,0.3060221
160111,0.32710052
160114,0.18653995
160116,0.17847045
160119,0.6039466
160123,0.20442274
160141,0.22879511
160147,0.21491493
160151,0.15328531
160172,0.7578289
160173,0.13008021
160177,0.6286139
160178,0.36644825
160180,0.25582433
160181,0.23394024
160188,0.1217422
160189,0.045694165
160193,0.1160027
160205,0.29055792
160214,0.59046364
160215,0.5176984
160217,0.11256799
160262,0.23185068
160263,0.27993435
160273,0.40738145
160282,0.5756529
160295,0.7870763
160297,0.42659047
160303,0.11021445
160305,0.502791
160309,0.22691858
160324,0.19716646
160338,0.7063406
160366,0.44338143
160375,0.12262349
160381,0.10667643
160398,0.19549258
160400,0.3345707
160406,0.22812448
160410,0.20306267
160411,0.10457689
160418,0.2826428
160440,0.047052063
160441,0.4586373
160450,0.82899463
160465,0.28754765
160470,0.4805148
160471,0.55538845
160472,0.8400271
160479,0.6063029
160490,0.19415581
160500,0.6188198
160503,0.19419555
160504,0.41435915
160515,0.3116132
160541,0.60262
160545,0.38635477
160562,0.3477851
160589,0.08263226
160594,0.18595722
160595,0.20994139
160598,0.49086994
160601,0.22824132
160605,0.54757303
160606,0.17211732
160607,0.10852776
160608,0.67237216
160610,0.32110152
160614,0.42183766
160615,0.17975126
160626,0.11038154
160634,0.1435035
160656,0.07251455
160660,0.24577841
160666,0.36493227
160672,0.388691
160673,0.11885908
160674,0.19807234
160681,0.32415548
160683,0.5001519
160694,0.10324768
160710,0.42576852
160715,0.7037709
160719,0.49387157
160732,0.37258264
160734,0.06085188
160737,0.75285125
160742,0.3697955
160747,0.091572925
160749,0.7618094
160753,0.45091945
160756,0.360319
160757,0.6695422
160763,0.050944522
160782,0.32417187
160789,0.3974304
160804,0.15046191
160805,0.6768026
160813,0.27791956
160815,0.12895615
160819,0.16896708
160820,0.43311143
160822,0.18837148
160823,0.28775027
160837,0.24234009
160841,0.17440674
160847,0.634344
160861,0.41711873
160886,0.1475435
160891,0.3588328
160897,0.38696232
160914,0.52718174
160915,0.780049
160929,0.5843313
160930,0.0400655
160931,0.110318094
160935,0.6588521
160939,0.31230983
160953,0.17286927
160954,0.28754482
160962,0.44526306
160966,0.20884043
160982,0.37020913
160983,0.22616374
160991,0.12998499
160998,0.26553416
161009,0.66371524
161014,0.31828603
161017,0.5761782
161021,0.17711411
161023,0.35206527
161027,0.24248883
161028,0.62838954
161030,0.8610856
161031,0.13244496
161033,0.34413484
161050,0.3897191
161053,0.2554639
161054,0.4654594
161055,0.25136527
161059,0.42786255
161061,0.48800462
161065,0.5678449
161069,0.2206279
161072,0.34469286
161073,0.19120063
161080,0.3160103
161083,0.50717145
161104,0.16347305
161111,0.6901921
161139,0.6493115
161149,0.23547503
161158,0.5619982
161171,0.54596704
161175,0.4281404
161201,0.6094658
161202,0.7583934
161205,0.17289254
161228,0.24635673
161233,0.27025262
161234,0.43857655
161237,0.346155
161238,0.37561178
161250,0.69832766
161251,0.45914257
161253,0.1203934
161254,0.31875205
161283,0.36241892
161291,0.42345926
161297,0.23342575
161300,0.35878897
161314,0.6913343
161315,0.34412774
161336,0.4893854
161341,0.7654451
161343,0.5853847
161351,0.75862765
161352,0.42944303
161353,0.4974189
161361,0.54898256
161366,0.26147476
161368,0.7975059
161378,0.40413004
161379,0.47618854
161380,0.28277504
161398,0.72337025
161408,0.08490589
161432,0.20438704
161439,0.52833575
161461,0.2915047
161467,0.5280873
161468,0.37888134
161471,0.39481443
161477,0.46799928
161503,0.22373693
161514,0.19313705
161524,0.7786011
161527,0.48680747
161528,0.11984506
161531,0.7006386
161536,0.3396109
161537,0.28777444
161548,0.30750868
161558,0.18661061
161572,0.10515773
161586,0.11061765
161605,0.37776482
161606,0.40822524
161607,0.36735204
161618,0.55382276
161640,0.35230133
161658,0.5898701
161660,0.20021512
161661,0.54167664
161662,0.73847324
161677,0.63059384
161681,0.42932227
161682,0.17032726
161683,0.27395442
161685,0.13633788
161686,0.1566232
161687,0.28221744
161691,0.2860211
161701,0.55411685
161707,0.31608224
161709,0.20362699
161710,0.23372471
161711,0.2674808
161714,0.63223165
161742,0.29019785
161751,0.18620504
161764,0.40727273
161771,0.41622248
161781,0.40852213
161782,0.39275187
161800,0.12851277
161810,0.5285404
161812,0.50310296
161813,0.16701245
161816,0.07481325
161838,0.57394046
161841,0.33452162
161845,0.24365899
161871,0.28443852
161877,0.663533
161882,0.2635891
161885,0.53017765
161886,0.22047648
161895,0.3716269
161897,0.73376244
161914,0.595367
161921,0.54648024
161922,0.28334528
161927,0.886495
161946,0.09920939
161952,0.114882424
161954,0.62479025
161955,0.39447075
161961,0.7142602
161977,0.64538604
161980,0.33217388
161989,0.66201144
161993,0.62256587
162002,0.32455286
162011,0.33255535
162012,0.07440543
162015,0.3157448
162016,0.2858523
162019,0.20598917
162021,0.5418347
162022,0.63918763
162023,0.42899027
162025,0.24848008
162028,0.10684809
162029,0.28703138
162030,0.11504889
162031,0.8275108
162033,0.5658066
162037,0.046379514
162044,0.5335956
162071,0.52296805
162093,0.4620031
162094,0.45732164
162100,0.061458506
162102,0.70325536
162105,0.26682028
162109,0.659879
162116,0.5442096
162117,0.06841861
162118,0.81426275
162120,0.50470966
162125,0.22548887
162128,0.7931704
162131,0.64765686
162133,0.58229566
162135,0.32683015
162156,0.16383463
162157,0.37368897
162165,0.49239758
162166,0.17110853
162170,0.50662374
162201,0.23290381
162202,0.50258565
162206,0.03136686
162211,0.3782159
162227,0.21079303
162232,0.17548862
162235,0.21735339
162237,0.806106
162248,0.22758386
162261,0.4569119
162262,0.1370594
162280,0.14210127
162282,0.12057177
162284,0.5345525
162287,0.7021572
162305,0.18142086
162308,0.20184533
162309,0.34290996
162312,0.2901377
162313,0.09475034
162316,0.24652074
162324,0.51515347
162325,0.4671172
162333,0.23309676
162334,0.23970708
162337,0.3284271
162340,0.35983244
162344,0.6043228
162347,0.40887657
162350,0.23281804
162351,0.6084403
162365,0.19106652
162368,0.22955112
162379,0.6109199
162383,0.28129756
162392,0.42950135
162393,0.3956252
162397,0.5995536
162398,0.615598
162406,0.43506047
162410,0.3189111
162418,0.23819198
162420,0.5314533
162424,0.450244
162425,0.22881414
162438,0.45013988
162442,0.11445934
162462,0.20730595
162476,0.1113615
162477,0.1139756
162480,0.43073025
162491,0.36500585
162493,0.42137048
162503,0.31961492
162504,0.27553225
162513,0.3601988
162516,0.82274044
162517,0.19957057
162522,0.41880903
162523,0.51161647
162542,0.53155154
162584,0.6192525
162586,0.44833893
162589,0.22303212
162594,0.2784534
162616,0.28668293
162630,0.49035218
162637,0.5074603
162652,0.18867451
162659,0.7843437
162668,0.12718321
162674,0.19294746
162680,0.40968138
162685,0.81668836
162689,0.80500805
162711,0.2720033
162714,0.17906018
162732,0.11824195
162741,0.17921115
162758,0.5133457
162759,0.31744027
162775,0.69070554
162776,0.3199254
162777,0.13966803
162782,0.311585
162786,0.24179342
162794,0.4329355
162799,0.076195285
162801,0.6828981
162802,0.56377524
162807,0.28239524
162820,0.3841991
162827,0.12710005
162833,0.24622725
162837,0.1106628
162844,0.18535095
162860,0.1181714
162862,0.09737604
162864,0.49452904
162868,0.44012287
162880,0.1980973
162895,0.92675036
162898,0.62733483
162918,0.63892853
162924,0.5200819
162931,0.53979635
162936,0.28853878
162978,0.718288
162979,0.13256675
162988,0.27080107
162989,0.57155824
163013,0.6539113
163014,0.20549394
163021,0.38177815
163024,0.12730598
163027,0.10372735
163030,0.22356378
163031,0.11662665
163032,0.16663052
163039,0.4095363
163042,0.13687994
163048,0.1969575
163049,0.21751861
163068,0.27736825
163071,0.17198542
163074,0.62603205
163079,0.346402
163080,0.102613635
163085,0.35125014
163093,0.37934807
163094,0.63061255
163109,0.4341267
163116,0.27626717
163117,0.50729275
163118,0.27662167
163119,0.8708197
163121,0.25202754
163131,0.24185681
163132,0.39695308
163133,0.6791039
163182,0.3595315
163187,0.22703038
163188,0.7592018
163195,0.1542403
163197,0.25627244
163200,0.043351848
163206,0.76753783
163207,0.27330366
163214,0.5739284
163222,0.083116435
163224,0.24791539
163226,0.6906907
163235,0.5297831
163240,0.4240157
163258,0.63096464
163263,0.15545382
163264,0.7382694
163265,0.4289821
163266,0.4612293
163268,0.757058
163272,0.10512296
163273,0.6656708
163278,0.73421884
163288,0.027920853
163299,0.6420119
163302,0.5639072
163307,0.21241146
163321,0.46426925
163349,0.45826006
163352,0.6020305
163353,0.62938607
163357,0.5927709
163362,0.20342584
163375,0.18295862
163385,0.18510903
163386,0.60926265
163390,0.28708616
163408,0.6146504
163423,0.15938616
163426,0.616504
163437,0.7308053
163452,0.312776
163472,0.54978454
163473,0.18112157
163479,0.27679157
163480,0.16629617
163487,0.37044483
163492,0.7712146
163493,0.40415534
163523,0.57417375
163524,0.46001878
163527,0.45306495
163528,0.53620034
163531,0.05311897
163538,0.4334397
163556,0.21273799
163563,0.87227666
163566,0.53929776
163570,0.20959468
163571,0.22597097
163574,0.1353609
163578,0.19887215
163580,0.5564603
163597,0.74770814
163601,0.3995589
163604,0.5472775
163609,0.345041
163618,0.5454656
163634,0.78381914
163647,0.50409245
163660,0.75026816
163661,0.26254866
163666,0.2187255
163667,0.6190915
163669,0.28848693
163676,0.1754286
163681,0.13451454
163682,0.34156203
163684,0.34941876
163714,0.76346457
163724,0.22680807
163728,0.58840483
163729,0.1208997
163738,0.11507552
163742,0.4169004
163743,0.67704934
163748,0.4307949
163759,0.30033424
163782,0.076704904
163793,0.33418283
163800,0.16526441
163801,0.38210368
163802,0.36790293
163814,0.3751415
163820,0.2963861
163821,0.18062788
163848,0.18829465
163852,0.35003147
163854,0.22795631
163855,0.66074026
163882,0.152195
163895,0.49336988
163900,0.7339303
163907,0.7086724
163915,0.11738232
163926,0.49586266
163929,0.20372134
163934,0.4753654
163940,0.54327893
163943,0.38433713
163944,0.23771633
163949,0.22214068
163951,0.29619494
163952,0.2737772
163965,0.61963
163970,0.1549492
163980,0.35524496
163981,0.32582077
163988,0.66008186
163989,0.57446444
163991,0.20240495
164015,0.3550862
164028,0.30365047
164030,0.38540706
164031,0.41434777
164037,0.08355177
164049,0.2750997
164052,0.35178062
164059,0.15602404
164083,0.5603634
164095,0.1855481
164106,0.8498127
164116,0.20123194
164117,0.824418
164119,0.26638332
164133,0.689185
164134,0.39060995
164142,0.31277618
164143,0.1280821
164147,0.24566165
164148,0.63636464
164150,0.78875697
164152,0.28733364
164156,0.65593874
164157,0.43798298
164158,0.21800494
164166,0.6341782
164191,0.114016205
164194,0.31164387
164198,0.101784304
164201,0.05515065
164202,0.2897499
164207,0.79640424
164228,0.19350456
164240,0.37058225
164241,0.18843845
164244,0.21561933
164256,0.65927094
164262,0.3452534
164269,0.041889176
164276,0.14652885
164281,0.75882167
164290,0.32643515
164300,0.86618155
164305,0.62031895
164307,0.2638004
164308,0.24968018
164309,0.098228805
164314,0.32949612
164319,0.2618803
164331,0.24203227
164332,0.16419461
164343,0.46620554
164349,0.3871882
164363,0.18649791
164373,0.53811073
164410,0.7444873
164417,0.38686517
164436,0.31739637
164438,0.093547374
164441,0.47194463
164445,0.23818024
164451,0.3221672
164452,0.1275621
164502,0.46425307
164513,0.5853066
164526,0.83804226
164527,0.1644754
164528,0.5715025
164530,0.28956446
164537,0.42951384
164542,0.46034837
164546,0.3197468
164555,0.85418844
164556,0.045794647
164568,0.76802075
164571,0.6776875
164572,0.8045873
164574,0.28363165
164580,0.22457352
164597,0.13994029
164601,0.09024552
164619,0.31611717
164633,0.26946402
164642,0.39083284
164652,0.6198725
164676,0.30984297
164682,0.25170845
164685,0.5031905
164691,0.57447004
164696,0.2881439
164708,0.5107341
164711,0.5993141
164712,0.63993555
164717,0.4175344
164721,0.28440133
164740,0.1630897
164746,0.07763744
164755,0.38098285
164761,0.1400812
164764,0.2075155
164766,0.9160975
164776,0.84011894
164777,0.18951623
164783,0.36315572
164786,0.18579492
164799,0.48254484
164808,0.47512934
164812,0.3174406
164815,0.7107543
164816,0.2044087
164817,0.53481597
164818,0.5915639
164819,0.834349
164821,0.3052523
164822,0.19549364
164825,0.15330216
164834,0.5360247
164841,0.08620073
164842,0.5107874
164853,0.21916959
164855,0.6816794
164856,0.1603549
164878,0.12081556
164883,0.32887352
164887,0.2732494
164888,0.24102378
164889,0.4645497
164891,0.84002036
164892,0.101059705
164922,0.12027624
164924,0.5312822
164933,0.76780325
164938,0.23500943
164939,0.588026
164949,0.2650334
164950,0.16255257
164957,0.78694427
164961,0.56971204
164963,0.20792209
164972,0.15486845
164980,0.1008343
164981,0.34497207
165020,0.37955993
165027,0.24747036
165046,0.34882888
165048,0.64157057
165049,0.5366979
165058,0.24998721
165065,0.1111036
165081,0.32208392
165082,0.5194064
165090,0.3021047
165107,0.17087612
165131,0.36631832
165133,0.5077113
165137,0.1244229
165140,0.6435076
165142,0.25470075
165143,0.5938894
165152,0.5638933
165154,0.39833233
165158,0.45605865
165166,0.26849487
165168,0.53307223
165171,0.20080784
165175,0.40080345
165182,0.11018139
165188,0.76077557
165190,0.14795974
165199,0.20736794
165202,0.7010824
165203,0.5823825
165204,0.731063
165208,0.30552843
165221,0.3953882
165243,0.09230965
165283,0.41446117
165300,0.12423556
165302,0.6277625
165304,0.20518272
165313,0.3818756
165336,0.7392903
165339,0.5337345
165363,0.85726553
165376,0.4194259
165380,0.69623303
165385,0.15168214
165386,0.32157966
165410,0.10368364
165422,0.15110162
165426,0.20130105
165428,0.39801767
165445,0.55417323
165452,0.25505134
165454,0.14684133
165455,0.20336315
165462,0.2110478
165465,0.45052016
165466,0.44296664
165467,0.70971555
165476,0.45619565
165477,0.18085146
165478,0.88388044
165497,0.27959272
165500,0.341048
165511,0.475003
165513,0.5058856
165515,0.8242996
165521,0.07706035
165522,0.3643005
165523,0.43557853
165530,0.4642518
165537,0.32519007
165538,0.101769745
165539,0.43674126
165545,0.08781804
165550,0.26930135
165551,0.37383702
165552,0.5177562
165557,0.2690643
165558,0.399237
165560,0.2205374
165574,0.757841
165576,0.7810773
165587,0.49860594
165601,0.05138682
165605,0.08370053
165606,0.14921981
165607,0.21916717
165624,0.73250264
165632,0.36940715
165633,0.45318386
165634,0.43294576
165646,0.15582712
165649,0.14502668
165651,0.54325855
165661,0.2401722
165666,0.2728649
165669,0.42116866
165674,0.14435467
165685,0.6434425
165687,0.31727457
165692,0.37894422
165721,0.57684666
165726,0.69865346
165748,0.4327819
165749,0.5219586
165752,0.3339458
165755,0.4539007
165758,0.27976793
165761,0.14717293
165762,0.5804836
165780,0.43445578
165781,0.18637387
165789,0.56285113
165802,0.112316735
165806,0.37080494
165817,0.51666695
165822,0.8525615
165837,0.050371602
165840,0.70392483
165846,0.081731476
165853,0.22487116
165864,0.80973494
165865,0.369218
165868,0.38264358
165869,0.22195612
165871,0.5353473
165880,0.30956057
165887,0.54133636
165904,0.59365577
165907,0.18940932
165910,0.6141026
165915,0.46640396
165917,0.33558747
165918,0.698821
165919,0.45032832
165923,0.44939926
165931,0.16585556
165932,0.37235346
165934,0.8876679
165939,0.43115404
165944,0.5613876
165951,0.82966214
165955,0.12146297
165959,0.8001063
165966,0.68663967
165970,0.3404558
165975,0.13766034
165977,0.08753277
165990,0.7965831
165997,0.1634413
166003,0.48957172
166008,0.17502818
166020,0.33530614
166025,0.25907788
166033,0.21304245
166038,0.20752613
166042,0.4255198
166049,0.07390756
166071,0.05894668
166091,0.6964564
166093,0.77239496
166095,0.31221107
166104,0.1961718
166107,0.22223273
166108,0.09669698
166110,0.24546708
166112,0.5406642
166135,0.2907309
166136,0.23946056
166138,0.5517817
166153,0.78093094
166155,0.62100863
166158,0.39635137
166164,0.65363955
166186,0.57928306
166191,0.46084517
166196,0.20296277
166197,0.6495017
166202,0.42245075
166215,0.26341146
166230,0.2040971
166243,0.6068922
166244,0.36993808
166255,0.19778524
166258,0.47158527
166263,0.72482073
166271,0.25901216
166283,0.39150372
166286,0.3380892
166291,0.2799821
166294,0.60870284
166303,0.6478664
166306,0.5515348
166309,0.3201345
166316,0.5668607
166317,0.12283161
166321,0.6873588
166331,0.3634472
166349,0.44693485
166374,0.09111799
166387,0.08605664
166393,0.33773682
166400,0.15725772
166420,0.039696947
166446,0.06330555
166449,0.39264354
166452,0.32299724
166495,0.18195657
166501,0.2307309
166514,0.60168654
166515,0.34354633
166521,0.45070994
166525,0.13426173
166529,0.13452642
166536,0.5917941
166542,0.212331
166543,0.7788735
166545,0.13722424
166550,0.4362285
166560,0.0965734
166567,0.38106343
166570,0.20466457
166573,0.21395655
166582,0.83672154
166583,0.6613774
166590,0.1332345
166594,0.6364523
166618,0.81134635
166623,0.56105936
166626,0.37885907
166641,0.71306306
166654,0.170037
166682,0.6517696
166685,0.4776244
166688,0.2831862
166692,0.2496009
166701,0.2733271
166702,0.570631
166705,0.13239704
166713,0.38550657
166733,0.052493826
166734,0.35593447
166738,0.45610866
166739,0.054554153
166740,0.22807188
166755,0.6718597
166761,0.671178
166764,0.4983152
166773,0.31672296
166774,0.27993977
166814,0.32304645
166819,0.5629159
166834,0.6661841
166841,0.7885474
166848,0.6800169
166857,0.63324386
166858,0.058878783
166873,0.18467078
166889,0.13932367
166890,0.11668282
166891,0.48516738
166902,0.496495
166908,0.4311648
166916,0.43512505
166920,0.40330836
166922,0.3851449
166926,0.3961805
166928,0.4047152
166930,0.7482001
166931,0.12596864
166932,0.08974481
166937,0.11910806
166941,0.1920123
166944,0.27442253
166960,0.3233062
166972,0.28563857
166973,0.66632646
166978,0.16203527
166984,0.43382084
166994,0.36678883
166995,0.33115464
166996,0.07064359
167001,0.085550345
167006,0.5180386
167007,0.15079197
167037,0.7796501
167041,0.4471892
167051,0.76389706
167052,0.52043873
167054,0.32260424
167057,0.47217456
167058,0.56474775
167059,0.21592538
167060,0.18076229
167066,0.107528135
167077,0.39567807
167078,0.27726954
167080,0.49397406
167089,0.5583588
167090,0.3905723
167091,0.46469915
167096,0.28523222
167105,0.6365223
167121,0.2641407
167128,0.3918214
167131,0.8151593
167139,0.396876
167140,0.63243455
167149,0.5671331
167152,0.8572014
167153,0.6103076
167163,0.6225011
167167,0.5202744
167171,0.1680207
167178,0.22840454
167179,0.27331832
167182,0.16408041
167187,0.25677997
167192,0.3524139
167208,0.29304636
167212,0.7030475
167217,0.46792167
167230,0.4401031
167236,0.07933266
167238,0.6726991
167239,0.2837741
167257,0.67470866
167260,0.60700387
167264,0.35577676
167271,0.3759466
167273,0.6972901
167276,0.5540431
167283,0.528794
167295,0.16664551
167296,0.6693763
167299,0.68959534
167310,0.079900846
167313,0.5577075
167323,0.14005025
167328,0.8104606
167329,0.45564023
167333,0.21075903
167349,0.37042168
167351,0.21996044
167359,0.31198853
167363,0.19608909
167371,0.05300915
167384,0.4508357
167387,0.39630064
167389,0.20180707
167393,0.24760477
167401,0.35639745
167427,0.2116865
167428,0.15660003
167433,0.5143407
167434,0.28360814
167437,0.37074748
167438,0.11641917
167454,0.5665923
167475,0.04431633
167480,0.3506332
167491,0.14059383
167494,0.5136407
167495,0.36723697
167503,0.3257104
167521,0.36858052
167529,0.4738776
167530,0.113883354
167550,0.31025088
167554,0.43840528
167557,0.68990296
167562,0.16915485
167566,0.22625919
167572,0.799619
167573,0.58247405
167578,0.50209796
167592,0.63186425
167597,0.36117765
167621,0.48813614
167622,0.17652084
167631,0.71791124
167637,0.8083112
167638,0.40180567
167645,0.18714961
167648,0.763464
167697,0.6570991
167698,0.13131815
167701,0.36758313
167708,0.21346955
167714,0.1883652
167717,0.6573074
167727,0.24106029
167737,0.224833
167746,0.67467016
167751,0.65688074
167753,0.45627448
167755,0.5220709
167771,0.30678305
167805,0.50029266
167811,0.31383297
167815,0.21025829
167829,0.15101558
167830,0.32024264
167834,0.3319365
167841,0.66409993
167846,0.21685004
167851,0.86973447
167871,0.050092697
167890,0.2947873
167898,0.072256126
167901,0.028674675
167902,0.332085
167907,0.6521925
167911,0.3511066
167912,0.11045119
167916,0.51778007
167917,0.14351298
167928,0.55250704
167940,0.29075298
167947,0.4340492
167948,0.36037123
167953,0.1272837
167957,0.58773065
167958,0.24930207
167968,0.094445035
167970,0.43801758
167977,0.29682702
167980,0.27918443
167993,0.4141332
167994,0.7110555
167998,0.26555488
168000,0.58303106
168006,0.5295515
168011,0.46316656
168012,0.1963535
168013,0.17671485
168022,0.16107956
168026,0.57273144
168032,0.06044773
168046,0.569247
168054,0.48138395
168071,0.5445475
168078,0.6332413
168092,0.55270284
168093,0.62750643
168097,0.1749473
168105,0.75267816
168107,0.52310705
168108,0.57602674
168115,0.7715567
168127,0.5176866
168133,0.79608643
168135,0.2770638
168162,0.19523746
168163,0.28499404
168165,0.7765617
168169,0.4036543
168171,0.60309
168174,0.313014
168175,0.8461512
168186,0.22572608
168202,0.316917
168204,0.21563995
168208,0.2738054
168229,0.4171598
168239,0.27605873
168245,0.37170932
168276,0.096811935
168309,0.6999924
168313,0.7730034
168322,0.26388663
168323,0.030213434
168326,0.7106599
168331,0.45467415
168349,0.47616088
168384,0.22992022
168398,0.11690011
168403,0.08856709
168405,0.6059244
168416,0.1464567
168418,0.67989165
168420,0.50402224
168422,0.10408662
168436,0.62945175
168438,0.17708309
168443,0.18821958
168444,0.3117136
168446,0.13263685
168454,0.44380698
168459,0.5371566
168462,0.38371652
168472,0.3433846
168485,0.03033561
168496,0.6885771
168503,0.22243157
168515,0.40683338
168516,0.38942197
168520,0.7775642
168521,0.43792936
168531,0.07632654
168542,0.4742353
168548,0.44916138
168551,0.114404045
168575,0.10895435
168580,0.3540942
168588,0.61389494
168593,0.28542164
168614,0.3843689
168615,0.20642589
168622,0.15334037
168623,0.22625244
168634,0.15206178
168645,0.7196631
168651,0.7178223
168683,0.30473268
168691,0.7749891
168708,0.69367594
168716,0.658136
168718,0.38720667
168720,0.7385264
168722,0.79462874
168731,0.6556352
168736,0.5208167
168738,0.54530835
168747,0.381252
168751,0.7067033
168752,0.48510963
168753,0.1411395
168774,0.7692198
168782,0.17995791
168788,0.055376966
168790,0.3489509
168791,0.69796765
168793,0.6518164
168796,0.50536394
168802,0.38268507
168803,0.1781537
168810,0.72355926
168817,0.10311552
168820,0.7055192
168823,0.26002035
168827,0.5290475
168828,0.6235428
168831,0.54096097
168842,0.64255345
168845,0.2747794
168855,0.5963419
168856,0.55408293
168861,0.38318193
168876,0.15445131
168897,0.5776116
168899,0.2206655
168913,0.62166905
168915,0.20687386
168916,0.18432507
168929,0.6021651
168930,0.13867562
168933,0.74452686
168954,0.5253195
168957,0.5586689
168959,0.07105581
168960,0.35355788
168961,0.60615283
168968,0.36885998
168969,0.4613795
168994,0.25468254
168995,0.43449864
169003,0.19495368
169004,0.8530372
169008,0.41945788
169009,0.5526702
169014,0.41183037
169030,0.0543086
169048,0.5724668
169061,0.6875034
169070,0.72855425
169092,0.05204134
169117,0.50601393
169118,0.7314122
169121,0.4062154
169123,0.39270392
169124,0.7935799
169137,0.5988382
169138,0.12720235
169143,0.072315045
169165,0.58371365
169166,0.29413867
169167,0.51485837
169168,0.5464667
169175,0.045861736
169184,0.27659416
169195,0.27699986
169196,0.08783566
169197,0.6773918
169202,0.8896462
169204,0.5019378
169212,0.4126695
169214,0.68302935
169218,0.828476
169239,0.16559325
169248,0.17315036
169252,0.28260803
169254,0.6685052
169257,0.43032524
169264,0.8078199
169267,0.292655
169269,0.7881773
169278,0.13695997
169297,0.2651392
169299,0.68897784
169301,0.63151675
169306,0.1775576
169323,0.47189566
169328,0.49255207
169330,0.40520248
169331,0.14166594
169346,0.5749391
169348,0.43306592
169350,0.37960675
169353,0.17673957
169355,0.7327317
169364,0.8076741
169365,0.33235818
169367,0.11508208
169370,0.20601366
169378,0.6468926
169385,0.019475533
169387,0.54672474
169389,0.3879022
169395,0.5172506
169412,0.2847609
169426,0.7581593
169427,0.55974877
169432,0.4098154
169436,0.81944853
169453,0.2990576
169455,0.7321425
169457,0.28533122
169458,0.10688808
169461,0.464021
169467,0.4079363
169470,0.30196485
169477,0.091773055
169481,0.22089468
169483,0.7339337
169490,0.6921418
169491,0.093479395
169495,0.22721124
169504,0.58152497
169514,0.2888032
169517,0.6525383
169523,0.17366304
169528,0.73845464
169534,0.49674767
169535,0.29454687
169537,0.22591531
169541,0.67429036
169546,0.08590235
169549,0.038688205
169554,0.6216822
169561,0.102352515
169571,0.059358362
169580,0.6554153
169597,0.13252278
169598,0.18576929
169625,0.68948144
169626,0.5951845
169627,0.6694916
169628,0.30572322
169629,0.46044034
169658,0.5039007
169659,0.31034932
169668,0.36499593
169669,0.5966406
169673,0.11770992
169674,0.19810401
169676,0.7577187
169677,0.3858628
169678,0.4936665
169680,0.18414935
169695,0.531384
169698,0.61383575
169710,0.78652704
169719,0.18794222
169720,0.5206814
169722,0.26747057
169735,0.4522192
169745,0.20897959
169749,0.66482997
169754,0.12198651
169760,0.2833445
169772,0.19453122
169773,0.13252243
169780,0.15659192
169788,0.12842202
169793,0.5871748
169809,0.7005135
169810,0.37765405
169824,0.068966046
169831,0.47708005
169833,0.48252553
169836,0.085920766
169859,0.2906398
169864,0.86602515
169872,0.12503216
169895,0.6749259
169911,0.06043018
169914,0.37637067
169960,0.50430226
169961,0.784898
169964,0.23352109
169974,0.15933196
169988,0.12261484
169989,0.031186063
169995,0.14066881
170007,0.19518968
170026,0.2922192
170030,0.88636667
170033,0.59508604
170041,0.5855197
170043,0.14155003
170048,0.12576798
170050,0.21211872
170051,0.36387977
170056,0.61607856
170072,0.8507766
170076,0.2680813
170080,0.6824928
170101,0.3096013
170102,0.2627288
170107,0.722972
170115,0.37534803
170119,0.2613748
170128,0.31886625
170129,0.079499654
170134,0.8092132
170136,0.53623825
170139,0.29215935
170140,0.4491203
170143,0.6349119
170148,0.8675822
170159,0.46073472
170163,0.49495703
170164,0.6407996
170173,0.21444967
170178,0.40616348
170179,0.2965056
170199,0.50348574
170203,0.18921646
170207,0.6260622
170211,0.21184304
170217,0.16551656
170224,0.16307352
170225,0.34599704
170255,0.5535412
170258,0.36428866
170259,0.25048092
170262,0.24502021
170278,0.35746473
170284,0.38301837
170285,0.7994767
170292,0.16582216
170293,0.48139608
170301,0.34011623
170302,0.73300636
170305,0.80422705
170309,0.4857628
170310,0.42042488
170326,0.5393532
170327,0.09981404
170328,0.47805777
170329,0.45498884
170330,0.26336324
170331,0.24998295
170337,0.3130915
170340,0.5447448
170341,0.18518184
170343,0.4963487
170361,0.39892265
170366,0.37275797
170376,0.51838017
170382,0.8373733
170396,0.109140545
170400,0.5360349
170403,0.36872065
170409,0.5598234
170410,0.11533958
170421,0.62345445
170425,0.15849257
170427,0.20542456
170428,0.36733142
170435,0.19435225
170438,0.08746385
170442,0.46175933
170446,0.54822356
170461,0.11385189
170473,0.82580155
170477,0.4466803
170516,0.17589846
170517,0.1778632
170522,0.4381684
170523,0.31665605
170534,0.3318314
170535,0.6823804
170538,0.61944324
170549,0.4868386
170556,0.2712008
170563,0.3462215
170570,0.46630564
170580,0.2577232
170582,0.18866122
170584,0.6265222
170585,0.1484561
170587,0.35370046
170590,0.5552116
170598,0.30988327
170599,0.23702137
170601,0.21589196
170612,0.7739243
170617,0.31587
170620,0.56500876
170629,0.22587736
170647,0.6074393
170651,0.17297116
170654,0.5519738
170657,0.6295385
170662,0.25951603
170707,0.49135846
170719,0.53624743
170722,0.26736704
170723,0.37025982
170731,0.7824483
170735,0.26499993
170750,0.22244011
170769,0.42455882
170770,0.36078024
170776,0.7382364
170783,0.3865063
170789,0.7194256
170800,0.660443
170809,0.5760623
170810,0.35708284
170811,0.230038
170827,0.04018167
170842,0.22442375
170854,0.39783823
170857,0.6092266
170865,0.48167008
170867,0.09005471
170869,0.6778424
170870,0.56208515
170878,0.5223958
170881,0.5651393
170910,0.5521382
170913,0.6360278
170919,0.50863147
170932,0.4131777
170939,0.8332933
170947,0.38932618
170950,0.6068201
170953,0.55890906
170954,0.36407536
170970,0.40571728
170972,0.20169817
170973,0.5755447
170980,0.23455694
170981,0.54758215
170983,0.7642817
170998,0.5530226
171001,0.49525416
171004,0.30726534
171020,0.12096904
171023,0.17556426
171026,0.211001
171060,0.69997257
171061,0.44774184
171065,0.2612486
171077,0.26033747
171081,0.1174886
171103,0.83473414
171110,0.25635976
171114,0.1644366
171118,0.13944644
171119,0.49901977
171120,0.566645
171137,0.707151
171147,0.21819419
171153,0.72730243
171156,0.8098235
171158,0.29118985
171163,0.43699548
171169,0.2786879
171170,0.54354477
171172,0.16119389
171173,0.18935966
171176,0.3390639
171181,0.541453
171182,0.65059745
171191,0.28285265
171193,0.40952322
171195,0.70462126
171198,0.08831708
171205,0.12861031
171212,0.7315524
171237,0.46615037
171241,0.22437382
171262,0.525792
171263,0.28095716
171266,0.3504557
171274,0.49516565
171290,0.35972497
171291,0.6976003
171297,0.09358956
171307,0.16901742
171311,0.8377056
171320,0.29619575
171322,0.066017635
171328,0.25999197
171337,0.19905265
171346,0.09486938
171348,0.5527883
171354,0.4353012
171358,0.3441545
171359,0.15557817
171360,0.3982198
171369,0.19120042
171379,0.31016207
171384,0.21642356
171388,0.42194504
171390,0.45947763
171394,0.14716783
171395,0.47492313
171399,0.7569125
171403,0.23656633
171422,0.12277188
171423,0.21904811
171469,0.3084581
171480,0.41060746
171487,0.055547964
171497,0.5247115
171502,0.6076345
171503,0.09813548
171506,0.5011289
171521,0.11288952
171530,0.27760196
171540,0.43406624
171541,0.57323885
171544,0.40796018
171551,0.5043517
171582,0.7699777
171587,0.14233631
171597,0.5769777
171603,0.39007312
171610,0.45900378
171614,0.160596
171619,0.32015735
171621,0.18506084
171625,0.27708846
171626,0.24554032
171638,0.26002595
171642,0.38321906
171658,0.18184327
171674,0.5629133
171677,0.42015713
171684,0.36294654
171685,0.7450454
171686,0.32036826
171695,0.09158339
171702,0.3637658
171703,0.09370855
171704,0.33968282
171705,0.22415443
171706,0.25298256
171709,0.09297358
171712,0.26523066
171716,0.08610644
171730,0.5571361
171748,0.08653645
171757,0.45558885
171767,0.19638327
171768,0.6769236
171771,0.4753556
171775,0.15224013
171778,0.6417667
171780,0.8528939
171781,0.0547593
171785,0.11801821
171786,0.7464161
171789,0.22632217
171802,0.045339804
171803,0.5111053
171812,0.6764247
171862,0.30422655
171864,0.771733
171891,0.8198246
171892,0.20472205
171913,0.14914894
171914,0.8337953
171922,0.65408915
171927,0.469643
171933,0.4624954
171934,0.07050109
171943,0.45102376
171945,0.5223594
171960,0.19245723
171964,0.26854226
171975,0.42428893
171994,0.5719919
171996,0.6628134
171997,0.08659108
172000,0.26789808
172029,0.16032858
172038,0.28868774
172039,0.44790626
172043,0.35448426
172046,0.26788473
172048,0.24956243
172049,0.2120167
172053,0.5114908
172054,0.59173626
172058,0.24106285
172060,0.27136582
172061,0.078471065
172067,0.39817798
172072,0.3908012
172073,0.47366065
172098,0.35894635
172100,0.4662015
172101,0.6007776
172113,0.8157653
172144,0.32841188
172147,0.28690428
172149,0.53458613
172168,0.2901856
172169,0.29526556
172175,0.1892678
172197,0.31388068
172200,0.7757165
172205,0.655296
172207,0.47593394
172210,0.26762187
172261,0.47349986
172279,0.46711043
172294,0.27657014
172300,0.04738395
172301,0.64284533
172310,0.26838788
172351,0.08961039
172353,0.20776017
172358,0.02158778
172374,0.45788646
172380,0.45168626
172384,0.14232707
172400,0.07345536
172403,0.4857172
172408,0.46045935
172411,0.12471206
172420,0.060800534
172426,0.86466765
172433,0.3044633
172434,0.4690422
172442,0.27512842
172443,0.70281523
172452,0.6404236
172454,0.31667903
172456,0.76924086
172460,0.4669582
172470,0.11866082
172479,0.6610818
172481,0.2647913
172483,0.08925455
172484,0.8016036
172485,0.42492777
172486,0.52145046
172493,0.38684863
172494,0.29399434
172497,0.55509716
172504,0.3246362
172518,0.7061124
172523,0.42419627
172527,0.35574841
172533,0.30937636
172536,0.22485477
172540,0.45815295
172541,0.30009076
172543,0.20937651
172545,0.6828681
172547,0.28307813
172551,0.17927223
172556,0.2711253
172562,0.17634901
172570,0.29104915
172574,0.36899638
172575,0.57539445
172599,0.037465584
172611,0.69871134
172612,0.07518685
172616,0.09429194
172623,0.5167865
172627,0.29783803
172635,0.7573199
172643,0.20520452
172644,0.08893156
172652,0.43644586
172656,0.23012984
172661,0.16601367
172664,0.30846742
172672,0.48352826
172678,0.21819548
172680,0.41709694
172683,0.2904577
172684,0.7151479
172690,0.25068527
172695,0.4388187
172696,0.091940396
172701,0.24660733
172713,0.5390173
172714,0.14585683
172731,0.095494084
172738,0.06425792
172761,0.13855101
172767,0.36216962
172770,0.7851708
172771,0.1104015
172799,0.13395621
172800,0.35760802
172804,0.7923856
172805,0.18894729
172820,0.3435082
172829,0.76926154
172831,0.6417366
172833,0.35572314
172843,0.11244061
172853,0.23932032
172855,0.31766433
172856,0.69964284
172857,0.13196532
172863,0.04335848
172877,0.49397242
172881,0.4397908
172895,0.39206192
172896,0.22770956
172910,0.075769514
172922,0.08261374
172939,0.6205619
172942,0.70132387
172945,0.16355811
172948,0.24059919
172949,0.712888
172953,0.07380881
172967,0.76473707
172993,0.2660757
172995,0.34784824
172996,0.7854545
172997,0.23019157
172998,0.63526094
172999,0.6079002
173004,0.3003678
173006,0.8009792
173007,0.4803969
173013,0.342344
173016,0.40191507
173020,0.7034398
173030,0.5485228
173048,0.2541445
173056,0.1859839
173066,0.13318798
173079,0.44965023
173107,0.6555157
173109,0.069263875
173127,0.16277528
173128,0.40033212
173130,0.3502462
173137,0.4333118
173157,0.12723541
173160,0.41024956
173168,0.28553453
173193,0.064326555
173197,0.7817746
173215,0.066623904
173216,0.707327
173227,0.1790983
173236,0.6852778
173237,0.31830674
173247,0.2996403
173250,0.8487367
173259,0.4276114
173277,0.50402695
173285,0.3029798
173286,0.17760928
173299,0.49142683
173310,0.7799878
173312,0.36759737
173313,0.3371582
173320,0.28717998
173330,0.66038936
173333,0.272036
173351,0.21875621
173370,0.8646417
173372,0.2548958
173381,0.7130407
173386,0.06945859
173387,0.5843849
173388,0.6893465
173393,0.20125273
173394,0.6856164
173403,0.16873027
173467,0.33348465
173469,0.6010251
173475,0.4887522
173476,0.18777396
173477,0.028561188
173484,0.46781105
173485,0.18708886
173488,0.59425956
173491,0.35928762
173520,0.0987672
173522,0.65626943
173535,0.3251018
173539,0.6568634
173549,0.09561342
173552,0.21268617
173565,0.53898776
173586,0.21570897
173587,0.3374175
173588,0.17572008
173595,0.23745315
173606,0.6557056
173620,0.58436495
173623,0.2367538
173629,0.16638654
173647,0.15002178
173649,0.11609687
173650,0.3709415
173652,0.18226995
173654,0.66391814
173665,0.2718005
173667,0.7493791
173685,0.5972738
173710,0.60574573
173711,0.4438833
173713,0.56149864
173718,0.6015749
173743,0.30037978
173744,0.5681561
173762,0.47026342
173768,0.34128773
173769,0.89122623
173770,0.2601411
173773,0.5746272
173779,0.25675285
173780,0.23091981
173781,0.6819385
173783,0.4812645
173795,0.50459784
173800,0.80211264
173812,0.05908541
173823,0.31511635
173834,0.5412237
173874,0.24631514
173891,0.4721321
173904,0.56686825
173909,0.16041806
173925,0.28737944
173941,0.3452462
173942,0.18815276
173944,0.42788908
173955,0.31832114
173959,0.48092195
174000,0.4265332
174004,0.42864567
174006,0.20531903
174008,0.56962895
174012,0.31591934
174017,0.26980463
174020,0.21788712
174044,0.28334713
174051,0.1294646
174052,0.32067946
174059,0.50040835
174060,0.30300176
174061,0.3918092
174063,0.47125307
174068,0.35703948
174069,0.37009105
174072,0.32470676
174074,0.24775209
174091,0.09267012
174092,0.54873693
174098,0.76408654
174105,0.5151406
174107,0.15276644
174110,0.15339392
174121,0.22757687
174126,0.32473674
174153,0.17381197
174156,0.5249584
174160,0.19996962
174173,0.14903453
174183,0.08141034
174185,0.22142935
174188,0.681442
174198,0.19886293
174206,0.1430138
174207,0.23822223
174211,0.47469807
174239,0.5929467
174260,0.69997764
174261,0.2817559
174262,0.7380768
174264,0.16403915
174271,0.7529558
174275,0.8474847
174277,0.5981966
174286,0.103602484
174301,0.12551197
174312,0.5966077
174314,0.23416732
174322,0.46884382
174323,0.52519625
174325,0.6293849
174326,0.34589282
174327,0.29691842
174334,0.7960558
174360,0.094076395
174362,0.7058011
174367,0.16788603
174371,0.21971989
174372,0.22868344
174384,0.1283081
174390,0.33606833
174391,0.2036486
174396,0.07957412
174412,0.5000799
174423,0.62588567
174428,0.59122676
174429,0.7428294
174438,0.266191
174481,0.48632455
174483,0.4312635
174484,0.05867676
174485,0.8023519
174488,0.4383493
174497,0.040487383
174509,0.6367906
174513,0.47005752
174514,0.6497219
174520,0.36855468
174526,0.41956532
174532,0.09485697
174536,0.4463506
174537,0.36810523
174538,0.7965796
174539,0.7601898
174540,0.13934688
174549,0.07634803
174551,0.4275308
174563,0.5993541
174574,0.77893007
174575,0.7231233
174586,0.0434003
174590,0.42073852
174606,0.42754337
174607,0.52200013
174609,0.28309572
174610,0.50376815
174630,0.45572367
174631,0.14102721
174661,0.340897
174665,0.15148082
174666,0.28075293
174677,0.12292764
174690,0.15450221
174700,0.17937714
174702,0.32012773
174703,0.2644314
174713,0.12099301
174721,0.48202768
174726,0.14297435
174729,0.4424876
174741,0.18309042
174742,0.7115827
174754,0.2473608
174757,0.14956383
174782,0.8907506
174795,0.6382317
174805,0.09643256
174806,0.31751156
174809,0.23715927
174810,0.4083151
174829,0.06770294
174830,0.68233395
174832,0.33805496
174836,0.6355608
174839,0.08839507
174843,0.31301498
174854,0.3735548
174861,0.45377272
174863,0.27656204
174867,0.28828493
174871,0.5366705
174887,0.3732157
174890,0.6005063
174897,0.14650308
174901,0.69043577
174903,0.10755731
174912,0.18985593
174913,0.39333308
174920,0.7085551
174922,0.88192695
174924,0.40720108
174925,0.30675527
174928,0.3289045
174938,0.53134656
174939,0.13880281
174943,0.1617245
174950,0.23806451
174954,0.1695002
174955,0.23727186
174957,0.37232608
174965,0.32905436
174966,0.30592936
174967,0.42649603
174977,0.5491306
174983,0.32051858
174986,0.5787711
174987,0.42467883
175012,0.46220767
175015,0.4506052
175025,0.4411588
175027,0.5984231
175029,0.1994331
175056,0.7079242
175075,0.4696402
175081,0.5784701
175097,0.63413286
175128,0.48625857
175129,0.12806071
175138,0.4729164
175169,0.48173928
175183,0.5760652
175211,0.19573419
175212,0.5662373
175215,0.20368613
175223,0.50907516
175225,0.1317262
175233,0.3674019
175250,0.13286385
175253,0.14391758
175257,0.20268989
175260,0.20944771
175261,0.26880682
175264,0.110644974
175284,0.6310048
175288,0.095736034
175295,0.27669594
175309,0.20587867
175310,0.33384806
175313,0.74395484
175334,0.14120038
175337,0.23736794
175346,0.069334306
175347,0.33518454
175349,0.3745895
175350,0.52551204
175351,0.35752776
175367,0.76998353
175369,0.30904245
175371,0.6581813
175372,0.1274501
175392,0.76649374
175400,0.17072469
175402,0.18025237
175403,0.73920983
175407,0.4808937
175408,0.15764071
175414,0.41217178
175431,0.08246273
175435,0.45270553
175442,0.0977666
175454,0.34031254
175456,0.296288
175457,0.3761064
175464,0.26944494
175465,0.2794267
175477,0.21640565
175488,0.31256884
175495,0.4563843
175499,0.56726766
175500,0.31543377
175515,0.4677005
175519,0.12898833
175520,0.21185087
175531,0.23392984
175534,0.14442328
175543,0.62787867
175566,0.13230103
175568,0.20983218
175573,0.4267494
175574,0.6102536
175576,0.4278206
175591,0.29646796
175593,0.3051883
175605,0.8201557
175609,0.33670077
175617,0.0558848
175624,0.819016
175629,0.29070356
175633,0.062092263
175645,0.54626614
175649,0.09177342
175650,0.26792613
175653,0.321189
175659,0.07330432
175660,0.026778948
175661,0.38381335
175664,0.15765549
175665,0.22301705
175677,0.29720306
175682,0.5955765
175684,0.6531246
175687,0.2359568
175690,0.57111704
175706,0.13585313
175722,0.40738097
175724,0.26677197
175730,0.7099577
175731,0.04612508
175737,0.27247822
175743,0.6764286
175745,0.5790841
175758,0.61108625
175768,0.23540199
175769,0.45440963
175773,0.22530901
175775,0.57462895
175794,0.14881837
175798,0.48531199
175809,0.6772345
175818,0.24460816
175830,0.039394982
175835,0.14075232
175840,0.7020189
175864,0.2869224
175875,0.28737134
175890,0.15257086
175892,0.19804235
175914,0.2593707
175930,0.80022895
175935,0.3713593
175955,0.17702761
175958,0.40318766
175959,0.28132823
175960,0.60789126
175964,0.1015713
175968,0.10815898
175986,0.58557796
175987,0.66847205
175997,0.31763926
175998,0.5358645
176003,0.25561485
176004,0.5616579
176021,0.33760408
176034,0.30426976
176035,0.52122253
176043,0.7535034
176045,0.37552917
176051,0.28117687
176052,0.24407466
176059,0.05737625
176067,0.35256177
176073,0.61638284
176076,0.18950598
176077,0.07123817
176085,0.07755812
176088,0.59965205
176095,0.47945872
176118,0.51889485
176129,0.55401975
176177,0.36335686
176183,0.25382218
176206,0.6767934
176218,0.2074216
176240,0.20130871
176253,0.119484685
176260,0.71736366
176275,0.3346119
176285,0.35452303
176288,0.54107577
176289,0.6904145
176290,0.4464407
176297,0.3102921
176300,0.77407855
176301,0.6571829
176319,0.24331659
176322,0.3802953
176337,0.120420896
176346,0.5001424
176347,0.5384069
176352,0.40097612
176358,0.14829594
176359,0.6218048
176365,0.4654971
176371,0.2281236
176403,0.54560447
176419,0.46480113
176428,0.12684199
176429,0.7693461
176430,0.3727014
176432,0.37856787
176437,0.5445964
176440,0.28294873
176441,0.70355684
176450,0.44224223
176454,0.47074786
176459,0.42256856
176460,0.42636228
176467,0.48090452
176472,0.8221984
176482,0.52237606
176483,0.92727387
176486,0.33031666
176487,0.24601051
176494,0.3264578
176497,0.22306639
176500,0.42052755
176509,0.5794135
176511,0.431269
176512,0.13325827
176522,0.37169018
176525,0.3794565
176526,0.69595367
176537,0.33869812
176538,0.54898375
176572,0.30912563
176573,0.31471565
176574,0.6767247
176579,0.37014195
176580,0.49999243
176592,0.8085389
176601,0.24186663
176603,0.43071002
176605,0.4277074
176606,0.14897686
176615,0.26259154
176620,0.42453367
176634,0.4954389
176635,0.108539805
176638,0.26216808
176639,0.41717988
176641,0.50809866
176661,0.2388044
176668,0.66580796
176669,0.59566766
176683,0.5679527
176688,0.13108727
176700,0.5470156
176702,0.27138597
176705,0.14679435
176709,0.14237599
176710,0.66768277
176720,0.50674146
176726,0.025060685
176731,0.57738423
176732,0.58764136
176733,0.26638815
176734,0.39500213
176736,0.48458454
176741,0.16819264
176756,0.10695282
176785,0.2311765
176790,0.099132076
176793,0.2082172
176820,0.54868495
176827,0.27347794
176828,0.09915237
176839,0.38391587
176848,0.12438075
176850,0.50207675
176853,0.07097576
176866,0.06340831
176867,0.45466563
176875,0.37544346
176883,0.7850082
176888,0.6725955
176890,0.75525033
176898,0.65516734
176917,0.5185437
176925,0.4043913
176929,0.26696265
176934,0.5609567
176938,0.7465644
176953,0.40650642
176957,0.72685724
176970,0.18582536
176997,0.35079116
177029,0.4517152
177030,0.20942703
177031,0.35060602
177032,0.33164665
177047,0.3105711
177048,0.218572
177051,0.38474247
177055,0.25659075
177060,0.343951
177064,0.75455946
177065,0.07294173
177069,0.4676066
177076,0.38799497
177085,0.3267832
177087,0.32853976
177105,0.4013601
177126,0.2981212
177133,0.20321557
177141,0.18208049
177146,0.37244356
177156,0.58659256
177179,0.31126672
177187,0.8978281
177192,0.7579356
177203,0.24900429
177228,0.6701848
177229,0.54322165
177249,0.3751589
177250,0.6910858
177253,0.3459779
177260,0.44177926
177262,0.3885854
177270,0.48495966
177275,0.56019145
177284,0.40503195
177285,0.73147553
177314,0.5969057
177319,0.6653479
177325,0.052622233
177327,0.5238582
177339,0.64635867
177344,0.614854
177378,0.56046116
177384,0.44824713
177385,0.1843221
177386,0.18007791
177387,0.37902477
177405,0.3613305
177423,0.54974777
177424,0.03013442
177425,0.2605751
177430,0.6354485
177435,0.44534644
177447,0.41662285
177448,0.27817369
177449,0.19788887
177451,0.39567322
177460,0.68632334
177479,0.21337004
177489,0.29152307
177504,0.13324593
177505,0.50915647
177511,0.48136163
177524,0.25388283
177526,0.14115328
177535,0.16996472
177558,0.38653278
177562,0.7413996
177569,0.2240638
177579,0.10731083
177580,0.43331844
177583,0.10295689
177584,0.5691249
177585,0.494921
177605,0.6830532
177606,0.14818797
177618,0.42832938
177639,0.85871685
177649,0.22408725
177656,0.24083847
177657,0.14377704
177661,0.42719153
177665,0.3023894
177669,0.22355004
177680,0.3991704
177688,0.81679124
177689,0.14655037
177694,0.1849653
177696,0.50355977
177700,0.31607842
177705,0.4019513
177710,0.46666107
177720,0.24141335
177728,0.32868263
177729,0.62856025
177731,0.2917791
177733,0.64410627
177749,0.42445922
177751,0.3165841
177767,0.55505335
177776,0.41851804
177780,0.70571804
177783,0.061858468
177785,0.6904549
177791,0.18708488
177797,0.2590453
177798,0.23061822
177799,0.05612377
177802,0.18617345
177803,0.26783803
177805,0.07558061
177820,0.0759986
177824,0.2904827
177825,0.3721329
177829,0.4463486
177839,0.42506382
177861,0.2674418
177865,0.483944
177867,0.091643445
177875,0.558943
177876,0.8094379
177878,0.59990126
177883,0.35880953
177886,0.05824154
177891,0.7577953
177892,0.41302878
177902,0.22978972
177904,0.6008481
177931,0.65770274
177939,0.23956308
177944,0.71445465
177946,0.28897986
177959,0.55288374
177977,0.48301688
177992,0.5623134
177993,0.71150297
178005,0.3909734
178008,0.28061604
178009,0.27143425
178012,0.7760312
178015,0.10232959
178018,0.31491452
178037,0.44573438
178050,0.06518379
178058,0.6583129
178060,0.20731184
178064,0.7937296
178074,0.27952713
178077,0.49329746
178094,0.30198583
178095,0.7513982
178096,0.55260015
178107,0.33556703
178117,0.23057196
178146,0.21417172
178154,0.3642903
178160,0.47507772
178164,0.27496624
178172,0.08883255
178174,0.72829145
178182,0.7995194
178184,0.66671145
178196,0.47739944
178223,0.5863037
178225,0.533403
178226,0.4965799
178240,0.5787124
178242,0.32151496
178250,0.64995027
178268,0.34312811
178282,0.3790304
178285,0.6784379
178288,0.31763583
178290,0.014156505
178295,0.1769082
178312,0.18214759
178317,0.2980604
178342,0.7584787
178343,0.37629893
178344,0.47237632
178346,0.2063414
178353,0.70905316
178356,0.8799192
178358,0.24898265
178359,0.4272227
178362,0.8225351
178380,0.17276843
178387,0.32440776
178391,0.7026674
178395,0.6410066
178408,0.6195295
178415,0.064488105
178421,0.095442176
178424,0.8389938
178428,0.47023827
178432,0.2873492
178433,0.251696
178436,0.3598296
178442,0.32977465
178453,0.24357918
178459,0.3745895
178467,0.43475553
178472,0.5354579
178491,0.10077364
178499,0.35876253
178504,0.48616478
178506,0.5309948
178509,0.30765775
178517,0.19751632
178525,0.38619757
178530,0.48106217
178531,0.6558724
178537,0.34795386
178553,0.39434782
178557,0.21298434
178565,0.30853957
178566,0.29467312
178579,0.15031177
178586,0.6957703
178589,0.2851787
178592,0.32630783
178610,0.07535478
178620,0.50607467
178621,0.12309081
178622,0.6140772
178643,0.15046014
178665,0.2724368
178671,0.22072932
178675,0.16730171
178692,0.38421538
178722,0.32970348
178723,0.3431934
178726,0.5045165
178731,0.7266332
178737,0.46786225
178739,0.44126505
178745,0.082894586
178766,0.31895486
178771,0.6087336
178775,0.13135871
178785,0.13578765
178789,0.5153284
178790,0.40563577
178792,0.64124185
178804,0.20092909
178817,0.3334255
178821,0.3272205
178825,0.32812282
178830,0.2404374
178831,0.53375
178832,0.49263382
178847,0.31654325
178853,0.33688188
178856,0.64054614
178867,0.3098332
178868,0.20029302
178881,0.2526689
178887,0.29785904
178888,0.75457907
178908,0.3591975
178909,0.3697773
178942,0.6045829
178943,0.85912955
178946,0.28417665
178947,0.769154
178950,0.768058
178958,0.6518565
178976,0.16821438
178986,0.23484455
178989,0.11916763
178995,0.69610924
178996,0.56384885
179006,0.531098
179025,0.39114702
179034,0.29799074
179038,0.73238546
179043,0.22614416
179050,0.17639978
179051,0.54769075
179076,0.85287654
179077,0.18694295
179091,0.37161022
179092,0.44977015
179111,0.33041325
179128,0.47722387
179132,0.66198534
179137,0.3731331
179138,0.46763745
179146,0.44585583
179148,0.646059
179149,0.24445522
179150,0.24586353
179155,0.23714608
179164,0.23700425
179177,0.046951134
179178,0.34104553
179182,0.7074705
179184,0.18097723
179186,0.6130685
179191,0.7000703
179194,0.525493
179201,0.4127819
179210,0.043796334
179211,0.41569844
179212,0.46464252
179216,0.66531605
179229,0.16255727
179235,0.27997118
179236,0.4147405
179241,0.3572167
179244,0.4802563
179249,0.432317
179256,0.87927115
179260,0.5308433
179262,0.6050408
179264,0.42222416
179268,0.36097038
179272,0.2705477
179280,0.24853082
179287,0.21977542
179288,0.17443101
179290,0.0703915
179295,0.12399465
179298,0.37579942
179306,0.2436751
179307,0.19731137
179310,0.8489455
179314,0.15903012
179317,0.418116
179319,0.54495394
179327,0.10837736
179336,0.4853742
179342,0.16789328
179344,0.7822692
179347,0.122492544
179357,0.2436139
179368,0.5564793
179413,0.19741727
179425,0.24469447
179435,0.39392364
179447,0.31249872
179449,0.1263383
179458,0.12409592
179460,0.257329
179475,0.48714554
179486,0.5335944
179493,0.16426754
179499,0.17669642
179501,0.30310306
179508,0.2501474
179511,0.1529623
179513,0.3865071
179519,0.4894899
179537,0.32269615
179550,0.1554894
179559,0.35819453
179560,0.16120948
179578,0.56991494
179583,0.15146902
179590,0.117091335
179597,0.098161794
179599,0.14322907
179602,0.6842954
179609,0.11773517
179621,0.5394325
179624,0.61563283
179625,0.24144053
179630,0.19403978
179640,0.29556683
179641,0.17187494
179644,0.10580309
179649,0.31751305
179650,0.69930685
179652,0.35896087
179653,0.32587725
179660,0.56301016
179662,0.20102943
179673,0.54808724
179678,0.34845373
179679,0.4941341
179686,0.093584076
179721,0.09070326
179733,0.5824674
179736,0.6369987
179737,0.14305305
179748,0.59110546
179750,0.8004017
179751,0.32922176
179752,0.67876583
179753,0.4206827
179765,0.17126687
179768,0.5034837
179798,0.12257137
179827,0.21632287
179837,0.07242036
179838,0.42756623
179851,0.49930218
179868,0.66701186
179875,0.38632837
179876,0.13308425
179882,0.4640569
179883,0.30175582
179894,0.14846765
179905,0.49517453
179907,0.551925
179919,0.23123112
179926,0.30623117
179936,0.11077753
179941,0.39294246
179945,0.5404572
179951,0.525213
179960,0.17497477
179967,0.15736063
179980,0.744095
179985,0.8207251
179997,0.2932848
180001,0.5717534
180007,0.17948458
180011,0.7882713
180017,0.27171403
180027,0.36789292
180033,0.45967928
180036,0.8706815
180037,0.24268284
180041,0.8323089
180042,0.8210537
180050,0.8275815
180059,0.1561395
180066,0.2075865
180067,0.5558695
180085,0.24134046
180092,0.2013486
180099,0.25401583
180101,0.76714957
180115,0.5121012
180122,0.44244415
180126,0.19763142
180127,0.4014692
180140,0.43326005
180141,0.06770885
180158,0.20438434
180163,0.6851006
180178,0.11738676
180189,0.20926382
180198,0.4177522
180201,0.5981272
180202,0.61044365
180209,0.62302864
180239,0.50399554
180244,0.3413399
180270,0.056070406
180271,0.26389512
180286,0.16078293
180287,0.2996456
180291,0.18175398
180293,0.23555836
180296,0.50916845
180297,0.24371783
180305,0.36725962
180318,0.2746074
180319,0.28807276
180322,0.11845505
180323,0.230396
180331,0.3460151
180365,0.12746637
180368,0.62590265
180369,0.33673468
180382,0.31971613
180387,0.17223635
180388,0.8467793
180389,0.39092785
180398,0.1338409
180399,0.101839304
180402,0.45954555
180406,0.33495715
180407,0.20489268
180408,0.6735031
180413,0.24310815
180416,0.4272468
180420,0.17279568
180429,0.83812284
180430,0.8938356
180431,0.2114376
180438,0.14679123
180441,0.16996533
180448,0.53022695
180453,0.09368897
180478,0.74882793
180480,0.4343758
180510,0.23254007
180524,0.5853137
180534,0.113849305
180537,0.88146305
180545,0.20786232
180550,0.4619657
180559,0.061328728
180583,0.3296444
180587,0.04387497
180594,0.3269567
180597,0.6425195
180598,0.63206536
180599,0.6577074
180601,0.7431741
180624,0.6872353
180625,0.84607637
180634,0.2222348
180647,0.1711903
180652,0.3318403
180656,0.7358189
180664,0.31778973
180666,0.5629368
180674,0.27242628
180679,0.45141616
180685,0.53439415
180692,0.6705265
180698,0.30229047
180699,0.22993721
180700,0.13900103
180702,0.31085655
180710,0.28809214
180736,0.2597855
180739,0.57941353
180741,0.5929567
180743,0.7422455
180747,0.07751921
180754,0.66153115
180755,0.21717517
180756,0.11283239
180768,0.2507291
180773,0.215824
180775,0.5083565
180784,0.61758673
180787,0.22719859
180795,0.22852321
180796,0.50847083
180799,0.16774862
180811,0.5347615
180813,0.29465586
180827,0.19658227
180828,0.44575536
180833,0.6030406
180834,0.50824684
180847,0.26469
180852,0.69350445
180853,0.46590006
180854,0.15922797
180855,0.6080997
180856,0.46397367
180858,0.23823844
180859,0.6746365
180867,0.3474766
180868,0.22713402
180872,0.32030618
180873,0.51236457
180874,0.7847608
180875,0.4127282
180878,0.30807075
180888,0.19938916
180889,0.16600168
180891,0.10849999
180902,0.21231163
180907,0.7628379
180913,0.27112597
180916,0.2369381
180954,0.3429844
180962,0.31303144
180963,0.14046013
180967,0.57034683
180971,0.67941016
180975,0.40483114
180985,0.4839569
180991,0.21363911
181009,0.22415932
181012,0.11283192
181015,0.6382036
181034,0.54132324
181064,0.60853547
181071,0.3643383
181083,0.50647867
181084,0.1238989
181085,0.23677959
181088,0.34239566
181098,0.6651195
181110,0.8133028
181111,0.4808602
181112,0.08739088
181114,0.47720277
181117,0.78367823
181157,0.13471323
181160,0.5577612
181161,0.51872927
181165,0.527846
181179,0.83438325
181186,0.44223028
181196,0.5090197
181197,0.83800584
181204,0.46705997
181213,0.2219416
181214,0.8423169
181221,0.37958816
181224,0.2670742
181226,0.3874114
181236,0.665807
181256,0.84159976
181257,0.16777201
181279,0.4169615
181282,0.34291983
181285,0.49490476
181288,0.2219232
181289,0.6766379
181290,0.1550128
181298,0.14791204
181299,0.3376043
181307,0.27066717
181312,0.72295994
181318,0.48385257
181322,0.49688998
181338,0.57576716
181340,0.20255238
181342,0.062995136
181344,0.28793988
181350,0.3446266
181373,0.5493342
181374,0.60314864
181375,0.1827813
181379,0.43104944
181381,0.1812346
181385,0.6115661
181388,0.21200086
181392,0.46065113
181393,0.39295888
181425,0.030971842
181465,0.21438484
181481,0.4336657
181484,0.42873296
181494,0.1508468
181501,0.2537502
181507,0.24507828
181521,0.36352158
181524,0.1560258
181538,0.79442984
181540,0.30167922
181547,0.7036831
181551,0.13251239
181555,0.60016465
181561,0.33878937
181564,0.35811362
181567,0.61238813
181599,0.26102167
181602,0.7480191
181612,0.5201423
181613,0.3193381
181615,0.4933831
181621,0.18416938
181622,0.49733138
181629,0.5249456
181630,0.13200025
181633,0.359257
181635,0.50220984
181641,0.18916544
181643,0.6737962
181644,0.71168524
181649,0.1292063
181659,0.28810892
181660,0.15464896
181665,0.61443233
181666,0.45975462
181672,0.52521324
181682,0.72453785
181693,0.59852535
181697,0.45855233
181703,0.16508335
181704,0.29554105
181720,0.287684
181722,0.34323674
181732,0.5315849
181733,0.32298642
181736,0.20505401
181737,0.24944477
181747,0.2542436
181758,0.81828463
181764,0.35473302
181770,0.56104296
181774,0.7022084
181783,0.6387071
181788,0.21991616
181789,0.3419649
181804,0.45768383
181809,0.36233294
181821,0.565091
181836,0.13756694
181863,0.20092797
181867,0.3451924
181868,0.72068644
181871,0.4160061
181904,0.8129616
181931,0.19012651
181932,0.37206474
181941,0.46867958
181944,0.67533237
181958,0.5933537
181971,0.21927339
181986,0.30222636
182002,0.26992607
182007,0.25762555
182012,0.28301248
182022,0.23013349
182031,0.59112114
182050,0.54152167
182053,0.46313834
182071,0.5200168
182072,0.5674546
182073,0.32924718
182102,0.23020971
182106,0.25957018
182116,0.18452412
182117,0.6069633
182118,0.08623683
182124,0.6776521
182125,0.5655244
182145,0.3295045
182150,0.517864
182154,0.20445944
182167,0.14468795
182179,0.63071
182181,0.26502296
182183,0.20883597
182218,0.17985754
182225,0.14256895
182226,0.57059824
182266,0.6852646
182272,0.49153632
182275,0.43557355
182295,0.7198052
182305,0.09818935
182312,0.38634995
182313,0.122842535
182327,0.10699538
182337,0.38084936
182340,0.11375047
182341,0.28411674
182342,0.19641668
182345,0.41987094
182353,0.13354647
182355,0.083540015
182371,0.13376251
182376,0.14119697
182381,0.104040675
182382,0.14566486
182384,0.29907155
182387,0.5592888
182412,0.20052576
182419,0.48985848
182432,0.45934922
182438,0.4528901
182448,0.76610255
182450,0.510141
182465,0.13554688
182468,0.097989224
182474,0.3811016
182483,0.33795413
182484,0.66469294
182485,0.15333226
182486,0.4092558
182489,0.61146104
182500,0.2514867
182501,0.32963234
182504,0.84770036
182514,0.18306772
182524,0.30124474
182525,0.4644748
182533,0.18259382
182536,0.4229264
182539,0.40578437
182550,0.14651375
182553,0.40300268
182568,0.24862874
182571,0.15284263
182573,0.24080949
182580,0.25464633
182615,0.44966695
182618,0.20502032
182624,0.13956742
182644,0.32983422
182686,0.7810727
182687,0.3017475
182695,0.85996133
182718,0.592275
182726,0.48688087
182735,0.4830845
182742,0.33718255
182747,0.2916449
182748,0.2417147
182752,0.39541668
182761,0.7049355
182800,0.15243118
182802,0.48156577
182807,0.55012065
182816,0.51007074
182818,0.19808169
182826,0.50647366
182836,0.10044072
182840,0.8134809
182841,0.64597833
182846,0.3605459
182862,0.53028476
182864,0.44495907
182871,0.50383323
182878,0.38465688
182880,0.44935474
182885,0.08267056
182893,0.31595603
182894,0.5086358
182895,0.31074184
182901,0.66405433
182907,0.6225425
182921,0.6509234
182952,0.26243177
182964,0.69597584
182966,0.8272944
182980,0.11887738
182985,0.79573274
182989,0.57878417
182994,0.38964242
183035,0.8516496
183037,0.7915545
183042,0.2337026
183049,0.22504379
183050,0.11251646
183051,0.18172418
183062,0.12359319
183063,0.19681802
183064,0.26718602
183076,0.399601
183078,0.77520055
183086,0.27651078
183089,0.44095686
183091,0.4000499
183097,0.36505505
183104,0.101025246
183118,0.550096
183119,0.6815415
183134,0.45046878
183142,0.44369566
183157,0.17299052
183162,0.32126603
183180,0.10983393
183193,0.5797781
183213,0.297283
183216,0.73439217
183223,0.19596805
183226,0.2414053
183264,0.27524462
183273,0.57049334
183278,0.09758814
183282,0.32109818
183283,0.57003236
183286,0.20029676
183288,0.30152085
183299,0.41051054
183310,0.14145595
183315,0.46586612
183332,0.17956927
183336,0.37329727
183341,0.27566504
183342,0.24890853
183345,0.12092163
183347,0.55595046
183360,0.43276197
183362,0.25311875
183370,0.27796212
183379,0.12405831
183386,0.56813073
183410,0.7008524
183417,0.34804812
183419,0.20326188
183421,0.20416066
183425,0.83474326
183427,0.4601082
183433,0.7622288
183434,0.5518212
183438,0.06773109
183439,0.24092285
183440,0.542913
183450,0.45577022
183451,0.6996039
183453,0.094494164
183454,0.23070596
183455,0.66878253
183457,0.19494094
183463,0.8056683
183475,0.18538137
183478,0.7172911
183480,0.5214021
183490,0.11449473
183494,0.7007315
183503,0.3562227
183512,0.73807126
183517,0.5164321
183530,0.6970018
183532,0.13055764
183533,0.08435159
183536,0.17506628
183545,0.17675065
183549,0.2083953
183550,0.16752054
183551,0.67040473
183555,0.52529496
183560,0.28780288
183585,0.18634714
183591,0.22000572
183592,0.09951877
183603,0.8182028
183610,0.40302634
183628,0.64758384
183644,0.3886895
183646,0.7388638
183649,0.19987781
183656,0.59571886
183658,0.8664799
183688,0.04735714
183690,0.23523152
183691,0.43978828
183697,0.66855687
183709,0.4594446
183711,0.4856748
183714,0.6385606
183725,0.37357783
183736,0.475286
183742,0.08656338
183772,0.5059888
183776,0.58069664
183787,0.24698976
183792,0.681542
183793,0.56761736
183799,0.83310544
183816,0.35799122
183818,0.7523561
183832,0.11205905
183836,0.14944887
183839,0.2270984
183840,0.38193154
183855,0.13174652
183857,0.34886447
183863,0.505263
183866,0.30919
183876,0.5621416
183878,0.7532231
183897,0.15841466
183902,0.3326077
183915,0.1308307
183925,0.8645771
183936,0.26374972
183939,0.41388497
183951,0.12944655
183956,0.27251193
183957,0.2382811
183974,0.18726626
183982,0.34468612
183994,0.23045227
184008,0.32430118
184013,0.6710411
184016,0.14811842
184019,0.14920515
184024,0.28636006
184025,0.49448302
184038,0.13807157
184045,0.18411347
184056,0.28254956
184060,0.4894747
184071,0.18900038
184073,0.38410136
184074,0.13407898
184077,0.1083096
184105,0.3571317
184106,0.4346293
184133,0.53732264
184154,0.86930573
184163,0.17154287
184165,0.5805382
184193,0.74689287
184194,0.398979
184195,0.06862439
184202,0.500558
184226,0.92726237
184230,0.31492913
184231,0.7215953
184234,0.56986594
184238,0.104923055
184248,0.22666831
184257,0.21194491
184268,0.32242483
184282,0.15604262
184291,0.32635212
184294,0.15739168
184295,0.8133166
184304,0.26328275
184309,0.15680152
184318,0.27503288
184325,0.3842621
184329,0.10423456
184330,0.15157399
184333,0.75705653
184337,0.02751925
184338,0.6837816
184340,0.0683984
184341,0.48113468
184347,0.5374448
184354,0.32049868
184355,0.3376336
184372,0.17977697
184384,0.2874836
184385,0.14800462
184386,0.0953821
184389,0.71176416
184401,0.1180869
184405,0.47334644
184431,0.70330584
184450,0.19444074
184453,0.86887443
184470,0.3623567
184471,0.29265648
184486,0.56559
184488,0.16944626
184489,0.30127513
184497,0.3854014
184508,0.22445315
184509,0.29183188
184516,0.38701817
184525,0.4411163
184526,0.3168536
184531,0.30749452
184557,0.24475922
184576,0.1143841
184589,0.104031555
184605,0.09849747
184613,0.53865045
184630,0.23237723
184635,0.2205745
184636,0.11552844
184643,0.13224393
184645,0.4513796
184653,0.51863956
184655,0.4944233
184656,0.38141662
184660,0.51522356
184716,0.40019816
184736,0.14699872
184758,0.53077596
184767,0.69758826
184770,0.45643038
184773,0.2244979
184776,0.6332584
184792,0.36578766
184812,0.28854322
184820,0.38065946
184829,0.17285368
184831,0.5985485
184832,0.21961989
184834,0.20544958
184847,0.47523454
184848,0.3794709
184858,0.11301858
184866,0.20263971
184869,0.44072628
184870,0.5047008
184873,0.116119884
184874,0.124517076
184876,0.5175648
184879,0.6862498
184880,0.19005288
184885,0.3115822
184896,0.31189317
184916,0.8155369
184918,0.27265564
184919,0.38683444
184921,0.49331382
184936,0.3002566
184944,0.69121265
184956,0.47514257
184963,0.49844202
184964,0.0805969
184965,0.5450875
184972,0.55443406
184977,0.36869022
184982,0.23566693
184988,0.7253647
184992,0.40793654
184994,0.10374754
184998,0.7422842
185017,0.14918095
185024,0.15125273
185032,0.36883152
185037,0.32512367
185040,0.050151803
185043,0.4363412
185048,0.22452621
185059,0.37330803
185076,0.59574735
185083,0.15708068
185090,0.44807494
185099,0.34581742
185101,0.19868192
185106,0.22832914
185121,0.6781255
185125,0.728508
185126,0.83496976
185127,0.6152104
185153,0.44262296
185167,0.6470467
185171,0.38630435
185178,0.40729988
185180,0.4136282
185181,0.12928997
185183,0.5076356
185186,0.6998924
185187,0.4122618
185188,0.268759
185189,0.2613859
185194,0.7184297
185207,0.40425926
185209,0.22605675
185210,0.5224403
185212,0.118832596
185220,0.5451542
185221,0.5618172
185230,0.47710314
185231,0.33385742
185245,0.12984805
185249,0.68555975
185262,0.14569071
185285,0.7905826
185286,0.4033856
185288,0.2838965
185296,0.278115
185298,0.87613106
185299,0.05863227
185308,0.23098652
185311,0.26927936
185313,0.4213065
185314,0.37062764
185332,0.67257035
185337,0.20353316
185338,0.13850223
185339,0.48223612
185341,0.49494296
185342,0.31118843
185344,0.2700781
185349,0.5132742
185362,0.33078465
185363,0.5353963
185394,0.07181857
185410,0.5856142
185418,0.17397153
185423,0.46929842
185428,0.32044137
185442,0.7390498
185447,0.38077044
185450,0.19245046
185454,0.10480888
185475,0.7338968
185481,0.4418988
185483,0.21771492
185485,0.63347185
185496,0.09424897
185504,0.09127423
185505,0.032457236
185512,0.39072222
185515,0.092304334
185534,0.36338225
185536,0.28175527
185538,0.37368682
185552,0.16359818
185569,0.54855025
185576,0.16157708
185578,0.4496613
185581,0.67378664
185584,0.19309032
185585,0.23136893
185586,0.5479762
185592,0.29213455
185604,0.07362761
185606,0.06426792
185607,0.47909454
185618,0.56684816
185622,0.41430616
185628,0.69346523
185629,0.19336936
185634,0.29604477
185637,0.6939842
185638,0.07480127
185640,0.7655658
185641,0.08675589
185645,0.3097775
185646,0.59503037
185647,0.18066052
185662,0.47798836
185669,0.5527411
185675,0.107592195
185687,0.2823745
185688,0.30135217
185689,0.34746036
185690,0.4222437
185697,0.3223555
185710,0.5704479
185733,0.160611
185740,0.64034325
185806,0.44312528
185812,0.7690096
185824,0.33304355
185825,0.16236696
185826,0.63217795
185827,0.7725802
185828,0.1406894
185837,0.37035626
185859,0.47822806
185861,0.13913473
185872,0.12356948
185874,0.28162736
185891,0.55372834
185893,0.3119274
185897,0.37243465
185900,0.25928745
185910,0.42977875
185919,0.059481647
185932,0.2326951
185937,0.426596
185939,0.20059809
185965,0.18985973
185968,0.6523908
185971,0.13950303
185978,0.52454555
185980,0.21036272
185981,0.38573572
185982,0.49692413
185991,0.22475639
185997,0.20119727
185998,0.46699807
186014,0.18385476
186021,0.2723408
186025,0.56719786
186034,0.3455359
186054,0.28311756
186061,0.45297813
186065,0.37129653
186066,0.34487686
186070,0.48647028
186080,0.25600573
186085,0.24059494
186094,0.81664115
186110,0.61733276
186113,0.14599833
186116,0.21172866
186127,0.076044865
186129,0.5438558
186135,0.24126337
186139,0.8444152
186151,0.29235765
186153,0.35299066
186156,0.058232885
186158,0.27291483
186159,0.10910317
186166,0.6364583
186168,0.15436354
186169,0.40769693
186170,0.12139143
186179,0.12642525
186188,0.28578126
186210,0.12590136
186227,0.115729995
186229,0.5815236
186230,0.38487318
186249,0.09399688
186254,0.2935866
186264,0.09478327
186265,0.63539684
186273,0.118029796
186276,0.36977383
186289,0.27539062
186296,0.6711771
186308,0.14584328
186309,0.1840717
186310,0.35613987
186316,0.25793317
186321,0.18009746
186333,0.37122938
186346,0.40619826
186391,0.45895952
186398,0.60501814
186407,0.22138077
186411,0.32212532
186415,0.41612074
186426,0.60390425
186444,0.108376555
186448,0.61571455
186453,0.6843932
186456,0.06293602
186460,0.13650905
186461,0.40431064
186473,0.48659682
186489,0.734058
186490,0.64092916
186491,0.43054518
186492,0.14194158
186493,0.32875064
186503,0.4345491
186505,0.63089305
186506,0.14754641
186508,0.09872777
186524,0.6917215
186526,0.29383916
186536,0.18727885
186539,0.44426724
186543,0.30682337
186558,0.8035747
186568,0.4405662
186573,0.36393172
186587,0.45171773
186599,0.28883055
186609,0.8678042
186610,0.13377546
186612,0.27137163
186632,0.56795144
186634,0.1579885
186649,0.42357004
186652,0.5918775
186660,0.42554498
186668,0.74131584
186674,0.6554144
186675,0.34889704
186679,0.34312153
186682,0.2188184
186683,0.27210933
186695,0.79317576
186696,0.106457435
186704,0.4225506
186709,0.72333896
186714,0.6652711
186723,0.09335473
186726,0.9028374
186728,0.45123172
186729,0.20001431
186731,0.63442284
186737,0.5223824
186742,0.21394816
186743,0.0677932
186745,0.6476125
186747,0.11921523
186750,0.36831874
186769,0.38393906
186771,0.8441732
186787,0.40366653
186796,0.6067626
186802,0.6847946
186811,0.21381345
186812,0.43007302
186815,0.2955509
186840,0.35788321
186842,0.83281624
186853,0.6223344
186859,0.45044044
186878,0.2609619
186885,0.26940483
186890,0.18541525
186906,0.736642
186916,0.25027427
186927,0.20882303
186928,0.43664518
186931,0.5178626
186934,0.2872163
186938,0.7767092
186943,0.74685717
186944,0.42558348
186945,0.61027056
186947,0.36868072
186952,0.35152128
186953,0.17239088
186960,0.63557726
186962,0.35301554
186991,0.18257052
187001,0.91567796
187017,0.16409673
187019,0.68991745
187024,0.18548957
187035,0.055854328
187037,0.521252
187056,0.11859822
187057,0.08939818
187058,0.7500961
187065,0.42729345
187066,0.5724363
187069,0.16175309
187070,0.40100288
187074,0.15941988
187085,0.1710922
187087,0.18206345
187100,0.33894953
187117,0.46263975
187158,0.73801035
187159,0.16591142
187162,0.3719006
187164,0.2103094
187167,0.40083012
187168,0.22633092
187171,0.23687905
187184,0.65152174
187194,0.6862118
187208,0.60476387
187211,0.7051385
187220,0.21896045
187224,0.3124353
187242,0.395948
187259,0.22910379
187260,0.35894752
187267,0.6565233
187280,0.78731203
187287,0.034021083
187291,0.3229426
187296,0.20063075
187301,0.59032315
187315,0.6165105
187319,0.14515269
187326,0.57549024
187328,0.5598318
187329,0.3012507
187330,0.33965373
187335,0.30070937
187339,0.31468564
187340,0.66996264
187353,0.4798931
187356,0.27617064
187367,0.6632137
187383,0.2596504
187388,0.32012093
187401,0.3327288
187415,0.28913173
187422,0.17325345
187439,0.69185144
187440,0.63759035
187442,0.8549651
187447,0.17421317
187448,0.31049538
187451,0.29029733
187468,0.2179974
187475,0.60820675
187477,0.54182446
187480,0.24789344
187498,0.5814906
187499,0.2701425
187516,0.048314974
187524,0.04245985
187534,0.25014296
187552,0.20011124
187577,0.34430057
187584,0.19042984
187585,0.21753217
187603,0.3105821
187608,0.1181969
187625,0.14484058
187637,0.44544142
187639,0.5835963
187641,0.23918134
187652,0.283742
187684,0.26246402
187689,0.20561633
187698,0.5720853
187708,0.25188112
187716,0.1913305
187717,0.30757317
187719,0.24718009
187720,0.83323073
187743,0.5191535
187749,0.693278
187762,0.37575966
187763,0.4125495
187772,0.5484812
187786,0.110264935
187787,0.16059756
187809,0.40088242
187826,0.45643646
187828,0.20114559
187829,0.22211029
187833,0.13598333
187847,0.3955896
187852,0.23389812
187862,0.3880896
187867,0.37158647
187868,0.5779593
187870,0.57909274
187871,0.25570923
187879,0.8004623
187894,0.37180474
187895,0.32680556
187899,0.13917515
187903,0.8092885
187915,0.17124714
187919,0.5990507
187941,0.34467795
187942,0.47572368
187944,0.22566003
187947,0.49851525
187949,0.8114353
187950,0.13126661
187952,0.5817309
187964,0.83014363
187967,0.14571206
187977,0.37921488
187983,0.36209583
187987,0.34453943
187988,0.45868558
187990,0.18883996
187991,0.69280785
187998,0.6585935
188014,0.39484683
188017,0.33086503
188021,0.7675541
188032,0.109540686
188039,0.27451077
188040,0.1664654
188044,0.4660751
188045,0.20043325
188054,0.26075596
188069,0.1522578
188070,0.60059863
188081,0.49095106
188092,0.68123466
188106,0.3790921
188108,0.25248784
188117,0.15022402
188120,0.1697604
188130,0.27939904
188133,0.5599089
188136,0.23037606
188151,0.10371157
188153,0.44653317
188158,0.12087053
188171,0.20985074
188175,0.26876283
188192,0.33536428
188194,0.46368167
188198,0.56830657
188199,0.4437364
188228,0.66145957
188232,0.2550929
188233,0.3934512
188234,0.13327466
188245,0.289367
188248,0.22462153
188254,0.46394336
188261,0.21114548
188262,0.24879113
188267,0.22366454
188276,0.07728908
188281,0.86612076
188282,0.48095724
188295,0.12124952
188309,0.17924002
188313,0.7194824
188324,0.29021412
188327,0.46819517
188328,0.2853574
188329,0.4652439
188336,0.43160805
188337,0.46366435
188350,0.2800001
188389,0.68618894
188399,0.04532931
188413,0.3015962
188415,0.362827
188421,0.0737793
188438,0.23727462
188449,0.81227124
188466,0.23266241
188470,0.073088564
188486,0.3319914
188492,0.22494848
188507,0.25421014
188511,0.22146185
188521,0.47406626
188540,0.73873156
188542,0.44143602
188551,0.8483954
188557,0.29719836
188558,0.26059923
188561,0.56868446
188563,0.7182637
188565,0.39915136
188577,0.30619392
188586,0.36347365
188591,0.25945276
188594,0.22008273
188614,0.47625008
188622,0.25059193
188626,0.2531164
188632,0.73813206
188635,0.48520082
188639,0.4319949
188645,0.6324396
188646,0.7731727
188647,0.4574849
188653,0.20647031
188659,0.31111333
188677,0.76036185
188694,0.4051489
188695,0.08160341
188696,0.07078145
188707,0.12949069
188714,0.35579997
188715,0.6186425
188722,0.6521868
188724,0.30605036
188729,0.42405686
188734,0.21171927
188739,0.890742
188746,0.3176071
188747,0.23666105
188768,0.29165992
188770,0.42447907
188772,0.3378208
188787,0.08715406
188792,0.20943657
188793,0.13737597
188808,0.2520149
188828,0.5312254
188848,0.29486194
188851,0.36723468
188856,0.53836226
188862,0.514431
188875,0.83015513
188876,0.8597977
188878,0.39610216
188880,0.049689967
188890,0.5070142
188900,0.2364766
188914,0.404801
188928,0.6277685
188936,0.07149841
188946,0.05907955
188947,0.1801727
188948,0.31078488
188949,0.07136521
188950,0.25641844
188980,0.10480681
188982,0.79269266
188988,0.7872781
188990,0.41668427
188992,0.2858206
188993,0.13132504
188994,0.48463425
188997,0.24621488
188998,0.72423637
189009,0.23982044
189018,0.2556184
189022,0.30968973
189034,0.26679397
189045,0.09417402
189059,0.6372125
189062,0.173115
189075,0.7950526
189086,0.18141338
189087,0.4808613
189107,0.41200322
189113,0.22219735
189144,0.3348507
189148,0.24879691
189199,0.40734702
189201,0.5009626
189202,0.080309205
189207,0.71680313
189213,0.5691723
189214,0.5827849
189224,0.2585434
189230,0.17269792
189251,0.31035444
189252,0.18743803
189255,0.27815574
189256,0.22920895
189257,0.26408714
189260,0.10045065
189261,0.73390156
189262,0.2676874
189263,0.14390509
189272,0.2011904
189282,0.07429844
189284,0.7051596
189294,0.19800602
189304,0.48130235
189314,0.5527593
189317,0.5572918
189333,0.19161205
189337,0.34034872
189347,0.12733908
189355,0.1607755
189357,0.5088888
189366,0.47379282
189374,0.5128302
189379,0.27800098
189388,0.40968522
189397,0.31135643
189418,0.4159171
189453,0.23991561
189458,0.26651365
189460,0.4533529
189481,0.19755766
189482,0.6305358
189483,0.564329
189490,0.5193709
189491,0.0761525
189492,0.55521077
189511,0.4166357
189512,0.20689349
189518,0.3807136
189519,0.6484729
189531,0.4081722
189541,0.74368805
189550,0.36455053
189551,0.59329474
189559,0.7253606
189564,0.06187945
189573,0.5109392
189585,0.16624275
189587,0.6240689
189605,0.17304823
189612,0.1568141
189633,0.46064228
189640,0.17603059
189641,0.6383356
189643,0.19216402
189650,0.60167354
189652,0.4772456
189656,0.3733123
189661,0.40746915
189663,0.5807296
189684,0.33811453
189688,0.1460325
189711,0.6447355
189729,0.57310945
189747,0.47789547
189761,0.50695074
189773,0.55352426
189774,0.16014984
189779,0.45712
189780,0.2587466
189796,0.092265226
189799,0.71075904
189800,0.32385677
189807,0.37801808
189808,0.28087384
189826,0.42516693
189836,0.16251518
189843,0.32415274
189845,0.43052414
189852,0.67507905
189853,0.625239
189855,0.2162708
189866,0.1390684
189886,0.22644012
189888,0.20656456
189902,0.4883272
189907,0.8315197
189910,0.23538898
189922,0.123061955
189924,0.4253849
189933,0.2841537
189935,0.21063899
189939,0.2752511
189951,0.8998338
189965,0.44428438
189966,0.37740025
189977,0.43231165
189989,0.24224287
189990,0.492583
190002,0.3251686
190006,0.78960806
190008,0.30090898
190009,0.5588911
190021,0.2525166
190058,0.47823912
190061,0.421729
190069,0.31991646
190072,0.55345887
190078,0.38001746
190109,0.5591993
190112,0.66264653
190117,0.4330955
190132,0.05217736
190133,0.3214071
190153,0.5174214
190164,0.15224957
190167,0.029297784
190169,0.76515704
190179,0.8021759
190184,0.37246755
190188,0.14220268
190199,0.3193317
190200,0.6817874
190201,0.16626287
190227,0.44377998
190229,0.17664205
190245,0.14826825
190272,0.5913804
190274,0.2342661
190281,0.48253918
190282,0.52840817
190290,0.61849993
190299,0.7094906
190301,0.34330854
190304,0.57232505
190306,0.2049497
190311,0.5380218
190341,0.33606967
190354,0.17641069
190364,0.14083917
190368,0.6067563
190375,0.4152994
190383,0.51281184
190384,0.37782636
190387,0.27637053
190388,0.72328496
190392,0.6657746
190394,0.7506275
190405,0.60093105
190406,0.43379456
190412,0.20899777
190413,0.71580195
190431,0.27395087
190452,0.16407119
190454,0.28732458
190461,0.58306545
190475,0.1349482
190489,0.6631777
190507,0.5241994
190513,0.16962297
190515,0.8270607
190516,0.16241042
190522,0.1591807
190523,0.7538174
190526,0.5512637
190533,0.0714636
190537,0.54097664
190542,0.21159595
190545,0.55498534
190548,0.22729237
190555,0.60100836
190561,0.2419587
190562,0.20732898
190566,0.06122581
190581,0.3036955
190590,0.13909708
190591,0.64678454
190593,0.29464895
190612,0.4152588
190617,0.32832026
190618,0.26336357
190619,0.51838475
190643,0.71519643
190647,0.3047191
190663,0.21299876
190664,0.1526245
190678,0.19305207
190691,0.05983941
190697,0.16740103
190698,0.23391928
190701,0.7872282
190702,0.7991592
190713,0.47814378
190739,0.35810423
190744,0.46805057
190756,0.28725594
190767,0.6787745
190777,0.30747148
190808,0.19925988
190825,0.31137633
190830,0.50128233
190844,0.5539766
190855,0.56415606
190860,0.4999541
190861,0.2732809
190865,0.21054061
190884,0.38025144
190886,0.34497535
190887,0.5770168
190893,0.47920543
190899,0.33284143
190900,0.24914558
190901,0.36144963
190903,0.082165025
190909,0.2605223
190911,0.8718143
190916,0.31872743
190922,0.32045963
190926,0.051187593
190927,0.33259818
190929,0.48682064
190931,0.68949795
190948,0.24375421
190954,0.032036867
190957,0.13947706
190965,0.10394672
190978,0.6351809
190986,0.41553804
190990,0.14790565
190993,0.37192795
190998,0.27126122
190999,0.083451696
191028,0.39692897
191033,0.23389399
191042,0.69109523
191076,0.10080505
191114,0.45664904
191137,0.79049885
191138,0.34489647
191140,0.5162299
191141,0.17367902
191143,0.5434529
191145,0.5294854
191161,0.63014764
191167,0.2478432
191192,0.3641296
191199,0.5683578
191200,0.12293216
191205,0.13988762
191206,0.12742169
191214,0.3032811
191217,0.11549932
191222,0.3144981
191224,0.20063514
191232,0.8051238
191238,0.41980082
191243,0.36309662
191247,0.32359397
191250,0.13455778
191266,0.28086358
191278,0.16633467
191279,0.34298486
191282,0.60617733
191287,0.28417414
191290,0.4663957
191291,0.61015874
191296,0.5783559
191301,0.5818582
191304,0.17461441
191305,0.19967072
191306,0.82342345
191324,0.6789928
191359,0.18236032
191360,0.41298088
191362,0.12198529
191371,0.68086034
191379,0.62646717
191394,0.1288515
191413,0.8103976
191430,0.114227995
191435,0.4420429
191449,0.33608803
191452,0.07388387
191464,0.7175083
191465,0.17984164
191466,0.37239352
191469,0.750601
191490,0.6863361
191494,0.78107625
191498,0.70665544
191506,0.53386205
191508,0.15951337
191509,0.13075851
191515,0.7125405
191524,0.16407244
191548,0.5431931
191562,0.108393215
191568,0.55088353
191596,0.7076293
191609,0.3737859
191619,0.21720612
191624,0.5759019
191628,0.04089437
191630,0.49254414
191648,0.7892338
191649,0.49145615
191654,0.3835845
191655,0.18564202
191659,0.57052064
191674,0.7071993
191675,0.060628936
191680,0.3739812
191681,0.22547999
191684,0.3158388
191686,0.049707707
191721,0.52661586
191722,0.27122128
191726,0.5668842
191727,0.14723578
191732,0.44154873
191735,0.13627881
191738,0.7824274
191745,0.72962487
191746,0.32557118
191751,0.4915271
191761,0.63990146
191772,0.17086348
191785,0.44643584
191794,0.16428237
191799,0.21469496
191806,0.7409145
191807,0.14506124
191809,0.76035607
191824,0.4738547
191826,0.29999796
191834,0.53513336
191837,0.3327821
191841,0.39543712
191845,0.12649354
191847,0.59915274
191850,0.4816246
191869,0.31043634
191873,0.38456827
191876,0.1981178
191878,0.5692085
191880,0.21818365
191881,0.1959368
191883,0.23946477
191898,0.45412156
191907,0.2974119
191910,0.3230652
191918,0.23656726
191920,0.52213985
191923,0.23757796
191942,0.365635
191943,0.40281582
191951,0.5006437
191952,0.18848969
191958,0.29830652
191963,0.7407289
191971,0.7188909
191992,0.43712905
192000,0.685678
192001,0.5793165
192008,0.33922037
192018,0.17491536
192029,0.15802698
192030,0.24800111
192031,0.12757133
192043,0.53344214
192045,0.22866225
192052,0.45812142
192056,0.07456588
192071,0.39637214
192082,0.2742389
192088,0.17216237
192103,0.1512277
192105,0.44716033
192119,0.09361373
192144,0.53345996
192151,0.33900955
192158,0.15273537
192163,0.19950648
192172,0.805276
192176,0.20643215
192177,0.24763209
192212,0.4094997
192221,0.8220012
192223,0.70560914
192224,0.4678267
192238,0.32760376
192239,0.47639474
192252,0.73171896
192259,0.2470666
192268,0.25585836
192274,0.30536872
192276,0.5539165
192277,0.42588148
192289,0.12404366
192296,0.6198106
192308,0.5927456
192309,0.089477524
192315,0.16589774
192322,0.54525495
192324,0.35170296
192343,0.47739872
192345,0.09654964
192367,0.56303126
192375,0.23198476
192382,0.6993236
192389,0.19878829
192390,0.70652056
192391,0.6709691
192423,0.11958115
192427,0.17752019
192431,0.4244889
192433,0.21317115
192451,0.30176982
192453,0.40486357
192455,0.2518731
192468,0.28765655
192469,0.25853905
192474,0.13620979
192481,0.56185895
192482,0.22264822
192483,0.12516065
192486,0.509148
192490,0.50047386
192491,0.7188443
192494,0.48433295
192507,0.07417119
192508,0.21683821
192509,0.7825253
192525,0.6202787
192526,0.49923775
192528,0.08656478
192535,0.35214493
192545,0.8493876
192548,0.59271306
192572,0.80850047
192594,0.11345011
192607,0.23173703
192625,0.46403995
192626,0.4379582
192631,0.29757783
192632,0.41564742
192636,0.18696864
192637,0.415165
192655,0.22988932
192657,0.04066814
192674,0.37283722
192675,0.12311175
192680,0.7581741
192682,0.6179739
192686,0.4091376
192698,0.5439856
192703,0.17482872
192705,0.06998691
192717,0.28535733
192720,0.17748256
192721,0.56500816
192722,0.41235948
192728,0.058071055
192734,0.09055036
192739,0.20461825
192740,0.43836752
192752,0.1528468
192761,0.18210037
192770,0.054463632
192780,0.40450156
192782,0.27894375
192783,0.7147977
192789,0.6298834
192796,0.106072344
192800,0.26078895
192802,0.42338055
192811,0.6416823
192812,0.35553223
192815,0.17932954
192838,0.75766385
192861,0.09935058
192868,0.41475472
192872,0.25149488
192876,0.4171058
192877,0.30983514
192897,0.6248613
192898,0.21168153
192903,0.31364778
192904,0.37775567
192905,0.07031823
192911,0.8568091
192920,0.28016436
192921,0.20148827
192922,0.62352115
192942,0.3641411
192946,0.60729164
192963,0.26277745
192978,0.5178363
192979,0.7144969
192981,0.7226939
192991,0.51265687
192995,0.272639
192998,0.75229335
193019,0.31899548
193027,0.20469457
193028,0.17058583
193032,0.2061421
193036,0.32978496
193044,0.19208935
193046,0.22643515
193049,0.14592144
193050,0.34650078
193054,0.29247507
193057,0.22046582
193060,0.77467364
193075,0.08627465
193088,0.0690998
193091,0.3299728
193112,0.15090851
193122,0.2568603
193123,0.6401481
193128,0.3245543
193133,0.26309213
193143,0.2931466
193150,0.7072515
193151,0.21218036
193160,0.73254657
193180,0.6055563
193198,0.20377254
193204,0.49668315
193207,0.1926358
193210,0.76804036
193225,0.3036584
193232,0.5375425
193248,0.44284335
193249,0.58577824
193262,0.29889336
193270,0.5796494
193273,0.3641573
193275,0.15567955
193286,0.20029566
193289,0.76067233
193290,0.36047056
193311,0.8357622
193321,0.25804603
193322,0.14672032
193340,0.44711134
193349,0.32843342
193368,0.6760983
193369,0.31279156
193375,0.11748048
193385,0.62470776
193389,0.09971441
193394,0.46538958
193396,0.2858717
193398,0.11326406
193402,0.56632763
193409,0.09563769
193421,0.38511482
193426,0.1388728
193430,0.21423793
193436,0.5977001
193437,0.20190872
193440,0.09547319
193441,0.63116217
193449,0.33561003
193462,0.10447063
193464,0.072116576
193468,0.13710181
193474,0.10739354
193475,0.21469589
193479,0.51640993
193484,0.4489536
193488,0.3491544
193496,0.16039415
193507,0.24757937
193510,0.36927053
193512,0.11536982
193514,0.13802664
193515,0.4664927
193516,0.61578035
193520,0.14027114
193522,0.6788794
193541,0.25221434
193545,0.099225394
193549,0.5436791
193554,0.34672087
193558,0.7858889
193568,0.14348876
193569,0.83816504
193579,0.23144455
193587,0.21310551
193589,0.21136954
193613,0.31155884
193642,0.6643061
193643,0.42784682
193647,0.2518128
193648,0.23085107
193663,0.50587815
193664,0.656694
193665,0.3708184
193672,0.30999637
193675,0.6885382
193686,0.7967282
193692,0.41841123
193706,0.26413333
193725,0.14939287
193726,0.3700338
193727,0.2527935
193733,0.30190328
193738,0.8044408
193739,0.05363937
193745,0.6337321
193759,0.15557094
193767,0.32887173
193774,0.79828906
193776,0.16275994
193777,0.8953489
193787,0.83360213
193789,0.4732154
193793,0.29867738
193805,0.075399175
193808,0.03497775
193816,0.16650096
193817,0.28947037
193821,0.64395535
193831,0.58901894
193832,0.19713654
193874,0.68344486
193879,0.2870491
193882,0.27366385
193910,0.1835959
193915,0.26177254
193916,0.5425579
193921,0.6111196
193924,0.6010482
193926,0.081115246
193927,0.2704422
193949,0.18496433
193954,0.69417524
193966,0.75626194
193970,0.4571244
193971,0.48172092
193975,0.28347477
193980,0.24999875
193982,0.6944646
193983,0.5763056
193987,0.17834428
193997,0.17577422
194000,0.6089181
194013,0.25543484
194014,0.894077
194026,0.26934147
194039,0.3304641
194042,0.24780053
194054,0.3198604
194057,0.6118443
194058,0.1750585
194068,0.22978424
194071,0.6160952
194073,0.3221389
194075,0.49314705
194093,0.06812979
194098,0.7491469
194105,0.17824191
194106,0.7523004
194110,0.19914155
194128,0.34424755
194137,0.30971792
194149,0.20707177
194150,0.21650922
194155,0.6409373
194157,0.42083767
194158,0.43652466
194164,0.23164836
194165,0.5172935
194166,0.11287359
194170,0.13802817
194171,0.23102097
194177,0.35222283
194187,0.36779803
194188,0.10955203
194213,0.4111039
194229,0.7370627
194230,0.35621524
194241,0.022176838
194243,0.42264187
194244,0.28762186
194276,0.12384789
194279,0.158397
194280,0.2275044
194281,0.4586102
194291,0.189696
194293,0.7117564
194306,0.15815488
194307,0.32358494
194308,0.18410859
194310,0.71009594
194314,0.4930175
194326,0.6673712
194330,0.5743258
194338,0.26871023
194366,0.59570426
194370,0.13253082
194371,0.3107214
194379,0.09417009
194382,0.44235632
194383,0.7401312
194395,0.7949072
194402,0.23645782
194406,0.17570034
194408,0.83168995
194413,0.59952796
194414,0.31273237
194419,0.39294636
194423,0.61821437
194424,0.4517084
194429,0.42497537
194436,0.48694673
194468,0.18591912
194469,0.1281516
194478,0.40660217
194480,0.68742603
194484,0.40502504
194505,0.54168874
194514,0.23776826
194516,0.1381268
194523,0.7009757
194526,0.1642408
194533,0.071074754
194534,0.2422755
194536,0.3951253
194548,0.43579507
194552,0.8533113
194558,0.3787604
194561,0.5068924
194563,0.1561924
194569,0.63072175
194581,0.83779615
194586,0.2158524
194590,0.2287798
194598,0.2690325
194600,0.3194192
194603,0.34029576
194604,0.06441027
194605,0.45875767
194607,0.79596347
194610,0.67740256
194620,0.18758875
194627,0.56575817
194650,0.70390695
194652,0.13862757
194659,0.1479041
194660,0.509923
194662,0.13974088
194665,0.33290634
194675,0.59557617
194677,0.41619346
194679,0.14171995
194691,0.80575794
194696,0.24526475
194713,0.5984455
194716,0.2055307
194717,0.25739852
194725,0.24503782
194732,0.09113276
194737,0.60484743
194738,0.7223779
194769,0.2832959
194791,0.15752235
194802,0.64236987
194806,0.52156246
194810,0.10598386
194812,0.37304297
194813,0.48452878
194816,0.098564714
194827,0.26988924
194844,0.08346269
194856,0.32949314
194860,0.18483683
194866,0.30325964
194867,0.33219603
194877,0.4815054
194879,0.73609185
194880,0.1606153
194881,0.12542123
194887,0.119992204
194900,0.23773044
194906,0.4123611
194907,0.40029114
194908,0.6718437
194914,0.4258926
194934,0.73245144
194955,0.60246646
194956,0.4586055
194965,0.2569865
194966,0.505038
194980,0.43654066
194985,0.5420925
194986,0.4469486
194995,0.28928638
194999,0.18861942
195000,0.57324076
195010,0.45766276
195013,0.6505609
195044,0.2841067
195048,0.29943347
195050,0.9333042
195051,0.5075458
195055,0.5188832
195070,0.27467993
195074,0.88035446
195075,0.49920115
195077,0.7442669
195081,0.25241077
195088,0.22752722
195089,0.047325097
195091,0.08369741
195096,0.7836844
195100,0.59516966
195103,0.4539981
195116,0.13192138
195117,0.33130765
195129,0.5275479
195151,0.04777129
195158,0.554792
195164,0.4508963
195176,0.5931768
195186,0.5369393
195187,0.82915944
195198,0.23925163
195201,0.14755517
195207,0.2138537
195214,0.6592735
195215,0.39886606
195234,0.40304628
195235,0.11075775
195239,0.2685791
195240,0.4371942
195253,0.45003214
195255,0.070194066
195280,0.13625339
195291,0.07745216
195293,0.37250665
195300,0.20345867
195306,0.23125626
195307,0.53113127
195322,0.44775406
195326,0.74446857
195330,0.056572005
195341,0.6038675
195343,0.20415531
195367,0.25241044
195369,0.3415608
195371,0.1333994
195372,0.17978264
195389,0.53433627
195415,0.0958229
195435,0.5147239
195439,0.45550275
195440,0.25194636
195444,0.08318494
195447,0.22989689
195450,0.17055699
195451,0.34249434
195456,0.5064264
195457,0.34058306
195461,0.36524633
195462,0.7547733
195463,0.13221787
195466,0.5540602
195468,0.07027185
195469,0.4879085
195489,0.117324315
195495,0.3913009
195496,0.559787
195504,0.6111887
195505,0.44485447
195506,0.36493337
195511,0.43829158
195518,0.16693117
195519,0.56253105
195529,0.084640615
195531,0.25012475
195546,0.34864444
195547,0.15583883
195552,0.2567983
195577,0.40547064
195579,0.2701219
195588,0.19353889
195597,0.45000833
195607,0.102242604
195617,0.28312594
195626,0.44886518
195632,0.7854963
195634,0.7077322
195635,0.1176789
195645,0.3680349
195648,0.26244354
195674,0.7780409
195691,0.05612141
195695,0.795718
195703,0.6809875
195710,0.565447
195711,0.2710119
195727,0.59304637
195729,0.09787228
195734,0.5186022
195739,0.4898848
195740,0.122160174
195746,0.80234236
195750,0.8071858
195769,0.6450608
195772,0.56311256
195785,0.10658405
195789,0.54605204
195793,0.52372974
195801,0.38073027
195803,0.24089238
195810,0.75107855
195818,0.3188746
195819,0.91832787
195823,0.69750196
195828,0.69104165
195836,0.38072607
195843,0.29296437
195858,0.41715515
195876,0.5259267
195890,0.5501868
195891,0.33730504
195900,0.3016296
195905,0.49279994
195910,0.58701116
195911,0.6259393
195912,0.18964146
195917,0.49846265
195918,0.64548874
195923,0.87929434
195937,0.5961285
195940,0.88557833
195945,0.16292585
195946,0.19175997
195948,0.4629175
195955,0.17783742
195957,0.73035467
195958,0.09275318
195959,0.74723595
195970,0.16040185
195974,0.05786146
195979,0.69638973
195990,0.6824112
196004,0.3886859
196007,0.68527645
196012,0.67252076
196019,0.35039157
196029,0.7871781
196034,0.53881
196042,0.33535826
196066,0.77911234
196067,0.57222235
196071,0.15002657
196074,0.7354583
196075,0.27642354
196079,0.11635568
196080,0.879902
196082,0.17700225
196083,0.14414288
196085,0.81596816
196115,0.45466325
196118,0.5893794
196128,0.3067947
196149,0.39278352
196150,0.25488147
196162,0.4340003
196194,0.6795539
196198,0.115253106
196204,0.20452434
196206,0.3249659
196210,0.69697386
196220,0.6864352
196221,0.24580641
196230,0.10194045
196236,0.36592314
196242,0.5016149
196256,0.7774435
196261,0.86466944
196274,0.20011692
196281,0.2467009
196303,0.08057412
196305,0.5759785
196322,0.17532843
196343,0.064278685
196346,0.5697577
196354,0.14177616
196357,0.32218572
196359,0.05592491
196360,0.701207
196361,0.18992558
196364,0.87881553
196371,0.06531279
196375,0.16405022
196377,0.17789274
196378,0.19642767
196381,0.26231387
196384,0.1910389
196385,0.6528773
196388,0.7142313
196394,0.78131354
196400,0.81396407
196401,0.5353914
196404,0.62082076
196411,0.45427093
196436,0.38333887
196443,0.23774773
196444,0.65672445
196446,0.64566195
196475,0.6253994
196476,0.6865733
196486,0.13836744
196489,0.48400745
196492,0.54343414
196498,0.71168834
196500,0.06998605
196505,0.76335925
196507,0.2533235
196510,0.4821272
196514,0.21715695
196530,0.23035505
196544,0.032690544
196551,0.27304357
196578,0.20779435
196585,0.63779616
196587,0.24893099
196588,0.42924106
196594,0.58977914
196598,0.32701895
196605,0.09625645
196618,0.28565943
196619,0.34942907
196623,0.47457388
196624,0.2623054
196643,0.25128162
196649,0.23576385
196650,0.14533998
196656,0.05336921
196663,0.8015038
196667,0.5416658
196669,0.668357
196681,0.7943538
196717,0.26479593
196726,0.66254884
196728,0.10788912
196729,0.30549487
196731,0.3781561
196736,0.39236653
196738,0.27617857
196745,0.3884622
196747,0.31145847
196748,0.23971024
196753,0.21920484
196757,0.10195147
196760,0.53243154
196777,0.8178675
196788,0.4132866
196799,0.37000036
196808,0.201293
196819,0.2738876
196825,0.08979368
196826,0.5229524
196834,0.26313478
196841,0.6813405
196847,0.45237097
196849,0.28345424
196851,0.48786008
196867,0.16470498
196884,0.08793843
196889,0.5698928
196898,0.25073224
196901,0.06852655
196917,0.40014058
196930,0.38018656
196936,0.5151145
196956,0.0164645
196959,0.08363949
196962,0.31725553
196963,0.4311915
196971,0.601647
196972,0.61549425
196977,0.272754
196984,0.15651356
196985,0.79164666
197010,0.73907536
197029,0.684463
197040,0.2236897
197058,0.5964066
197060,0.41208443
197064,0.7156247
197075,0.32054552
197083,0.76126873
197102,0.6896319
197103,0.7429617
197107,0.5960264
197129,0.41344988
197135,0.2646625
197140,0.17228286
197150,0.3413623
197152,0.34686664
197153,0.31224632
197154,0.23173621
197156,0.76060516
197166,0.16515546
197167,0.2906802
197177,0.3887021
197178,0.26348966
197187,0.39655468
197191,0.23656623
197205,0.6957429
197206,0.7284282
197219,0.6384426
197224,0.07945589
197245,0.53481156
197246,0.4285278
197273,0.60092103
197275,0.17853202
197278,0.37257865
197288,0.38536528
197290,0.39697003
197294,0.43940458
197295,0.28789088
197311,0.25654283
197314,0.7369606
197320,0.47735843
197321,0.66552943
197324,0.68173575
197327,0.35937157
197332,0.20993927
197333,0.78867066
197335,0.28896928
197348,0.16718806
197362,0.6291128
197363,0.60088146
197368,0.101783626
197378,0.44727507
197381,0.61629504
197384,0.13024059
197386,0.41894343
197393,0.5094955
197396,0.31930503
197400,0.10494002
197408,0.1946793
197412,0.28382736
197413,0.72836983
197415,0.24606246
197418,0.71547526
197427,0.14833169
197443,0.52346015
197448,0.43330598
197449,0.2580517
197470,0.59163284
197478,0.57470506
197482,0.6448362
197488,0.24485005
197491,0.4520142
197495,0.42019382
197498,0.56143385
197502,0.77391064
197507,0.62835914
197509,0.62921816
197510,0.6171574
197512,0.37537345
197513,0.15181331
197524,0.3993359
197525,0.5869425
197529,0.7971939
197533,0.09374476
197534,0.7193542
197540,0.7552415
197541,0.18027136
197559,0.08737318
197566,0.2720381
197582,0.123410374
197585,0.38889098
197587,0.68109924
197595,0.28317994
197598,0.22752391
197601,0.27085277
197603,0.3101451
197607,0.4290651
197611,0.6329419
197625,0.74011034
197631,0.22734669
197633,0.29929757
197638,0.3910199
197640,0.5165716
197644,0.07847703
197645,0.09613944
197646,0.33379513
197650,0.21449606
197657,0.48749125
197664,0.42939427
197668,0.33184335
197681,0.28581956
197682,0.46582896
197693,0.39212537
197695,0.43004176
197699,0.6127301
197709,0.24211682
197711,0.5929816
197715,0.10147287
197716,0.6536122
197722,0.6461401
197728,0.55972815
197729,0.36779523
197730,0.66374326
197744,0.21609956
197768,0.234373
197770,0.1927896
197775,0.8395857
197788,0.15549684
197795,0.18815455
197806,0.6956473
197808,0.5754547
197812,0.5730967
197813,0.07067026
197822,0.04438726
197827,0.21738291
197828,0.32582852
197836,0.49110076
197857,0.3051727
197862,0.740548
197872,0.36616442
197892,0.15845478
197903,0.26776594
197907,0.55485827
197908,0.23841622
197916,0.41423702
197921,0.1828955
197924,0.1812788
197930,0.40472925
197934,0.73421943
197942,0.32192835
197945,0.8072853
197958,0.22202583
197959,0.21909922
197967,0.41398787
197969,0.7553954
197978,0.7202552
197999,0.1866175
198001,0.6967236
198004,0.19108139
198007,0.14178048
198019,0.34586728
198020,0.37375006
198024,0.3569592
198026,0.68196005
198038,0.43989423
198044,0.35265934
198050,0.73040384
198054,0.7419456
198055,0.45575905
198082,0.2000224
198094,0.11918402
198095,0.19135588
198099,0.5066622
198101,0.5012017
198102,0.28828442
198114,0.7248676
198125,0.4379745
198127,0.24999523
198128,0.166169
198137,0.1304749
198141,0.16774336
198142,0.51716095
198155,0.5903732
198179,0.42031568
198181,0.44455925
198184,0.36971387
198185,0.19857639
198186,0.4292501
198187,0.35578018
198193,0.14430042
198197,0.21243025
198209,0.12973408
198221,0.32151002
198225,0.25762302
198229,0.7395933
198237,0.6295057
198239,0.8250525
198247,0.5675171
198253,0.5915498
198272,0.08139075
198279,0.15453061
198282,0.19278418
198284,0.1493277
198285,0.2165692
198287,0.41707784
198294,0.57215863
198309,0.16673596
198312,0.7233074
198315,0.20937225
198323,0.34152657
198331,0.14268914
198333,0.8573131
198359,0.26186475
198370,0.33349404
198378,0.29096216
198379,0.5263256
198381,0.148427
198383,0.20122725
198384,0.3344474
198385,0.25431317
198420,0.4651378
198421,0.61264265
198425,0.54642564
198427,0.5445951
198429,0.12621754
198437,0.2213147
198445,0.12353454
198452,0.18147863
198454,0.06304807
198487,0.19190033
198523,0.64880925
198528,0.5724726
198530,0.7977376
198539,0.13877757
198540,0.21276769
198547,0.28830656
198566,0.30263355
198568,0.12824677
198569,0.44882214
198595,0.1127122
198600,0.32017687
198614,0.25763524
198617,0.2148946
198619,0.89507097
198627,0.4615901
198640,0.09783063
198655,0.5341811
198664,0.6303716
198665,0.09747806
198666,0.6891472
198670,0.2659048
198673,0.7101586
198680,0.27406898
198689,0.2522534
198690,0.65490395
198702,0.18293594
198703,0.22858723
198704,0.80075157
198714,0.6468493
198715,0.7430077
198717,0.17564172
198718,0.23074782
198720,0.82146287
198721,0.09808846
198730,0.34326872
198739,0.4281371
198754,0.25360376
198761,0.20736168
198772,0.1783071
198774,0.30836985
198775,0.5600778
198779,0.38910106
198783,0.15168121
198790,0.531543
198794,0.6415486
198798,0.71119046
198799,0.39891165
198802,0.6381575
198806,0.29880512
198847,0.33587784
198854,0.7330894
198858,0.37996736
198859,0.6962562
198865,0.42004967
198872,0.29396462
198874,0.32818148
198878,0.4045835
198883,0.4466348
198884,0.5181078
198891,0.44334757
198899,0.3269673
198907,0.40813854
198916,0.53105694
198917,0.7272205
198934,0.17767861
198937,0.10126967
198938,0.18148196
198941,0.6600585
198957,0.31709585
198966,0.14731435
198984,0.26504287
198997,0.018225417
199001,0.68056244
199003,0.38637158
199009,0.3960318
199011,0.15391034
199013,0.2676295
199015,0.049810417
199024,0.44523442
199026,0.2986728
199027,0.74940515
199029,0.4572491
199030,0.3859739
199041,0.21913487
199048,0.54795873
199057,0.26827657
199058,0.10052556
199062,0.09006261
199067,0.16903907
199070,0.3962806
199075,0.12844628
199076,0.0751304
199092,0.5426779
199096,0.124491766
199104,0.74047965
199114,0.3524165
199115,0.047113303
199117,0.5089886
199126,0.61493
199131,0.3684341
199141,0.23134406
199145,0.2897335
199150,0.7031048
199151,0.23423204
199153,0.088333406
199166,0.14488274
199167,0.24956255
199177,0.7089543
199182,0.15822504
199183,0.66772366
199185,0.0538716
199212,0.13953829
199213,0.62111056
199222,0.7799168
199229,0.22778441
199230,0.09212772
199242,0.8450114
199243,0.050712448
199246,0.57502604
199247,0.5288352
199249,0.28523138
199262,0.50206566
199263,0.23290783
199275,0.11923913
199276,0.3574854
199287,0.4301027
199298,0.19738992
199304,0.49329686
199307,0.19560525
199311,0.47077173
199316,0.059103608
199320,0.6253974
199321,0.64556926
199325,0.28448084
199326,0.7424015
199327,0.38002884
199334,0.11989519
199344,0.85539824
199345,0.37510598
199352,0.5167069
199364,0.75081295
199378,0.3872535
199379,0.3590671
199387,0.18984514
199405,0.52502835
199418,0.5379643
199424,0.6300904
199425,0.18076454
199432,0.28970063
199433,0.41692883
199442,0.7738322
199446,0.21636873
199457,0.25943553
199458,0.10328574
199477,0.35483667
199522,0.40389886
199525,0.6718102
199533,0.5749612
199536,0.3641676
199537,0.089368284
199550,0.61915696
199560,0.22628248
199564,0.7097694
199575,0.6792983
199580,0.119367234
199586,0.18957089
199597,0.3490324
199598,0.4729934
199604,0.25363076
199608,0.6057603
199609,0.72752064
199616,0.16626011
199625,0.5123256
199648,0.8519416
199650,0.20143339
199655,0.13320643
199663,0.17757295
199670,0.12080756
199673,0.35295302
199685,0.33032757
199696,0.33848846
199703,0.43818763
199704,0.44264412
199706,0.2551213
199727,0.14806627
199740,0.4788226
199746,0.4762649
199764,0.3934142
199766,0.6706558
199785,0.20219275
199786,0.29007205
199795,0.41492802
199797,0.3559673
199803,0.80867344
199804,0.53865975
199810,0.5172191
199815,0.36679518
199822,0.4523624
199824,0.23262697
199828,0.4528152
199833,0.54683644
199840,0.40603969
199844,0.3567974
199846,0.40974918
199858,0.5515254
199862,0.41349214
199865,0.5902911
199866,0.4742897
199869,0.42658222
199870,0.24353772
199871,0.30516464
199878,0.324819
199889,0.45147744
199891,0.3745645
199898,0.20081352
199903,0.067658156
199904,0.15798464
199924,0.57200867
199950,0.16828176
199954,0.395135
199956,0.24980953
199962,0.60128444
199965,0.8178684
199971,0.10835036
199972,0.52031654
199988,0.87535065
199995,0.60525423
199997,0.2941593
199998,0.18264253
199999,0.24694248
200011,0.5437366
200012,0.054984074
200016,0.09141586
200019,0.023915457
200030,0.29462707
200031,0.5281329
200032,0.21570285
200038,0.57744294
200043,0.34040725
200044,0.4689196
200045,0.7042257
200053,0.7447501
200057,0.22203203
200061,0.11653077
200064,0.38481227
200071,0.706523
200084,0.61188906
200085,0.120493986
200086,0.42301562
200093,0.49116093
200095,0.54504037
200105,0.22670595
200111,0.1695014
200116,0.7189385
200125,0.74696314
200126,0.33162734
200157,0.38722795
200173,0.71620405
200181,0.20410994
200185,0.40341827
200187,0.1903701
200193,0.34840307
200200,0.70154864
200202,0.29663947
200206,0.5371911
200207,0.1189524
200216,0.06970063
200229,0.55557007
200234,0.037067384
200241,0.27128157
200244,0.15229668
200258,0.36290714
200262,0.54137707
200268,0.80204624
200277,0.41058818
200286,0.06669353
200293,0.61149853
200299,0.816039
200306,0.21020786
200335,0.35315186
200358,0.5048874
200366,0.114571646
200367,0.16725974
200370,0.20855878
200373,0.7304676
200374,0.12564553
200383,0.32287532
200387,0.51123935
200390,0.61921626
200391,0.4021043
200421,0.7179714
200437,0.376935
200442,0.14299431
200447,0.07670701
200460,0.2700918
200463,0.57467157
200467,0.66215074
200487,0.30769157
200488,0.45107347
200490,0.38724262
200493,0.482323
200494,0.34296823
200501,0.624472
200506,0.4010882
200516,0.17722842
200518,0.3538968
200520,0.69248545
200523,0.5644029
200524,0.40793335
200525,0.36413026
200534,0.42779917
200538,0.45785177
200552,0.21048951
200556,0.32534042
200557,0.6596502
200567,0.2552518
200568,0.18824922
200570,0.19577326
200572,0.61820346
200576,0.14871055
200585,0.516086
200587,0.55731297
200588,0.5227752
200593,0.55120075
200594,0.25083047
200595,0.6233041
200603,0.8428652
200615,0.3395274
200624,0.65594494
200631,0.8652043
200632,0.106524915
200636,0.15509257
200638,0.19162482
200641,0.28335905
200650,0.43974084
200653,0.20815529
200657,0.5335228
200668,0.35843343
200669,0.22793084
200670,0.113998376
200676,0.31613168
200697,0.104602404
200710,0.48534137
200720,0.33325514
200729,0.04018184
200749,0.4912785
200753,0.7572291
200755,0.35877466
200756,0.52794874
200757,0.6613925
200768,0.36249354
200776,0.11234915
200799,0.62365395
200801,0.16683082
200810,0.72163993
200823,0.37442636
200832,0.7475318
200836,0.33852366
200838,0.080947705
200864,0.7489818
200867,0.2870511
200869,0.2892769
200873,0.47444946
200876,0.44211376
200881,0.23581652
200883,0.14429767
200890,0.49779716
200895,0.2302838
200897,0.24736933
200899,0.24240749
200900,0.29408807
200907,0.2848612
200912,0.22347291
200926,0.42191753
200930,0.7272625
200971,0.0457864
200974,0.21961887
200979,0.27825317
200998,0.6701279
201008,0.66589856
201018,0.59647745
201026,0.16259412
201043,0.275477
201049,0.2011514
201050,0.42285317
201061,0.5559673
201062,0.23387136
201072,0.15197518
201076,0.47062445
201077,0.38376012
201081,0.6494029
201084,0.6909991
201089,0.48969916
201092,0.09976656
201109,0.5287411
201110,0.54503596
201116,0.11270115
201122,0.6069483
201135,0.64869004
201143,0.092217535
201153,0.18671177
201159,0.49357808
201165,0.25672063
201187,0.66536164
201197,0.34182596
201218,0.5067853
201219,0.5586817
201231,0.13576949
201234,0.14329989
201243,0.10379223
201246,0.43504944
201254,0.6303115
201256,0.17593475
201262,0.9191355
201263,0.55493426
201272,0.72655433
201273,0.14457919
201281,0.33279687
201290,0.17460956
201294,0.27077723
201296,0.05542862
201320,0.08032639
201332,0.3122792
201342,0.5174765
201343,0.17177196
201347,0.4795961
201350,0.115338475
201351,0.70047534
201362,0.8290359
201363,0.4900528
201368,0.6796546
201373,0.24893513
201375,0.26995757
201378,0.35349813
201386,0.4618772
201387,0.1214921
201390,0.8496299
201393,0.662009
201409,0.28553638
201442,0.3693176
201444,0.5128734
201447,0.74421996
201451,0.15767871
201474,0.66660404
201481,0.4843018
201491,0.085683525
201498,0.3072854
201499,0.6660109
201501,0.5494224
201502,0.331408
201516,0.18359098
201517,0.27176332
201524,0.31617063
201526,0.849039
201528,0.12669736
201532,0.3329047
201543,0.89892644
201544,0.29984063
201546,0.4388515
201552,0.38925764
201554,0.4748893
201556,0.3432066
201557,0.21861105
201559,0.641575
201575,0.23658271
201592,0.7144997
201593,0.7494163
201600,0.33421442
201630,0.38153026
201631,0.5838052
201635,0.05949613
201638,0.40188295
201642,0.2895926
201645,0.054415263
201660,0.10129593
201663,0.48642492
201665,0.16415882
201674,0.2706107
201675,0.12334641
201677,0.7001982
201688,0.6938694
201698,0.62776166
201706,0.18567875
201709,0.16422951
201710,0.5394613
201718,0.5220575
201720,0.6423277
201727,0.50686014
201730,0.24327512
201732,0.42620242
201733,0.34343064
201736,0.46710834
201738,0.241793
201744,0.6690432
201747,0.5527186
201751,0.6126341
201766,0.69619864
201777,0.15322575
201778,0.4770345
201785,0.77541137
201804,0.35162747
201808,0.7052031
201813,0.65825915
201815,0.09555965
201820,0.31127322
201825,0.1885172
201830,0.15010586
201838,0.089452446
201839,0.6989537
201845,0.49003613
201849,0.058590658
201850,0.22713496
201853,0.13202833
201856,0.2099209
201873,0.5470548
201875,0.11366624
201906,0.36416838
201907,0.48165128
201908,0.4192685
201909,0.34727275
201911,0.72440034
201927,0.35385808
201928,0.26134035
201937,0.27459884
201943,0.36837244
201946,0.30216885
201948,0.18745199
201949,0.49748713
201955,0.06664867
201962,0.458535
201977,0.09339489
201996,0.12878251
201997,0.68199277
202004,0.47795585
202005,0.14710437
202006,0.50405604
202010,0.09126952
202020,0.4345188
202029,0.84632915
202033,0.34060407
202034,0.3970938
202040,0.6965819
202045,0.085428886
202048,0.09918291
202055,0.23609433
202058,0.40154502
202062,0.38836566
202073,0.6029714
202078,0.19272248
202079,0.72495836
202080,0.45459023
202085,0.5307105
202090,0.41035804
202092,0.50841725
202114,0.20948628
202124,0.12058695
202133,0.20705776
202136,0.4036871
202150,0.08064206
202156,0.06698725
202159,0.3304564
202165,0.32030997
202167,0.6309425
202168,0.32671142
202169,0.5545072
202170,0.3363883
202204,0.18664715
202209,0.12269805
202216,0.5311417
202220,0.55813384
202228,0.3067949
202229,0.20832103
202231,0.4401432
202232,0.16330788
202234,0.701806
202252,0.6840961
202253,0.55823827
202272,0.280037
202273,0.21887915
202292,0.10840375
202300,0.3137207
202302,0.13797283
202311,0.051895287
202316,0.31565437
202318,0.62482536
202324,0.517261
202343,0.3809093
202344,0.39084974
202349,0.21234125
202351,0.5596182
202355,0.08764735
202379,0.7077304
202407,0.05535926
202409,0.4148584
202410,0.27322757
202422,0.4235856
202423,0.5486686
202435,0.490146
202437,0.79952747
202438,0.478783
202439,0.60312456
202441,0.38323095
202444,0.09158034
202446,0.45458728
202450,0.45699504
202455,0.27989745
202457,0.11637473
202461,0.6736911
202463,0.62281257
202473,0.15998855
202478,0.26692846
202484,0.83481294
202490,0.18881588
202491,0.18030576
202492,0.760682
202497,0.63003343
202508,0.38789973
202509,0.47572762
202510,0.20138657
202511,0.5138103
202514,0.061232716
202524,0.2534513
202527,0.42844278
202547,0.32095692
202554,0.17393683
202557,0.5410504
202568,0.62569594
202573,0.3096957
202587,0.18758805
202599,0.13787411
202610,0.4157785
202613,0.35661376
202618,0.768682
202621,0.18932284
202645,0.29891372
202646,0.18737207
202649,0.47670865
202653,0.2378813
202655,0.4194263
202656,0.3060783
202659,0.62153
202661,0.42767766
202681,0.37866327
202688,0.49538442
202691,0.08294267
202692,0.042733364
202697,0.8805113
202698,0.5297764
202717,0.45490065
202720,0.6090054
202724,0.41779298
202725,0.394474
202734,0.5649475
202740,0.12872946
202743,0.3279939
202746,0.09704842
202760,0.30965248
202761,0.18680935
202765,0.26485053
202769,0.551867
202785,0.30305085
202793,0.48905793
202796,0.31981167
202805,0.025909808
202816,0.40975526
202823,0.7359173
202825,0.38177773
202829,0.08441242
202830,0.7154368
202848,0.5954629
202861,0.4407992
202862,0.63318133
202863,0.2538374
202879,0.48282114
202889,0.13340914
202894,0.78876835
202895,0.3116776
202897,0.14305733
202899,0.15879244
202900,0.45777452
202907,0.34213293
202927,0.6950269
202945,0.26307863
202951,0.22636405
202955,0.21376175
202960,0.1816876
202967,0.5474873
202972,0.29398566
202982,0.5716088
202993,0.09854567
202996,0.15114588
202998,0.12240873
203008,0.22205403
203026,0.5888088
203038,0.4967684
203044,0.40081242
203054,0.18207382
203070,0.8387418
203075,0.21038924
203082,0.20044939
203089,0.2804493
203090,0.17423262
203098,0.6280062
203108,0.39055076
203109,0.21255694
203113,0.4806157
203123,0.21322691
203124,0.07547369
203128,0.45819438
203129,0.76654726
203131,0.7746919
203142,0.44925848
203154,0.34170228
203175,0.51964056
203176,0.53772575
203183,0.27104938
203185,0.10383525
203195,0.46872735
203201,0.521781
203205,0.46964103
203218,0.24240446
203241,0.25979346
203244,0.5871817
203245,0.36721325
203253,0.8543541
203259,0.33266073
203264,0.8786879
203276,0.3202574
203283,0.4264769
203286,0.051840626
203288,0.3565099
203290,0.39075783
203298,0.5918616
203300,0.19223978
203312,0.3327431
203318,0.21248008
203331,0.59452665
203337,0.04845626
203339,0.40304688
203344,0.08539394
203348,0.59080446
203349,0.136073
203350,0.21051256
203358,0.73990077
203366,0.49030268
203371,0.25591385
203377,0.64043206
203399,0.2640033
203402,0.2681444
203407,0.7818206
203410,0.34096783
203421,0.70568657
203428,0.238499
203431,0.69799995
203433,0.5435596
203459,0.2570653
203460,0.74394155
203462,0.49199608
203470,0.24111088
203475,0.82809097
203476,0.25985503
203496,0.75311935
203518,0.10697872
203547,0.3603072
203549,0.17231575
203550,0.21306972
203552,0.042019457
203561,0.21886376
203564,0.71977556
203567,0.40127888
203575,0.5176171
203590,0.3763216
203591,0.11617731
203605,0.56747097
203606,0.257306
203640,0.41489464
203643,0.87045056
203647,0.46777943
203648,0.26723164
203669,0.12347647
203671,0.09828737
203692,0.30929807
203695,0.43232524
203706,0.20465812
203713,0.409653
203730,0.16910733
203736,0.2524113
203745,0.64486086
203751,0.44224474
203753,0.25267127
203755,0.23317441
203762,0.56419957
203769,0.2021545
203774,0.20536171
203796,0.2994666
203799,0.25102413
203806,0.22276762
203807,0.6055307
203810,0.15978345
203816,0.41350046
203821,0.8900648
203822,0.2949216
203850,0.4858402
203854,0.16467264
203862,0.47191203
203868,0.36067754
203869,0.22176462
203870,0.23798515
203876,0.17156759
203878,0.37417462
203889,0.28092912
203897,0.086386666
203905,0.701529
203914,0.62604815
203915,0.2897069
203950,0.2504218
203956,0.2421429
203957,0.31031168
203973,0.51614165
203975,0.08468967
203980,0.40026316
203997,0.5026431
204001,0.50457716
204008,0.44836202
204017,0.5090866
204020,0.42402813
204021,0.27150086
204026,0.42698696
204027,0.1812407
204043,0.07291312
204047,0.30615303
204055,0.24761653
204059,0.23194633
204060,0.6300843
204061,0.0915796
204073,0.5119989
204076,0.44258988
204086,0.4666511
204088,0.25121608
204102,0.6874652
204116,0.44073704
204117,0.44592893
204121,0.4032874
204129,0.14849684
204139,0.67124385
204148,0.16954811
204149,0.37768027
204175,0.1957968
204181,0.64400023
204183,0.30826557
204187,0.41812485
204193,0.6051581
204194,0.36547655
204195,0.13717112
204196,0.6206972
204202,0.35706475
204206,0.044426765
204207,0.66350454
204214,0.18456104
204222,0.37795246
204226,0.09773928
204227,0.47928736
204228,0.32203698
204231,0.3648554
204232,0.8003151
204235,0.7438913
204237,0.039064035
204239,0.20707819
204242,0.21638894
204254,0.19315015
204255,0.49612874
204259,0.15433908
204268,0.1588087
204280,0.08238143
204282,0.675181
204307,0.07628416
204314,0.61418587
204318,0.41964266
204321,0.36557272
204330,0.15902029
204335,0.52458745
204339,0.78236175
204344,0.1386442
204350,0.69418156
204371,0.096645184
204372,0.3834369
204374,0.36237314
204383,0.3519101
204392,0.61407626
204403,0.05577732
204409,0.10109239
204416,0.26187843
204417,0.26801482
204437,0.5402817
204440,0.08682809
204445,0.07975744
204446,0.4167258
204449,0.774011
204468,0.32072154
204504,0.5663181
204506,0.08247079
204536,0.31577733
204539,0.5687236
204601,0.17781582
204614,0.41083643
204616,0.73383695
204618,0.5027763
204623,0.071342535
204630,0.567295
204636,0.16659921
204639,0.057115898
204642,0.5943958
204644,0.13321587
204648,0.18834735
204662,0.11024466
204673,0.22480875
204674,0.46197048
204681,0.05011082
204682,0.28839883
204683,0.61697674
204689,0.66586244
204690,0.4809461
204707,0.44898224
204728,0.6815784
204736,0.38679788
204740,0.24390082
204749,0.46224666
204756,0.32439855
204771,0.13185778
204778,0.2203274
204808,0.17602947
204822,0.7846772
204827,0.53880346
204831,0.4821856
204836,0.26023012
204837,0.06416507
204843,0.4247792
204846,0.107629836
204847,0.12923893
204850,0.34470746
204852,0.19535294
204854,0.24127895
204856,0.68488115
204857,0.69577765
204863,0.6001935
204870,0.081885524
204885,0.6396887
204895,0.37218258
204905,0.39030272
204911,0.56711864
204927,0.32670712
204929,0.39033332
204941,0.35435286
204959,0.36121726
204962,0.6516367
204965,0.7937113
204970,0.7091239
204971,0.21903032
204972,0.68830293
205000,0.61796117
205011,0.24217783
205013,0.19520125
205014,0.789187
205019,0.24541225
205043,0.34506175
205045,0.7320401
205054,0.21867809
205066,0.2912603
205069,0.5968859
205070,0.19548012
205071,0.6241405
205073,0.5365404
205077,0.30990833
205078,0.19937705
205088,0.14559628
205104,0.48690706
205107,0.15195996
205117,0.3506991
205118,0.108729854
205128,0.54195327
205134,0.125984
205140,0.16266197
205141,0.79658276
205142,0.029528977
205153,0.90150833
205158,0.19055192
205169,0.1615642
205170,0.48603296
205183,0.17163385
205184,0.26361263
205197,0.08776266
205199,0.37875336
205204,0.09933396
205208,0.23537086
205209,0.08107577
205210,0.50616163
205216,0.39010075
205219,0.73998874
205222,0.39729732
205225,0.12872106
205235,0.38263962
205236,0.36666298
205241,0.056860514
205244,0.37909174
205251,0.5822056
205252,0.6703721
205258,0.2472333
205262,0.40365475
205264,0.0491796
205274,0.8022254
205277,0.5335877
205281,0.15734729
205306,0.23953857
205307,0.6284315
205323,0.35664207
205336,0.8347295
205337,0.78992146
205360,0.55591685
205363,0.3032753
205365,0.29573408
205367,0.7462492
205368,0.1557862
205375,0.12418791
205403,0.47577253
205411,0.39116156
205415,0.3129263
205429,0.48093572
205434,0.5206924
205445,0.20545688
205463,0.29160562
205471,0.3103386
205472,0.623242
205479,0.527232
205480,0.30016497
205493,0.72882295
205503,0.5521137
205508,0.23217487
205524,0.67091924
205525,0.2384724
205526,0.16380958
205533,0.2641475
205542,0.13351253
205545,0.33576965
205552,0.25682166
205561,0.41211382
205563,0.1710626
205564,0.54561126
205565,0.26546338
205566,0.1553858
205569,0.45621487
205579,0.22483319
205585,0.46501946
205587,0.09301698
205588,0.22789696
205591,0.30210415
205594,0.82113737
205600,0.33836094
205608,0.32640597
205613,0.13534793
205618,0.5951736
205619,0.034701627
205623,0.046658486
205627,0.64468455
205628,0.7435997
205635,0.15642917
205638,0.16912417
205640,0.7331166
205641,0.66779625
205642,0.8093524
205643,0.12916449
205646,0.3254182
205655,0.57365525
205672,0.15786046
205678,0.29100174
205681,0.26820588
205682,0.1560567
205690,0.080676384
205693,0.18330285
205695,0.29354292
205724,0.16261856
205738,0.19621752
205741,0.33997273
205744,0.2828807
205750,0.12316022
205751,0.6796418
205752,0.11051877
205766,0.32378206
205773,0.43865365
205775,0.3746364
205776,0.12813528
205789,0.5415997
205793,0.42526525
205797,0.13238299
205798,0.15633233
205802,0.028838119
205806,0.40715367
205807,0.15530823
205815,0.21916242
205819,0.17413017
205821,0.09987983
205822,0.6389123
205831,0.4274581
205832,0.43209124
205836,0.2946541
205843,0.68074447
205862,0.3746149
205863,0.2851035
205866,0.62729555
205873,0.27290484
205877,0.46086025
205879,0.30989137
205880,0.12980744
205886,0.5729733
205898,0.5668884
205903,0.28950465
205907,0.25756526
205908,0.4266528
205909,0.23514062
205930,0.1145313
205931,0.16108896
205932,0.24839117
205951,0.16218318
205957,0.8742658
205960,0.4583476
205987,0.45145178
205994,0.85320765
205995,0.35107744
206006,0.17518312
206007,0.18084118
206013,0.1372127
206020,0.046735805
206030,0.14709143
206035,0.08784206
206038,0.06178551
206039,0.5516961
206061,0.18584903
206066,0.5433054
206068,0.5886092
206071,0.5615518
206076,0.24091998
206077,0.31725994
206091,0.22292154
206097,0.45290762
206101,0.47671375
206145,0.38591877
206147,0.14072134
206163,0.29751578
206171,0.17065199
206173,0.6749062
206174,0.80318826
206197,0.29788792
206198,0.29431483
206209,0.4420665
206211,0.4118604
206213,0.16175209
206246,0.7948749
206252,0.34198022
206253,0.71463954
206254,0.31846833
206257,0.531291
206270,0.3347571
206283,0.10940012
206290,0.27983963
206291,0.16417916
206292,0.70355564
206307,0.3520083
206315,0.2179235
206319,0.6657612
206324,0.5150855
206326,0.6591116
206338,0.53812355
206339,0.10387357
206354,0.20577633
206359,0.19923377
206374,0.59139544
206377,0.24158174
206395,0.44931415
206403,0.16786973
206410,0.71643555
206413,0.41386756
206414,0.25042742
206418,0.5223137
206424,0.48499313
206427,0.23930448
206428,0.24544552
206429,0.2319433
206430,0.2786145
206447,0.08401918
206451,0.33758745
206465,0.5866392
206477,0.5960427
206484,0.467043
206497,0.036971197
206517,0.36522374
206533,0.10229237
206542,0.6957303
206557,0.40181553
206563,0.23197353
206564,0.784343
206565,0.19720522
206582,0.43529147
206593,0.6437326
206605,0.75190884
206606,0.31542978
206621,0.3360217
206639,0.2261745
206640,0.37639832
206641,0.13671836
206645,0.34898046
206656,0.42036554
206666,0.4734176
206679,0.5374573
206681,0.10151312
206684,0.4055989
206686,0.15651216
206687,0.21174239
206697,0.39400554
206700,0.45073986
206702,0.39859352
206703,0.20629929
206708,0.30808476
206710,0.44414598
206721,0.51621467
206723,0.48461327
206735,0.42684156
206739,0.48989412
206742,0.31259874
206744,0.9215741
206747,0.7357393
206752,0.19249685
206774,0.25455996
206776,0.7937109
206792,0.06427144
206799,0.67522156
206805,0.17607632
206806,0.7414039
206809,0.51826674
206812,0.40669096
206814,0.1136243
206830,0.16385631
206831,0.09349683
206878,0.81041586
206905,0.076666094
206908,0.55038685
206910,0.20672426
206917,0.2044107
206920,0.46146548
206927,0.31718403
206933,0.27128306
206945,0.28756934
206968,0.2251756
206987,0.40572855
206989,0.092433594
207017,0.6882024
207027,0.21486665
207029,0.27972016
207030,0.7136231
207035,0.35006362
207040,0.47470236
207043,0.6842909
207054,0.6841913
207055,0.15301836
207059,0.21366544
207060,0.120726965
207062,0.12488901
207071,0.43657228
207073,0.8037353
207079,0.20895123
207100,0.2550014
207107,0.13233773
207129,0.25483927
207132,0.4111769
207139,0.44631413
207148,0.6107725
207153,0.19884896
207163,0.47250405
207164,0.31733912
207168,0.20871039
207171,0.03764432
207173,0.74745554
207174,0.104025386
207181,0.11518722
207182,0.1964791
207198,0.2761551
207201,0.17217086
207213,0.54066044
207234,0.49562898
207238,0.34147578
207256,0.24230288
207257,0.5979326
207264,0.6495375
207268,0.79987705
207275,0.27281186
207291,0.26220274
207296,0.2512087
207304,0.6382768
207308,0.36556137
207314,0.18519606
207324,0.55153173
207332,0.3487953
207333,0.5293577
207339,0.2335162
207349,0.100892134
207351,0.4241115
207359,0.6602368
207361,0.06061667
207365,0.25895956
207369,0.07771801
207372,0.3081827
207377,0.3007527
207380,0.1235107
207394,0.2343411
207412,0.5813081
207423,0.39046952
207426,0.11139322
207427,0.71362144
207428,0.3442078
207430,0.83703566
207437,0.34834647
207440,0.3662595
207455,0.24973816
207456,0.31669503
207471,0.4013614
207476,0.15066458
207483,0.15854655
207497,0.3249388
207506,0.23006263
207515,0.44964445
207529,0.5712927
207533,0.43797138
207534,0.05459963
207541,0.6179804
207560,0.18132198
207561,0.67949724
207570,0.28256693
207600,0.31351736
207630,0.67231506
207633,0.7422461
207634,0.07817608
207635,0.20747381
207660,0.16841486
207682,0.110716015
207684,0.34060177
207687,0.3326952
207706,0.71936095
207708,0.2836277
207713,0.39476776
207714,0.2717337
207718,0.13850085
207721,0.2470501
207724,0.24443425
207727,0.16758841
207731,0.18137476
207732,0.2891532
207734,0.23895143
207739,0.22583471
207744,0.5540537
207787,0.71592534
207792,0.29101753
207801,0.13102132
207811,0.5035826
207817,0.72494215
207818,0.57691085
207819,0.24887323
207830,0.4674613
207834,0.5113154
207841,0.70333123
207844,0.57859874
207849,0.38788375
207856,0.16789393
207865,0.24718498
207867,0.37978405
207873,0.66551775
207882,0.5885163
207887,0.27549192
207888,0.3838612
207889,0.1083815
207907,0.07257227
207921,0.803366
207922,0.11633095
207928,0.41118613
207930,0.800572
207940,0.12446381
207941,0.4051802
207956,0.2734283
207960,0.13436146
207961,0.5461892
207968,0.29349124
207971,0.24725647
207972,0.28243175
207975,0.44487634
207976,0.6362226
207979,0.7925113
207997,0.5051789
207999,0.8623704
208008,0.5023382
208027,0.58274364
208030,0.22043675
208033,0.815841
208035,0.55417293
208040,0.26178667
208052,0.35145393
208067,0.116002545
208090,0.12149976
208100,0.34004658
208102,0.10931852
208110,0.19425865
208117,0.18557559
208119,0.4982612
208123,0.5839286
208127,0.88761705
208136,0.098435774
208139,0.019714225
208140,0.16884309
208144,0.47451118
208149,0.114374444
208156,0.512732
208166,0.4692339
208168,0.43725684
208170,0.8025078
208172,0.63447225
208178,0.21344867
208193,0.34591386
208195,0.098098576
208211,0.17582254
208213,0.29609963
208229,0.4734841
208231,0.657184
208235,0.08421739
208238,0.4646319
208240,0.379167
208249,0.10935787
208262,0.46732885
208263,0.49171904
208270,0.26819927
208288,0.2707812
208292,0.61641574
208302,0.13299973
208303,0.54972506
208312,0.03469995
208317,0.15858647
208322,0.31869966
208331,0.47595122
208336,0.2596273
208337,0.42390215
208339,0.52264935
208346,0.78908
208353,0.53024083
208358,0.17893505
208359,0.49998045
208360,0.13644339
208370,0.38219044
208373,0.093090974
208390,0.31930456
208391,0.5231743
208394,0.3163946
208396,0.23722614
208397,0.16380645
208398,0.6806757
208400,0.42014566
208410,0.27009603
208420,0.26426774
208421,0.79304934
208431,0.64224625
208450,0.33691165
208451,0.71458185
208455,0.4102024
208478,0.43614304
208479,0.1653137
208482,0.4013837
208502,0.70579576
208516,0.14873807
208518,0.08561608
208534,0.38728517
208550,0.16496831
208551,0.14807416
208566,0.43488455
208567,0.3748979
208575,0.55953586
208576,0.16084586
208588,0.29537553
208590,0.6245684
208595,0.15316881
208619,0.52106535
208620,0.35984713
208627,0.6833774
208629,0.33711243
208642,0.33669907
208645,0.20817165
208661,0.1600885
208662,0.036347084
208679,0.21341787
208681,0.17334913
208689,0.5067626
208696,0.25554457
208701,0.20848526
208707,0.6975734
208719,0.22811207
208720,0.4533288
208730,0.42719406
208748,0.12301123
208753,0.5964631
208755,0.3782039
208769,0.19251888
208775,0.33653033
208785,0.2562942
208796,0.29407218
208806,0.21428254
208815,0.48601222
208830,0.32854113
208833,0.4883322
208837,0.19510491
208842,0.10078658
208860,0.14276779
208874,0.28055912
208886,0.2747991
208897,0.20776416
208898,0.70804185
208905,0.66272926
208907,0.12484249
208924,0.5727009
208925,0.5362205
208933,0.2536786
208941,0.28059468
208948,0.056847587
208960,0.14701232
208962,0.28873864
208963,0.22062372
208965,0.20231223
208973,0.17023097
208974,0.53579116
208986,0.45013428
208992,0.23073989
208995,0.82108676
209001,0.27708414
209006,0.39205763
209012,0.19235955
209022,0.17888628
209055,0.63705915
209056,0.60974675
209057,0.42289668
209060,0.43333155
209067,0.13732663
209071,0.42669
209078,0.16691376
209080,0.23244977
209094,0.18035862
209097,0.15783514
209098,0.69630224
209101,0.1733943
209108,0.14567725
209109,0.14140455
209111,0.15803808
209116,0.70956475
209117,0.89672637
209121,0.08184952
209126,0.07789187
209127,0.2623537
209141,0.2059585
209142,0.53423274
209159,0.16546412
209164,0.78818107
209168,0.80430895
209177,0.45581937
209197,0.39396563
209202,0.72705424
209209,0.15532258
209211,0.43429384
209233,0.33535525
209234,0.4728728
209253,0.41166618
209260,0.3974966
209263,0.409085
209268,0.47749776
209275,0.4636798
209288,0.3990391
209298,0.7250691
209305,0.1686517
209326,0.46061936
209340,0.3259977
209352,0.69158375
209362,0.24767913
209367,0.5327121
209369,0.2389238
209377,0.24364257
209387,0.2765455
209392,0.39691094
209393,0.10857312
209420,0.057259873
209423,0.6656952
209457,0.4556242
209458,0.5804899
209470,0.55774164
209479,0.7866113
209483,0.6064282
209488,0.7863542
209489,0.33183944
209497,0.12436663
209504,0.1921598
209510,0.6585079
209513,0.15672964
209547,0.14538886
209549,0.28078035
209556,0.11385011
209561,0.69903
209565,0.67723733
209591,0.6902792
209595,0.5165451
209596,0.69453436
209608,0.33959693
209628,0.25246564
209643,0.6049726
209645,0.5836726
209651,0.36488765
209659,0.5855914
209660,0.4847615
209661,0.6598148
209665,0.5357496
209682,0.0736771
209687,0.5350351
209689,0.4062578
209699,0.53983974
209705,0.6049627
209707,0.14384612
209713,0.3093533
209717,0.17773975
209718,0.55416125
209723,0.76771283
209727,0.1185279
209729,0.28518203
209739,0.11741436
209741,0.6231428
209744,0.7185367
209748,0.7123591
209749,0.30037642
209758,0.16940999
209761,0.3119445
209764,0.6794101
209772,0.2588908
209773,0.6957341
209794,0.3750933
209795,0.6569803
209814,0.2145969
209828,0.63978
209838,0.24596809
209839,0.7564112
209845,0.8391935
209855,0.14397761
209862,0.16715549
209869,0.34100804
209872,0.27272037
209879,0.70946103
209881,0.4193142
209882,0.77230895
209893,0.8397511
209913,0.3901517
209918,0.43870562
209920,0.62977964
209921,0.29216203
209929,0.6585563
209943,0.5153451
209957,0.19411814
209960,0.27609515
209962,0.3820689
209969,0.42248812
209980,0.3630234
209986,0.24645934
209989,0.49109995
209990,0.41088024
209991,0.18877375
210007,0.3254093
210016,0.25625747
210018,0.33040157
210019,0.30285758
210020,0.058399767
210036,0.0699925
210050,0.53760386
210080,0.2513942
210084,0.22721793
210089,0.6779879
210104,0.34450272
210129,0.22270453
210135,0.29307744
210137,0.49960443
210140,0.7026877
210145,0.11074622
210146,0.3466932
210147,0.4427978
210152,0.09438542
210157,0.2688478
210158,0.36451644
210164,0.29092082
210170,0.29973167
210171,0.11568817
210173,0.8140061
210174,0.5808624
210176,0.48238248
210190,0.155063
210191,0.5767869
210195,0.7240847
210196,0.20654738
210201,0.123645216
210211,0.5161094
210231,0.26041713
210239,0.61748594
210241,0.16324326
210242,0.10460617
210255,0.5071404
210278,0.7111901
210283,0.03738904
210284,0.5176905
210304,0.18828934
210307,0.2640667
210330,0.39181137
210332,0.20352957
210350,0.8229032
210379,0.12706135
210385,0.21905363
210401,0.29420054
210405,0.2691614
210413,0.8111177
210414,0.5995549
210415,0.53714854
210419,0.45486113
210429,0.25202015
210467,0.79788464
210481,0.21201502
210482,0.23179425
210492,0.18297319
210502,0.69407094
210523,0.19789398
210525,0.6996985
210529,0.50789535
210538,0.1093531
210543,0.24990568
210549,0.30091643
210551,0.47631812
210555,0.6570096
210558,0.6283065
210591,0.55405897
210597,0.677043
210599,0.210173
210610,0.36281845
210616,0.6898467
210618,0.24833825
210622,0.8314062
210639,0.53173065
210645,0.13612467
210650,0.1597788
210672,0.058912158
210676,0.38687968
210683,0.5362417
210697,0.74124527
210701,0.24949774
210706,0.49123144
210712,0.5185907
210717,0.37503377
210728,0.64950037
210729,0.3328061
210730,0.4198768
210731,0.34657195
210733,0.79433817
210735,0.21372797
210742,0.14394405
210748,0.10360178
210749,0.2926482
210758,0.32968527
210767,0.57729787
210769,0.46756423
210777,0.59421635
210789,0.06342733
210791,0.32408008
210794,0.061663747
210811,0.30018893
210814,0.13019736
210821,0.36106205
210833,0.38037694
210835,0.1935451
210859,0.29945943
210862,0.2665074
210870,0.4132838
210886,0.1012841
210893,0.07949483
210901,0.20831971
210906,0.6391073
210913,0.5020671
210953,0.27470547
210961,0.1565864
210962,0.77772015
210966,0.2413804
210983,0.6395785
211000,0.48537746
211025,0.6972423
211036,0.10636412
211043,0.64665234
211062,0.8174845
211076,0.28162158
211085,0.38024497
211096,0.19769152
211097,0.6338301
211098,0.67331463
211103,0.23341928
211108,0.4994341
211131,0.4815251
211135,0.74696106
211139,0.13549964
211146,0.24975117
211150,0.07114335
211158,0.22589302
211170,0.7843792
211177,0.45149687
211183,0.5313564
211187,0.55073553
211191,0.118490525
211194,0.8373864
211196,0.68655044
211203,0.121909894
211209,0.5224463
211210,0.7279163
211211,0.57772845
211232,0.22008513
211244,0.8330172
211263,0.18869576
211264,0.6159221
211270,0.33910024
211278,0.08019037
211292,0.19326603
211293,0.30115435
211295,0.41114873
211296,0.46734732
211308,0.48467952
211310,0.2491361
211312,0.45020923
211325,0.28284284
211326,0.31146258
211330,0.36481458
211333,0.10158955
211341,0.23047957
211342,0.051179104
211350,0.2603364
211355,0.60561997
211357,0.7496441
211358,0.60010636
211362,0.2728997
211377,0.12003197
211378,0.82542765
211379,0.3702204
211384,0.5070042
211395,0.6627138
211398,0.26085734
211399,0.08686708
211417,0.34412065
211419,0.5715977
211420,0.20415424
211439,0.7180311
211442,0.17396668
211451,0.17435005
211457,0.33208472
211469,0.3441871
211483,0.14503941
211505,0.6087179
211508,0.19110548
211509,0.40985593
211510,0.5100196
211526,0.37440377
211547,0.3486926
211548,0.43934512
211550,0.15502642
211551,0.4399731
211553,0.75358915
211562,0.40417302
211563,0.12627454
211564,0.71085
211565,0.5504748
211571,0.7973306
211572,0.8066681
211577,0.30595958
211580,0.4923804
211609,0.23306733
211625,0.5996274
211635,0.8147699
211646,0.34062222
211660,0.37116602
211670,0.77716833
211672,0.32830027
211688,0.19212659
211694,0.09205761
211696,0.32608432
211711,0.7581308
211718,0.28447187
211732,0.18987484
211735,0.16651656
211736,0.38091466
211740,0.5010943
211741,0.2379674
211746,0.22289772
211751,0.3435349
211754,0.44216996
211770,0.50796103
211771,0.46997893
211787,0.90522075
211788,0.3224489
211802,0.25874832
211804,0.23812553
211810,0.70283145
211832,0.4174295
211839,0.30787966
211860,0.2625144
211863,0.718525
211866,0.16101258
211869,0.4449782
211872,0.34492472
211894,0.23271333
211901,0.28997037
211902,0.81053704
211903,0.67390925
211946,0.1567113
211950,0.66776365
211959,0.4636863
211964,0.3938721
211965,0.3207889
211979,0.2737002
211983,0.7507881
211986,0.46659213
211987,0.12739982
211988,0.57758486
211999,0.13140865
212002,0.4035849
212004,0.17851542
212009,0.50913143
212015,0.34375215
212023,0.27910125
212048,0.4619706
212055,0.1651862
212067,0.037062254
212079,0.24701862
212080,0.18815643
212083,0.1484211
212085,0.64628285
212088,0.17384253
212089,0.27857298
212092,0.13630487
212097,0.30467504
212124,0.19105722
212132,0.2328681
212136,0.42382824
212144,0.32190037
212145,0.47788572
212167,0.18155122
212174,0.7878214
212175,0.33086812
212187,0.8183604
212191,0.28464827
212194,0.66686964
212238,0.34169227
212242,0.17771636
212245,0.39252567
212258,0.33097792
212262,0.25091746
212277,0.08975867
212283,0.124550626
212287,0.31571674
212288,0.5192885
212289,0.23168173
212293,0.49773696
212296,0.703157
212300,0.7618542
212303,0.5636259
212326,0.2782826
212327,0.4586908
212328,0.05263827
212329,0.13594775
212339,0.39937642
212340,0.34472522
212343,0.31779927
212360,0.15643828
212389,0.44258803
212401,0.44974145
212407,0.122296624
212409,0.4743336
212422,0.5640278
212424,0.64702785
212440,0.37184492
212441,0.785546
212443,0.306718
212448,0.23097873
212472,0.6114663
212478,0.34902605
212481,0.2367808
212493,0.5942225
212508,0.49883816
212511,0.14823525
212525,0.12129096
212531,0.48914912
212533,0.057316937
212555,0.24623398
212592,0.51427794
212610,0.27892706
212621,0.7240788
212629,0.55516416
212635,0.39932737
212636,0.054960173
212637,0.40300852
212643,0.42944312
212648,0.500873
212654,0.8195637
212655,0.6386843
212660,0.4885946
212661,0.5211832
212664,0.6081207
212669,0.10006722
212670,0.31162697
212674,0.75942755
212676,0.837173
212690,0.33227238
212691,0.37013513
212696,0.32114732
212710,0.58899826
212712,0.0839073
212716,0.1710652
212718,0.37053406
212720,0.40672314
212723,0.43553042
212730,0.18775171
212740,0.13817349
212747,0.7288422
212763,0.33503553
212773,0.15945888
212775,0.40149695
212776,0.39200166
212777,0.81345713
212781,0.5437456
212782,0.85748434
212785,0.12868297
212786,0.5346959
212795,0.13595594
212800,0.48199698
212818,0.40918362
212834,0.43840703
212837,0.34878492
212841,0.37713656
212842,0.18590395
212847,0.6457581
212848,0.13915059
212851,0.23508209
212865,0.064275205
212866,0.11720615
212874,0.63625884
212880,0.32718635
212894,0.4460838
212897,0.31453907
212912,0.39344943
212913,0.15573414
212916,0.35669
212917,0.11369648
212933,0.25421506
212935,0.31327286
212936,0.23167999
212950,0.6847106
212957,0.43058333
212958,0.25466657
212961,0.5049018
212962,0.17245579
212963,0.6592738
212964,0.6844472
212968,0.53073573
212969,0.37120375
212976,0.07033889
212978,0.26487705
212983,0.386099
212993,0.5269909
213004,0.1847671
213008,0.057327103
213014,0.06355185
213018,0.47108835
213021,0.21231958
213024,0.32637206
213045,0.23366049
213054,0.0804351
213059,0.71889085
213076,0.34297174
213095,0.34941387
213096,0.27294904
213100,0.12967557
213101,0.34026125
213109,0.5365158
213111,0.18313813
213116,0.09989265
213133,0.75486547
213140,0.38195816
213141,0.41356227
213143,0.8804855
213150,0.24449095
213152,0.30580533
213158,0.36595637
213159,0.25056764
213166,0.35786748
213167,0.8170434
213170,0.7041465
213178,0.55169886
213179,0.06430185
213189,0.2529214
213196,0.59161294
213201,0.11119136
213203,0.21312958
213204,0.38963068
213205,0.22027762
213206,0.21485563
213207,0.74550426
213208,0.26625067
213212,0.17244592
213214,0.09877119
213220,0.10696173
213240,0.18744493
213244,0.14780596
213263,0.7943815
213264,0.43714246
213265,0.12827048
213270,0.46845862
213283,0.40066332
213287,0.44327992
213292,0.4687207
213295,0.50503063
213299,0.76965195
213303,0.308111
213307,0.38685453
213308,0.38378644
213312,0.8074435
213313,0.13618024
213316,0.25810468
213317,0.6701931
213338,0.5774568
213357,0.30595264
213368,0.69644517
213374,0.32600498
213375,0.1501378
213386,0.6171155
213390,0.2968672
213393,0.16867566
213401,0.3942362
213423,0.40693426
213430,0.165968
213431,0.47095442
213447,0.09699009
213465,0.20253165
213468,0.28373963
213473,0.7333209
213475,0.426136
213476,0.21703002
213482,0.08760356
213493,0.5977549
213531,0.5939047
213534,0.23104444
213542,0.183194
213546,0.52623576
213569,0.2612503
213570,0.34553152
213588,0.093717806
213591,0.15470845
213595,0.07826194
213597,0.38956568
213598,0.23416226
213604,0.4308013
213622,0.2461409
213623,0.8171673
213633,0.048724554
213639,0.073686846
213641,0.18003964
213649,0.31243896
213671,0.37769455
213675,0.20413595
213679,0.5811213
213680,0.4760048
213684,0.61622167
213685,0.17266466
213689,0.060758837
213691,0.8322509
213693,0.26530224
213712,0.16577707
213717,0.14648032
213734,0.5967346
213739,0.7784131
213765,0.32712442
213775,0.14811331
213776,0.7009738
213804,0.8388242
213808,0.2228048
213818,0.68497103
213821,0.25272894
213829,0.19957747
213836,0.4627708
213838,0.2733421
213843,0.49895185
213854,0.34571275
213859,0.6870495
213862,0.88907796
213874,0.43068928
213878,0.78739303
213886,0.045239396
213888,0.2595771
213892,0.32629636
213910,0.42288253
213921,0.5638769
213926,0.36542445
213928,0.1830907
213935,0.17725925
213949,0.32721132
213957,0.6363376
213959,0.3000036
213967,0.37451363
213974,0.33663398
213975,0.31802157
213983,0.46062097
213984,0.101555504
213998,0.32650298
214004,0.26690638
214006,0.21093915
214008,0.33478054
214014,0.18462376
214015,0.35484412
214034,0.094807774
214059,0.3247821
214067,0.046438377
214077,0.20071018
214078,0.2781979
214079,0.41052523
214085,0.35435933
214088,0.471631
214099,0.33507103
214138,0.31005284
214141,0.06703623
214152,0.43599752
214154,0.09186278
214155,0.26378217
214177,0.4208681
214188,0.14685406
214192,0.35863099
214207,0.42085448
214217,0.30173868
214219,0.43688008
214228,0.46027443
214229,0.63742745
214233,0.23595983
214236,0.60882396
214242,0.118215226
214249,0.02902925
214263,0.1826836
214264,0.15345888
214265,0.29963666
214268,0.41746756
214281,0.275993
214282,0.21931937
214295,0.32672012
214311,0.07172176
214315,0.3369529
214325,0.27004385
214334,0.25782353
214336,0.29183006
214337,0.3393492
214342,0.7914669
214344,0.6413228
214349,0.357824
214355,0.13251644
214356,0.25475335
214358,0.25716937
214363,0.3195827
214364,0.16690658
214371,0.32107887
214377,0.8276892
214379,0.38984635
214383,0.64155936
214406,0.035714727
214407,0.50588757
214411,0.37726042
214415,0.59741855
214418,0.69990957
214419,0.16800734
214421,0.093869634
214430,0.15405858
214436,0.18303384
214463,0.49031758
214472,0.67811173
214474,0.62467676
214476,0.23626117
214478,0.14562996
214481,0.50441873
214484,0.15174228
214488,0.6526895
214491,0.5969063
214505,0.4247688
214507,0.5182552
214510,0.36791188
214518,0.47844148
214523,0.7805675
214539,0.4025029
214542,0.357011
214544,0.4072949
214553,0.31495887
214554,0.44617155
214561,0.43016517
214563,0.34420857
214566,0.12162022
214581,0.19582395
214587,0.25873557
214588,0.31928393
214589,0.5128464
214593,0.5371708
214620,0.5699103
214630,0.51527107
214643,0.41301668
214644,0.6284167
214647,0.31406274
214654,0.07341257
214657,0.13911109
214658,0.42837876
214662,0.34443358
214666,0.76108843
214680,0.28949034
214685,0.26954025
214693,0.13246433
214701,0.494441
214705,0.33687246
214706,0.46459877
214719,0.37411812
214721,0.8654834
214724,0.24776226
214741,0.39262488
214769,0.45426133
214777,0.08923159
214780,0.39376917
214786,0.17360653
214789,0.32887203
214797,0.38809136
214804,0.30957416
214808,0.7077098
214810,0.81862694
214828,0.7025097
214830,0.23815282
214835,0.6108274
214844,0.27957687
214859,0.8489533
214861,0.18514238
214863,0.30702922
214887,0.17019413
214898,0.20313394
214906,0.24179415
214913,0.15614547
214915,0.43892765
214937,0.17688145
214944,0.7230309
214948,0.5838933
214970,0.53336
214976,0.4143265
214999,0.68114364
215000,0.57369226
215016,0.1289382
215024,0.04554924
215029,0.80823773
215033,0.89866006
215037,0.7633812
215054,0.13704498
215057,0.28739274
215064,0.39176577
215074,0.5518505
215077,0.40908238
215082,0.24791165
215096,0.1500922
215101,0.18856432
215103,0.069928594
215109,0.62488484
215124,0.5267632
215142,0.7284164
215143,0.17324805
215145,0.19867073
215157,0.16507454
215159,0.084127754
215161,0.58564985
215166,0.36848274
215177,0.4337818
215186,0.44987357
215194,0.5126845
215196,0.30295777
215204,0.7631832
215211,0.2209315
215230,0.378272
215241,0.087489
215256,0.6917233
215257,0.47869745
215266,0.50992626
215267,0.10124097
215268,0.11431265
215278,0.62523276
215280,0.82619286
215318,0.7754149
215326,0.3358532
215331,0.42334995
215337,0.09252542
215344,0.18776165
215346,0.25432777
215348,0.60114634
215351,0.06773738
215358,0.6005987
215360,0.4216602
215367,0.17324792
215369,0.5068209
215383,0.25450385
215395,0.7552965
215407,0.3179986
215408,0.5576289
215412,0.3177606
215433,0.14754443
215454,0.4125162
215463,0.688649
215488,0.08699739
215508,0.5671452
215512,0.058193605
215516,0.56754863
215525,0.55863917
215531,0.40586343
215534,0.60050213
215537,0.27993274
215539,0.1829894
215548,0.14245467
215554,0.4371256
215556,0.21270004
215559,0.7796827
215560,0.36457717
215563,0.23495811
215564,0.07489943
215569,0.530254
215574,0.8681643
215586,0.65957206
215594,0.6126759
215608,0.4331507
215614,0.26250857
215623,0.72562593
215628,0.5981507
215637,0.82113236
215638,0.79377365
215649,0.21302778
215651,0.28700188
215653,0.19167694
215678,0.42209673
215708,0.3252438
215711,0.49637204
215733,0.33603686
215739,0.06977157
215742,0.14406687
215756,0.4630251
215772,0.4441437
215775,0.65641
215791,0.15198652
215796,0.5755016
215803,0.21116854
215805,0.15062235
215807,0.12394864
215829,0.2925822
215855,0.18995498
215856,0.65828794
215860,0.4660086
215861,0.23237231
215877,0.087403126
215883,0.31656024
215889,0.48933178
215897,0.22967894
215898,0.14998029
215901,0.2515655
215908,0.34972963
215910,0.916908
215911,0.0921786
215923,0.16870981
215928,0.27109903
215934,0.5387317
215936,0.49550837
215947,0.049674477
215951,0.18741435
215958,0.050820902
215959,0.26718563
215963,0.4208416
215968,0.7535111
215972,0.4993244
215976,0.4235713
215978,0.51836467
215981,0.21853273
215999,0.11515848
216001,0.728204
216012,0.41475704
216020,0.5754673
216035,0.3260148
216038,0.74316585
216041,0.55719286
216049,0.41856447
216065,0.32272157
216096,0.80737036
216110,0.18347423
216115,0.575857
216121,0.2704082
216122,0.86462474
216129,0.22790766
216131,0.59035486
216138,0.36931416
216142,0.4666574
216143,0.32528278
216150,0.25011486
216180,0.423287
216184,0.34225413
216189,0.18284248
216190,0.8200487
216197,0.14503208
216218,0.85237354
216219,0.68283147
216221,0.3850008
216231,0.17233971
216240,0.77360225
216272,0.32457525
216281,0.34826002
216284,0.17569304
216290,0.5096536
216297,0.32125267
216305,0.15509844
216306,0.35072163
216317,0.21439445
216333,0.10952204
216338,0.5329097
216339,0.6184003
216346,0.4403943
216349,0.59659076
216350,0.8175275
216351,0.2814991
216353,0.2619408
216355,0.5119135
216364,0.5150087
216387,0.4418117
216392,0.21341816
216393,0.7854007
216399,0.055625763
216416,0.25874028
216433,0.28316432
216435,0.14353794
216442,0.6713904
216458,0.5167249
216461,0.73986775
216468,0.63707817
216469,0.23946023
216471,0.492124
216473,0.68408805
216475,0.25879312
216496,0.30998844
216510,0.26084882
216511,0.4417611
216515,0.13035004
216516,0.44573957
216521,0.15447108
216532,0.21090288
216548,0.1241976
216551,0.48804197
216560,0.4322409
216562,0.44828
216563,0.4270962
216565,0.321804
216582,0.11141675
216587,0.639966
216589,0.27800024
216597,0.5566469
216606,0.100271374
216607,0.09131449
216608,0.62769616
216621,0.22227094
216622,0.13776146
216627,0.5480171
216636,0.47699237
216647,0.23619832
216655,0.6274677
216659,0.60207087
216666,0.7118391
216676,0.39672413
216677,0.2761366
216679,0.33171862
216681,0.33351713
216686,0.1209385
216687,0.47726998
216694,0.43597585
216697,0.12851174
216714,0.25260043
216719,0.39962095
216720,0.24523172
216721,0.22082685
216723,0.446804
216740,0.6326457
216746,0.43839818
216747,0.27658063
216751,0.31966874
216758,0.5246739
216768,0.14907175
216778,0.33919722
216786,0.6840193
216801,0.69150805
216802,0.66960746
216807,0.11476996
216808,0.17412676
216810,0.2260321
216818,0.1554468
216823,0.32026
216826,0.03283495
216827,0.08701235
216828,0.42218733
216840,0.8421643
216844,0.3397178
216845,0.46513143
216851,0.7768169
216857,0.31567615
216858,0.29074326
216862,0.15923002
216874,0.12994733
216880,0.18206815
216900,0.24584375
216902,0.30161566
216903,0.37375435
216904,0.2567999
216931,0.2029864
216936,0.20555924
216938,0.72684336
216952,0.54743737
216954,0.36699304
216955,0.39113194
216961,0.35483938
216981,0.63182807
216985,0.14738122
216992,0.5660447
216995,0.090793155
216997,0.12735863
216998,0.3118628
216999,0.3096072
217022,0.5479052
217034,0.46074685
217038,0.19644125
217050,0.16656978
217055,0.36650118
217064,0.4973395
217071,0.17297162
217078,0.6367037
217083,0.61299306
217084,0.11617935
217086,0.35440663
217096,0.6343194
217101,0.7135062
217109,0.57117814
217118,0.21925938
217121,0.5468166
217125,0.46147618
217130,0.8490812
217136,0.44790497
217137,0.34613907
217143,0.0558482
217148,0.22160363
217155,0.1512645
217162,0.2420049
217172,0.3585037
217174,0.22965965
217175,0.7505333
217177,0.38967872
217178,0.7786556
217192,0.33468235
217220,0.12878044
217221,0.2234117
217223,0.1588921
217232,0.32685694
217243,0.37482432
217248,0.6148312
217250,0.5232843
217271,0.57698685
217283,0.09246418
217297,0.77407634
217323,0.35218742
217326,0.31608543
217334,0.34607932
217338,0.27963853
217341,0.7592404
217342,0.6885782
217355,0.091383845
217362,0.4242452
217366,0.6743606
217367,0.44420892
217371,0.38160858
217383,0.53268504
217401,0.59711516
217404,0.5520137
217419,0.17659156
217422,0.65430546
217423,0.04258686
217427,0.47884825
217429,0.22852503
217430,0.31440738
217441,0.49944273
217444,0.14171259
217465,0.22628413
217471,0.17711027
217488,0.42020163
217493,0.25878492
217509,0.6927734
217510,0.2984154
217511,0.6987097
217519,0.41441965
217522,0.66680145
217562,0.44226125
217574,0.45794263
217577,0.058311284
217579,0.66433877
217596,0.06630268
217602,0.14089935
217612,0.46037787
217632,0.49316695
217635,0.103675716
217636,0.59469116
217638,0.4893637
217639,0.64028776
217651,0.45245725
217652,0.04859075
217663,0.82944316
217669,0.2446798
217686,0.54873884
217699,0.36641634
217700,0.7626699
217703,0.2789308
217706,0.6716117
217714,0.48000014
217732,0.15925176
217736,0.5406672
217749,0.85443056
217763,0.11930476
217770,0.39512512
217771,0.35711053
217772,0.3089544
217776,0.2490964
217777,0.3652485
217778,0.7743
217782,0.15249938
217790,0.60614556
217792,0.23758566
217793,0.49613184
217795,0.76564264
217796,0.1284759
217800,0.2751202
217804,0.21699913
217807,0.07156932
217846,0.4462893
217847,0.5686909
217853,0.22296773
217856,0.3693141
217864,0.1491415
217867,0.51525444
217868,0.7937792
217885,0.5629475
217887,0.28194174
217889,0.25337186
217900,0.24152471
217903,0.20636998
217905,0.5329049
217909,0.21433774
217913,0.16372484
217944,0.23856151
217946,0.38519382
217954,0.37577954
217956,0.37200055
217957,0.21418568
217961,0.83973026
217962,0.29289612
217976,0.37203157
217980,0.4179447
217981,0.26692313
218006,0.23309273
218009,0.26651746
218032,0.6706984
218049,0.13157147
218053,0.32261443
218078,0.40282583
218080,0.5089276
218081,0.2362524
218094,0.6941153
218098,0.14931287
218099,0.48324582
218100,0.6478151
218113,0.23315953
218117,0.34329516
218118,0.22335818
218119,0.22994472
218125,0.23407762
218133,0.25410408
218153,0.61372834
218165,0.40878147
218166,0.11936396
218177,0.1305079
218178,0.28651613
218202,0.24094571
218203,0.2956608
218207,0.630536
218209,0.52162075
218236,0.31262496
218244,0.18290938
218247,0.5625869
218250,0.33237502
218266,0.29424182
218275,0.65982354
218276,0.2978454
218287,0.5667287
218292,0.17844503
218298,0.69940364
218300,0.15890814
218320,0.28081816
218321,0.73354447
218333,0.13029431
218347,0.4186446
218353,0.1751514
218366,0.35040754
218368,0.2734564
218369,0.24956879
218372,0.6123401
218376,0.23834518
218378,0.258691
218403,0.397165
218413,0.5394327
218418,0.34676456
218449,0.74311656
218450,0.5056734
218458,0.13025387
218464,0.48093617
218475,0.46045804
218476,0.4319125
218478,0.39731416
218515,0.27171707
218517,0.22350204
218518,0.4718829
218538,0.08938528
218539,0.75720716
218550,0.6892173
218551,0.11955424
218565,0.6018959
218580,0.079760894
218591,0.51240766
218598,0.09614278
218600,0.36105025
218602,0.35301405
218607,0.7379533
218651,0.26905987
218652,0.14099918
218656,0.89531106
218658,0.18571432
218669,0.564902
218670,0.5089337
218671,0.16818121
218677,0.57032686
218680,0.2083219
218685,0.046694234
218686,0.72306275
218692,0.34939972
218693,0.44712272
218699,0.8323803
218709,0.33096194
218729,0.25666586
218734,0.23842622
218742,0.23340936
218743,0.11577196
218756,0.34999883
218772,0.44002035
218782,0.294014
218786,0.32376066
218788,0.43052915
218796,0.16932525
218801,0.3339498
218812,0.19420694
218832,0.5519517
218834,0.5629187
218846,0.79474366
218847,0.74229854
218848,0.13089344
218853,0.6446026
218865,0.41962612
218870,0.13101323
218873,0.07453862
218884,0.13537951
218893,0.614257
218898,0.06798754
218911,0.38124552
218933,0.54582554
218934,0.42452627
218939,0.09212754
218948,0.12741181
218957,0.6841125
218962,0.4447049
218973,0.20347881
218975,0.095809616
219000,0.080386214
219001,0.27104855
219006,0.08274143
219027,0.3725116
219036,0.38078102
219043,0.5101206
219047,0.39131582
219057,0.1800173
219059,0.794936
219062,0.13435778
219074,0.09833879
219085,0.13948153
219087,0.44377407
219095,0.32992518
219114,0.27433053
219115,0.28778422
219119,0.34345573
219140,0.40368164
219147,0.21066903
219170,0.26591432
219171,0.70566607
219174,0.44775277
219177,0.19571236
219180,0.07746061
219195,0.0825644
219203,0.07433436
219207,0.33528
219223,0.2844739
219229,0.4822987
219236,0.16121036
219238,0.674222
219243,0.51466274
219245,0.38130814
219247,0.7721612
219273,0.13548082
219278,0.6737235
219279,0.5896237
219284,0.49787804
219319,0.24993546
219326,0.40986004
219336,0.37288088
219344,0.5087213
219359,0.2773881
219360,0.1464419
219364,0.2858541
219368,0.52723396
219376,0.40152264
219382,0.09159813
219388,0.1730921
219396,0.78200877
219398,0.48131788
219403,0.29624787
219405,0.20447743
219406,0.44408464
219410,0.4251908
219424,0.5668697
219446,0.14184079
219450,0.13048165
219451,0.5573104
219464,0.18176892
219465,0.18805179
219469,0.15512046
219472,0.81057405
219482,0.36976987
219506,0.2384743
219507,0.5228984
219516,0.69412273
219521,0.673675
219564,0.89567333
219565,0.050692238
219568,0.1943236
219570,0.051590264
219578,0.1657721
219579,0.7804651
219588,0.36168975
219593,0.48949975
219594,0.3135408
219601,0.18228747
219608,0.16763572
219616,0.44970575
219620,0.3773641
219621,0.23144981
219628,0.22049999
219632,0.6566714
219637,0.4687414
219670,0.42677817
219688,0.049700405
219704,0.3754024
219717,0.5256482
219723,0.5873831
219741,0.6079984
219772,0.64701605
219774,0.2137198
219775,0.39559364
219778,0.29636
219787,0.6227464
219788,0.69749504
219806,0.42590052
219811,0.27504396
219815,0.3534395
219817,0.34354565
219835,0.19070007
219845,0.08653547
219848,0.06364288
219864,0.3754132
219866,0.27455968
219868,0.31816134
219870,0.30237326
219886,0.42700207
219908,0.15158296
219910,0.5357893
219914,0.24527697
219925,0.66894436
219935,0.7798145
219940,0.6156852
219959,0.5930215
219962,0.36979058
219975,0.14283267
219981,0.5656171
219998,0.35544625
219999,0.6326217
220006,0.3637835
220010,0.9072323
220012,0.16664942
220014,0.21756305
220018,0.23393406
220019,0.40821153
220021,0.5533861
220058,0.121668145
220060,0.7448351
220061,0.15427233
220063,0.27839798
220066,0.73069125
220070,0.19396755
220071,0.70974654
220082,0.27416167
220094,0.46614113
220107,0.38703117
220114,0.51233155
220120,0.14096314
220126,0.4305878
220143,0.1549644
220147,0.6489507
220157,0.48116624
220160,0.49017444
220169,0.32791188
220177,0.31617677
220181,0.23068975
220186,0.23109128
220189,0.29934317
220206,0.83993673
220221,0.51080525
220227,0.4377407
220228,0.7356379
220248,0.34522343
220277,0.61339194
220304,0.6814884
220311,0.2930464
220315,0.47444335
220316,0.21433309
220323,0.2029192
220325,0.2685011
220358,0.18201454
220363,0.38828167
220369,0.4414024
220370,0.16051987
220380,0.51411575
220386,0.7861368
220387,0.27010697
220393,0.09344097
220394,0.28137782
220412,0.5453544
220415,0.1710596
220416,0.7934406
220417,0.5761498
220418,0.27681646
220422,0.10044738
220431,0.42821863
220439,0.6856002
220456,0.10622562
220458,0.16526973
220468,0.14605214
220474,0.26457828
220479,0.5384026
220494,0.15278111
220501,0.63306725
220503,0.23722373
220511,0.12539442
220514,0.664913
220516,0.8695605
220521,0.5746067
220530,0.35776478
220562,0.030742968
220565,0.19410339
220582,0.19695787
220594,0.1888715
220600,0.8795621
220614,0.1545199
220621,0.70903933
220624,0.7391024
220629,0.302582
220632,0.5675079
220639,0.083557345
220655,0.14488141
220664,0.20630266
220670,0.16258436
220686,0.0841673
220699,0.5014153
220714,0.15747567
220729,0.567985
220732,0.7519801
220733,0.09417758
220735,0.17087598
220740,0.13975926
220741,0.19807716
220747,0.70598185
220748,0.17179392
220749,0.43600053
220755,0.46033797
220764,0.32300186
220767,0.68220025
220772,0.51976275
220779,0.3004279
220781,0.48749527
220790,0.10494251
220806,0.20776743
220811,0.27561527
220816,0.55763835
220822,0.1851116
220827,0.7481674
220828,0.40636778
220829,0.5531924
220832,0.22663108
220833,0.39087868
220841,0.6267345
220842,0.3746835
220856,0.40978992
220874,0.6231686
220881,0.6117964
220882,0.32451445
220887,0.17160708
220893,0.3159574
220909,0.10661236
220916,0.20252128
220917,0.6845552
220918,0.59545916
220924,0.15760589
220931,0.42726064
220932,0.476217
220949,0.18011735
220950,0.66665274
220956,0.25608897
220972,0.02910928
220994,0.30736023
221004,0.7971995
221008,0.7885374
221011,0.40920275
221030,0.121130906
221032,0.17955256
221035,0.106154114
221058,0.5188034
221059,0.24486452
221075,0.46041042
221079,0.27599636
221080,0.2666568
221107,0.2922418
221116,0.7661872
221129,0.53168845
221148,0.46702495
221158,0.16407323
221165,0.3559733
221169,0.49287558
221171,0.3513323
221198,0.7009339
221202,0.42837372
221205,0.7598392
221223,0.46095023
221227,0.32074094
221228,0.06654737
221234,0.30667785
221242,0.44167915
221252,0.7728533
221256,0.5272354
221260,0.66012025
221261,0.44292536
221264,0.08975338
221267,0.23363748
221272,0.42753378
221284,0.71497023
221292,0.6456261
221311,0.3916205
221322,0.342208
221327,0.40306538
221339,0.24770758
221371,0.25549808
221372,0.34875956
221404,0.32268316
221411,0.12834762
221438,0.36269143
221451,0.32498273
221465,0.5552876
221477,0.58659095
221483,0.22454393
221493,0.35688117
221495,0.073045075
221498,0.42160055
221500,0.67376083
221506,0.54133594
221513,0.52090317
221523,0.45478177
221528,0.31295094
221529,0.63680565
221530,0.21573304
221531,0.5006642
221549,0.2588986
221550,0.18174154
221565,0.7382867
221570,0.6000415
221573,0.0299926
221575,0.2932155
221576,0.5666186
221604,0.59623164
221615,0.36525574
221626,0.1728137
221629,0.6794871
221630,0.35960406
221636,0.26330402
221656,0.20281856
221659,0.26571953
221663,0.6202012
221665,0.35032523
221675,0.6485359
221676,0.17785268
221677,0.5520664
221679,0.18643062
221707,0.2784086
221712,0.42979205
221717,0.31982332
221725,0.45225638
221733,0.30037794
221741,0.15265991
221747,0.16444816
221762,0.39444965
221763,0.103016764
221770,0.4114033
221771,0.26510453
221787,0.0934863
221793,0.03539575
221804,0.17544432
221805,0.028742598
221825,0.42524573
221827,0.61253285
221828,0.66117585
221829,0.2492613
221845,0.77649397
221859,0.3318725
221860,0.21052162
221867,0.63609636
221868,0.49588448
221870,0.618678
221876,0.41366604
221884,0.6562785
221895,0.4159578
221911,0.37704876
221921,0.4332291
221931,0.6387021
221935,0.4179352
221955,0.3857127
221959,0.05877968
221966,0.26697123
221974,0.15924862
221981,0.40955
222002,0.9059393
222010,0.048758514
222012,0.5185965
222013,0.607267
222023,0.57785153
222034,0.2656275
222048,0.46833152
222052,0.7626728
222059,0.46171987
222060,0.3229936
222061,0.25204584
222067,0.0891501
222076,0.7633029
222081,0.7012364
222120,0.25047216
222121,0.58053404
222133,0.5923638
222149,0.6704242
222150,0.14506724
222153,0.25614583
222154,0.25317276
222159,0.3319482
222165,0.42931435
222167,0.16985947
222170,0.57494044
222178,0.6281283
222179,0.32674134
222188,0.35574752
222189,0.18908335
222195,0.52730155
222198,0.36226317
222224,0.22057234
222234,0.13600312
222254,0.43072072
222256,0.5849276
222264,0.36937484
222281,0.14335646
222296,0.90578365
222303,0.6230688
222309,0.2327313
222310,0.24361518
222313,0.67811656
222321,0.6012027
222322,0.21911474
222328,0.604119
222333,0.33394077
222334,0.5991546
222338,0.08252818
222347,0.5515755
222349,0.29650798
222351,0.15193291
222352,0.48351544
222357,0.19565214
222362,0.018960344
222381,0.68224967
222392,0.28094834
222401,0.4956919
222413,0.53653276
222422,0.29657024
222423,0.3520013
222430,0.39343852
222432,0.20940095
222452,0.31042624
222459,0.31753924
222473,0.27386907
222475,0.36446992
222481,0.6418477
222482,0.5591866
222489,0.13356945
222496,0.22383264
222505,0.48596776
222516,0.22717392
222537,0.42351827
222555,0.30395213
222566,0.646852
222572,0.2856955
222577,0.38874745
222618,0.31215122
222619,0.096618816
222624,0.09037814
222625,0.33341324
222626,0.16864902
222629,0.2270075
222634,0.16110526
222636,0.69202775
222637,0.13172375
222641,0.12790138
222646,0.36591586
222648,0.72731495
222659,0.0519129
222663,0.10793659
222665,0.111702114
222671,0.39620215
222674,0.2131759
222675,0.20284027
222707,0.4846262
222709,0.1817302
222711,0.5344658
222717,0.48078236
222728,0.7313127
222752,0.7041265
222753,0.15191792
222755,0.17620768
222765,0.13918555
222768,0.75626624
222769,0.7373287
222783,0.7358539
222799,0.35919222
222821,0.0929559
222825,0.6028769
222837,0.76397246
222862,0.66075134
222863,0.5306113
222869,0.49197322
222876,0.22958615
222892,0.49285656
222898,0.30956897
222912,0.07801366
222920,0.2587202
222926,0.39026874
222934,0.42375284
222938,0.29842556
222945,0.59356415
222947,0.15040813
222966,0.77936095
222971,0.5444883
222994,0.16088581
223008,0.6652128
223019,0.06837856
223040,0.48250777
223042,0.7605049
223049,0.17684262
223051,0.111490145
223056,0.19269179
223058,0.40565783
223064,0.26240972
223067,0.109967045
223073,0.84361523
223075,0.21376815
223078,0.45287964
223079,0.42042112
223082,0.7046611
223098,0.7696903
223112,0.20112376
223116,0.5895053
223121,0.47791734
223128,0.5616748
223135,0.35955814
223136,0.3589288
223144,0.11851324
223151,0.23800722
223157,0.41602764
223181,0.52244675
223190,0.34214118
223197,0.470873
223205,0.36021534
223209,0.17247465
223221,0.85496336
223235,0.6216504
223238,0.2751556
223244,0.2815622
223258,0.17956507
223262,0.46796584
223272,0.45697644
223288,0.50549126
223298,0.33637297
223310,0.47620893
223320,0.21997039
223357,0.68863314
223365,0.15549286
223369,0.32743075
223375,0.6692858
223384,0.101053335
223393,0.11353614
223412,0.2532685
223428,0.38411984
223440,0.8266463
223456,0.89351547
223470,0.30342638
223471,0.32774404
223484,0.19146882
223488,0.7090167
223489,0.28759062
223490,0.25306955
223492,0.1623712
223496,0.580152
223503,0.100575626
223507,0.40423808
223518,0.42085904
223519,0.3427779
223521,0.13890202
223524,0.10076839
223526,0.18762101
223527,0.7457691
223529,0.15050806
223534,0.1624303
223538,0.6026444
223547,0.13319694
223549,0.21341531
223551,0.5926449
223552,0.5185236
223567,0.25752613
223571,0.66143006
223582,0.1112715
223584,0.1996429
223585,0.7346698
223586,0.22306658
223588,0.04980995
223592,0.16797206
223594,0.3888239
223607,0.58893114
223608,0.0836855
223609,0.79634655
223610,0.15643673
223611,0.26652232
223635,0.2924191
223636,0.2126646
223638,0.25903523
223649,0.09829929
223670,0.63194644
223688,0.2829981
223698,0.22174692
223699,0.5808127
223716,0.5758933
223718,0.49209064
223720,0.14552106
223727,0.20928171
223729,0.054478917
223739,0.41295144
223740,0.29026097
223741,0.3120499
223750,0.21810873
223752,0.38816282
223764,0.4179525
223781,0.07622792
223783,0.64822227
223794,0.17243896
223808,0.2136671
223810,0.67328846
223814,0.39504853
223817,0.5717759
223830,0.6731003
223839,0.31358427
223849,0.55871284
223851,0.6854296
223854,0.59488714
223888,0.7732927
223914,0.49587822
223923,0.40302697
223925,0.039001975
223939,0.13887966
223949,0.32531872
223951,0.80931413
223952,0.5610543
223967,0.34818888
223971,0.8099847
223974,0.31386882
223978,0.5819249
223991,0.5700261
224008,0.21371405
224016,0.041346684
224024,0.3457154
224039,0.2271725
224040,0.46821907
224044,0.6066065
224047,0.42564163
224055,0.131938
224061,0.4385318
224065,0.1328206
224079,0.42003882
224080,0.17619812
224089,0.29710472
224094,0.6252355
224095,0.5824445
224109,0.5759617
224111,0.28689948
224112,0.39137492
224134,0.6997384
224135,0.2050178
224138,0.58942664
224139,0.20570664
224158,0.27476576
224161,0.6669367
224171,0.5828229
224182,0.6076413
224191,0.41410312
224194,0.22675832
224195,0.50222975
224205,0.34910008
224206,0.43967542
224211,0.07339381
224213,0.1279407
224214,0.67363554
224236,0.36048555
224239,0.6976456
224241,0.61378443
224251,0.34948793
224259,0.52215254
224262,0.44749552
224263,0.21103331
224268,0.34073052
224270,0.32928568
224282,0.39553055
224300,0.10305586
224315,0.34164822
224319,0.11535902
224325,0.20912339
224337,0.3123497
224339,0.48264602
224343,0.09534581
224344,0.63840324
224347,0.57561886
224353,0.6039239
224363,0.25793785
224370,0.31786877
224379,0.21742068
224380,0.55400366
224393,0.2752368
224395,0.32034612
224407,0.3453299
224408,0.13405791
224426,0.4028538
224427,0.2592397
224428,0.075839676
224437,0.8165362
224444,0.038261734
224445,0.7249465
224459,0.11576117
224473,0.8102622
224488,0.58422625
224490,0.75834686
224493,0.7147007
224494,0.51659435
224495,0.5743189
224499,0.19791171
224524,0.3394219
224528,0.13921508
224538,0.83551264
224553,0.5312654
224554,0.15686478
224575,0.1095729
224586,0.15960893
224593,0.3580924
224599,0.45014873
224614,0.19386649
224625,0.18158884
224626,0.21483946
224627,0.47840145
224628,0.5404767
224631,0.04579913
224651,0.6423298
224658,0.5182486
224664,0.054784987
224668,0.20193277
224673,0.41146323
224674,0.2578808
224683,0.3080421
224708,0.4523787
224748,0.2833809
224756,0.28179651
224757,0.46767303
224760,0.11557784
224771,0.5836843
224772,0.17474668
224797,0.32842976
224823,0.69340664
224831,0.49371216
224841,0.19958295
224843,0.61597025
224844,0.6975625
224849,0.18901454
224855,0.4968303
224856,0.17274243
224864,0.26147765
224871,0.26995742
224876,0.34473982
224889,0.5530764
224896,0.45616794
224899,0.3308795
224912,0.26076403
224916,0.56541926
224918,0.43323034
224925,0.45705837
224929,0.2322347
224934,0.30545196
224950,0.7184966
224953,0.3463733
224956,0.5155303
224958,0.35151243
224960,0.46099028
224971,0.68160754
224975,0.47302622
224978,0.44768333
224986,0.35076317
224987,0.54268736
224990,0.18807483
225010,0.16325632
225041,0.20633031
225044,0.07437243
225045,0.2653023
225048,0.4724396
225053,0.6798674
225058,0.26811287
225075,0.22563094
225085,0.15729225
225103,0.19836715
225107,0.26609778
225114,0.3393781
225122,0.5537899
225130,0.17682742
225131,0.71216744
225132,0.26002225
225134,0.148226
225136,0.14801298
225141,0.31784227
225145,0.20295611
225146,0.10454607
225156,0.29302123
225158,0.53839225
225165,0.4505736
225185,0.56819993
225194,0.49716356
225195,0.12953238
225223,0.6389569
225224,0.55560327
225231,0.44036695
225233,0.47511572
225246,0.66469765
225281,0.31223106
225286,0.4100101
225301,0.67944527
225302,0.17188059
225336,0.3952589
225347,0.53866893
225351,0.3370144
225362,0.34684464
225363,0.17090453
225364,0.21206877
225370,0.23359554
225374,0.19465639
225375,0.29072827
225380,0.2645643
225381,0.113921255
225382,0.2763969
225392,0.15996534
225410,0.43145177
225425,0.61280084
225431,0.21770912
225456,0.07704686
225460,0.4884822
225475,0.19108039
225478,0.211958
225483,0.5404318
225499,0.7458156
225514,0.8926415
225517,0.3047111
225524,0.7316601
225532,0.17725545
225545,0.45574033
225546,0.30934963
225550,0.32660344
225580,0.5880048
225581,0.72702366
225582,0.34695554
225585,0.57826626
225601,0.5691374
225612,0.5733431
225621,0.57028115
225636,0.4838002
225639,0.21342322
225650,0.12415775
225654,0.2949547
225664,0.429059
225665,0.8101241
225666,0.06671803
225686,0.29246676
225689,0.20775935
225691,0.2493986
225721,0.07702429
225733,0.39253816
225739,0.34584355
225741,0.7766362
225766,0.12586595
225776,0.6038806
225788,0.16899471
225792,0.14054534
225803,0.4741246
225804,0.41356343
225805,0.83642596
225808,0.17424913
225819,0.26129997
225826,0.15279919
225832,0.49571547
225850,0.25156638
225851,0.29319617
225854,0.3637282
225858,0.26587483
225875,0.2481944
225884,0.3109282
225890,0.11241365
225906,0.29095164
225908,0.38128075
225910,0.42399934
225920,0.7241841
225950,0.6447627
225990,0.31136826
225991,0.21351735
226010,0.3089717
226011,0.08372424
226018,0.32500774
226029,0.52549773
226030,0.22238047
226041,0.29193896
226044,0.15405634
226051,0.44562063
226054,0.16470498
226085,0.6086011
226105,0.3032498
226116,0.85070026
226130,0.6605536
226131,0.5143874
226170,0.31089586
226171,0.39588445
226176,0.6181588
226177,0.4934865
226183,0.10254061
226187,0.5239012
226188,0.82151717
226190,0.6031401
226206,0.18585782
226213,0.60597134
226214,0.69873863
226226,0.121822335
226244,0.38470268
226245,0.120876156
226251,0.69885194
226258,0.18298528
226259,0.36371732
226265,0.45469677
226291,0.7257912
226294,0.24609706
226299,0.28895476
226300,0.41795942
226301,0.752015
226302,0.49178854
226308,0.2663054
226309,0.16899619
226318,0.08578305
226319,0.48544556
226320,0.4247088
226325,0.44102556
226334,0.20124623
226337,0.6561645
226348,0.61282575
226353,0.08226111
226361,0.07314306
226387,0.66091084
226395,0.37752232
226413,0.16390483
226416,0.16974412
226427,0.20199288
226433,0.51935214
226447,0.73476577
226487,0.42360076
226495,0.49094206
226496,0.22560968
226499,0.07804855
226501,0.4679859
226505,0.2914851
226506,0.37301078
226507,0.4290611
226516,0.14943874
226523,0.4979335
226527,0.52082986
226533,0.23793864
226537,0.46971902
226539,0.13223033
226551,0.61762106
226556,0.11249389
226557,0.13139565
226561,0.6720498
226565,0.33041713
226567,0.21994394
226590,0.40046707
226599,0.69384974
226639,0.5475177
226654,0.70517766
226664,0.35074797
226668,0.7207111
226677,0.48890486
226682,0.421608
226689,0.20955786
226691,0.182265
226698,0.38171956
226713,0.23311692
226720,0.38140386
226734,0.31716678
226735,0.43905383
226738,0.57021266
226742,0.09798014
226763,0.034899496
226766,0.50371075
226772,0.17148553
226779,0.47203556
226780,0.6031295
226787,0.8489205
226790,0.8645619
226792,0.4417246
226797,0.1938832
226803,0.2757212
226807,0.5094815
226827,0.14307484
226828,0.34641093
226836,0.32927674
226837,0.048267055
226838,0.7370473
226847,0.27186853
226881,0.8051893
226882,0.34538424
226884,0.33876863
226917,0.30729678
226921,0.5305175
226933,0.26165015
226938,0.7484944
226948,0.34118828
226952,0.35789165
226954,0.48097098
226965,0.1095975
226970,0.14260618
226977,0.8506598
226986,0.234934
227005,0.32510513
227009,0.38326827
227010,0.4005483
227013,0.46174997
227019,0.2295025
227025,0.4750298
227026,0.3011054
227027,0.39172426
227029,0.1483579
227049,0.50239134
227053,0.23730591
227054,0.5439905
227058,0.2972991
227074,0.23452735
227099,0.17140126
227100,0.16669334
227109,0.13182177
227111,0.37896052
227112,0.23893502
227125,0.63379955
227145,0.3524582
227148,0.5593686
227151,0.41656333
227160,0.63418114
227165,0.5702783
227200,0.6973334
227210,0.37066874
227213,0.4798003
227235,0.41008496
227242,0.4891
227245,0.5690729
227246,0.1842925
227248,0.25780237
227251,0.5230786
227252,0.14220987
227258,0.24618849
227264,0.31050906
227270,0.48383382
227272,0.123936966
227274,0.09234491
227281,0.21241035
227290,0.29983962
227293,0.48878247
227299,0.4411713
227306,0.27270174
227323,0.2166585
227325,0.16663232
227326,0.3586982
227332,0.58952844
227336,0.19306234
227343,0.22632797
227344,0.098272406
227345,0.38980976
227348,0.6779406
227360,0.22149095
227376,0.23871116
227386,0.49884468
227392,0.530682
227393,0.15753047
227401,0.107453614
227404,0.67484313
227413,0.37148026
227420,0.5756372
227459,0.1943171
227460,0.049597934
227462,0.31272116
227463,0.6237554
227481,0.46451625
227482,0.19756055
227485,0.77881265
227486,0.37893793
227493,0.27141905
227500,0.3414402
227501,0.31779823
227502,0.32999867
227506,0.5009428
227523,0.6381135
227525,0.23483382
227531,0.25063458
227532,0.81317866
227535,0.28128505
227542,0.4414424
227545,0.43068692
227566,0.26340014
227578,0.22340734
227585,0.5367527
227586,0.1034526
227587,0.32074562
227590,0.33396012
227595,0.73592687
227596,0.15911525
227597,0.68530995
227600,0.612566
227621,0.5638586
227637,0.3545897
227640,0.76840186
227649,0.7954329
227653,0.13076347
227674,0.49585646
227675,0.5208066
227680,0.4028869
227696,0.24213992
227701,0.86042386
227707,0.29323494
227713,0.4494001
227715,0.2930984
227728,0.32325637
227730,0.19824587
227731,0.10008994
227732,0.15974827
227736,0.4698337
227739,0.5979569
227740,0.8524329
227741,0.73782504
227742,0.8694585
227745,0.28317744
227749,0.7958295
227752,0.07241946
227756,0.7453061
227769,0.64117336
227779,0.35381964
227783,0.7684021
227799,0.35390288
227803,0.14829805
227818,0.3487319
227822,0.5642951
227823,0.12498787
227824,0.2605771
227825,0.26275712
227826,0.6094468
227833,0.3473845
227834,0.58251923
227837,0.4162524
227839,0.057244107
227856,0.28718045
227872,0.17569403
227876,0.39487413
227905,0.68672115
227908,0.6457315
227909,0.75224745
227912,0.38359854
227917,0.39460382
227931,0.45245257
227936,0.5736102
227939,0.18463574
227941,0.1144894
227942,0.31840527
227944,0.38961193
227945,0.51123625
227952,0.49870327
227954,0.4595754
227968,0.04248181
227975,0.18699479
227989,0.52060485
227992,0.1845363
227993,0.16851059
227996,0.32295233
227997,0.31904346
227998,0.12230254
228040,0.34929964
228044,0.285276
228045,0.1906205
228046,0.10635838
228051,0.5167305
228052,0.43204507
228053,0.24634434
228059,0.42052191
228062,0.38774496
228070,0.20212142
228074,0.41621035
228077,0.35441878
228078,0.5796751
228097,0.47955927
228099,0.6756688
228100,0.21552579
228102,0.80837226
228103,0.56098986
228104,0.72130954
228107,0.44026378
228117,0.24892065
228123,0.25983703
228125,0.146352
228130,0.112671986
228134,0.25822577
228141,0.47741073
228153,0.619553
228163,0.3455015
228164,0.18591058
228166,0.6798253
228168,0.6525404
228169,0.4078583
228183,0.7215796
228198,0.20537294
228199,0.40928608
228201,0.22317529
228207,0.45065203
228209,0.37456408
228219,0.30977407
228239,0.09565631
228248,0.39207515
228260,0.6720689
228268,0.83435917
228280,0.41098386
228282,0.43121773
228288,0.14024107
228289,0.41113067
228295,0.15595469
228296,0.45668057
228297,0.7242168
228298,0.09102434
228299,0.35829553
228301,0.041347045
228322,0.52528507
228324,0.62278783
228332,0.07702366
228334,0.2668545
228342,0.74337095
228351,0.25694838
228354,0.36535865
228355,0.08057395
228362,0.05561206
228375,0.28175578
228383,0.44113782
228389,0.3689118
228392,0.68552494
228411,0.28901547
228414,0.1984667
228420,0.29661107
228424,0.33273533
228426,0.70267403
228429,0.093893364
228447,0.8521987
228455,0.2500802
228458,0.6355733
228467,0.68775326
228472,0.1580613
228479,0.12979645
228482,0.60878783
228488,0.36463135
228489,0.81179583
228499,0.2567662
228501,0.06110668
228502,0.33684108
228503,0.76701236
228509,0.11608595
228512,0.60066134
228514,0.2580459
228519,0.76193225
228530,0.14737831
228534,0.6777766
228536,0.05000569
228537,0.114370115
228538,0.4628501
228539,0.2819368
228557,0.55618536
228591,0.4650438
228592,0.2669255
228608,0.43709666
228609,0.2590357
228636,0.37741816
228647,0.50837576
228656,0.6598359
228657,0.26958165
228661,0.58937705
228663,0.4208352
228671,0.14714715
228682,0.61969376
228697,0.5817753
228698,0.35445833
228712,0.26122466
228713,0.2835287
228729,0.24130873
228730,0.52943355
228737,0.46885136
228744,0.21301897
228752,0.37215024
228761,0.7992408
228763,0.58228755
228764,0.09830898
228770,0.24443994
228774,0.12426564
228781,0.24581125
228792,0.24366285
228794,0.78488487
228796,0.11356406
228799,0.50746465
228808,0.5772158
228809,0.39769265
228810,0.4331142
228813,0.22245167
228821,0.88656217
228826,0.35632193
228830,0.26838693
228831,0.24034938
228835,0.55688596
228854,0.23610745
228855,0.16415562
228863,0.4850339
228869,0.52648675
228872,0.50597733
228885,0.60223585
228888,0.3005155
228889,0.6472765
228890,0.50084513
228891,0.1566359
228894,0.69341356
228902,0.2876291
228907,0.37063375
228915,0.26924115
228918,0.53347695
228919,0.23372315
228933,0.22441342
228946,0.133786
228947,0.4487674
228954,0.2296378
228956,0.6754899
228958,0.1769965
228969,0.692881
228973,0.29248756
228978,0.10603962
228979,0.78871256
228988,0.48974884
228995,0.58159286
229019,0.5538068
229037,0.21165228
229041,0.3169805
229042,0.2831893
229046,0.22865885
229048,0.1846121
229053,0.21533103
229064,0.8561532
229073,0.4311134
229074,0.22624722
229077,0.5488616
229095,0.80975467
229100,0.69274014
229103,0.3240591
229104,0.4682867
229105,0.13362965
229107,0.13002129
229115,0.33421263
229117,0.64875484
229118,0.17573568
229124,0.83613306
229125,0.06956808
229130,0.6639561
229157,0.25024417
229162,0.06861161
229185,0.71695036
229195,0.095771514
229201,0.529072
229202,0.2097451
229219,0.24045981
229220,0.18766661
229223,0.7697997
229224,0.51321805
229229,0.5549696
229233,0.17727718
229255,0.18582724
229261,0.4983054
229262,0.3907718
229271,0.5276658
229276,0.5175366
229277,0.24354827
229278,0.52546686
229280,0.31985354
229298,0.047320206
229301,0.44753295
229316,0.4491422
229325,0.39433762
229329,0.3255225
229334,0.26866555
229336,0.56074834
229337,0.63056344
229342,0.13910635
229349,0.35146666
229357,0.20248288
229369,0.7589306
229374,0.3584282
229402,0.4075705
229427,0.10670825
229452,0.59427387
229455,0.45546696
229459,0.7648105
229462,0.2467924
229482,0.2587689
229488,0.16963881
229496,0.39797977
229507,0.55608505
229508,0.14145392
229531,0.24082196
229576,0.2379268
229595,0.62299746
229602,0.45188934
229609,0.44226933
229610,0.86763865
229614,0.5302909
229615,0.7243106
229631,0.46082816
229632,0.37501404
229638,0.31037417
229647,0.21065244
229651,0.11864822
229659,0.64079475
229663,0.7024793
229671,0.5116375
229672,0.3554455
229675,0.43064266
229684,0.251663
229687,0.61064196
229705,0.22318518
229711,0.12492485
229713,0.67370284
229714,0.38044256
229731,0.5732029
229738,0.60204995
229742,0.46746767
229745,0.26137078
229746,0.31664422
229749,0.6006764
229765,0.3929072
229767,0.17921878
229779,0.7172135
229782,0.3791715
229802,0.7188002
229805,0.26885575
229810,0.8850502
229816,0.20221101
229828,0.33079454
229838,0.42005494
229850,0.74462324
229858,0.28026262
229860,0.3251553
229877,0.08189668
229888,0.12606172
229894,0.08854385
229898,0.6443031
229905,0.24727367
229912,0.7982238
229913,0.30156672
229921,0.79355186
229923,0.30464303
229930,0.13866055
229962,0.23599035
229963,0.6885165
229977,0.3007362
229984,0.10271429
229998,0.29852015
230012,0.24329558
230016,0.68476075
230020,0.51422596
230024,0.8006021
230037,0.23393929
230038,0.5045437
230040,0.3681618
230042,0.102629445
230044,0.56962186
230050,0.39314595
230056,0.10522731
230067,0.33133346
230076,0.22584082
230077,0.5290764
230084,0.62728214
230098,0.2562348
230107,0.52550685
230116,0.41595048
230119,0.34760448
230121,0.31078008
230122,0.49471667
230135,0.8040682
230139,0.16753605
230179,0.24173765
230180,0.59680516
230185,0.16907448
230192,0.65164953
230203,0.8052612
230216,0.39008173
230226,0.500658
230260,0.74222726
230268,0.47359917
230289,0.6663302
230296,0.107705
230317,0.08247337
230328,0.7209563
230329,0.853747
230330,0.33188772
230332,0.19002807
230338,0.26224336
230343,0.2032336
230344,0.45383853
230349,0.15186481
230369,0.084733665
230379,0.5916021
230391,0.31226063
230393,0.8866263
230394,0.32139626
230402,0.38675922
230404,0.86825216
230416,0.34191275
230417,0.67861044
230423,0.70224094
230427,0.36537597
230448,0.6797595
230449,0.24318029
230451,0.13558342
230453,0.1297408
230454,0.10276914
230457,0.52989024
230458,0.6220618
230459,0.7432981
230461,0.23653287
230464,0.39823896
230494,0.19197586
230517,0.124485
230520,0.46437225
230521,0.6027282
230534,0.3387495
230553,0.38040426
230581,0.62877244
230585,0.4245804
230590,0.22597237
230592,0.19727501
230605,0.13920553
230610,0.107600555
230623,0.2804744
230628,0.393081
230629,0.49486414
230640,0.41904137
230641,0.26986194
230642,0.10215014
230655,0.330053
230656,0.10018268
230662,0.21691477
230675,0.34796008
230677,0.39581436
230688,0.045116484
230709,0.67155474
230716,0.08556875
230742,0.22227484
230748,0.6309079
230763,0.53657377
230779,0.5256449
230780,0.49837595
230781,0.81120145
230783,0.20941919
230788,0.4580961
230789,0.18212709
230792,0.15185818
230817,0.42427984
230820,0.2067376
230827,0.47013292
230828,0.2541477
230860,0.24125671
230864,0.6556127
230875,0.32622066
230878,0.11705164
230880,0.6186973
230929,0.3126922
230931,0.7328461
230934,0.65647984
230939,0.20962767
230940,0.38064227
230941,0.42110395
230942,0.8264953
230982,0.3412011
231028,0.29342353
231031,0.5861906
231039,0.656043
231048,0.44190904
231065,0.5780665
231076,0.10819707
231079,0.41698363
231082,0.3872122
231086,0.178645
231107,0.30792886
231118,0.5789511
231127,0.16281344
231134,0.18824053
231136,0.2639049
231137,0.44524243
231156,0.6587936
231160,0.7428869
231175,0.4250673
231177,0.4417247
231189,0.24118313
231191,0.6684438
231194,0.50924796
231198,0.5260869
231203,0.5909524
231211,0.41291794
231226,0.49658042
231245,0.25646818
231257,0.4388065
231268,0.3808178
231279,0.61355525
231290,0.5050858
231298,0.2757347
231299,0.26500478
231301,0.27597952
231306,0.06340836
231312,0.21556237
231314,0.61872876
231326,0.8538453
231343,0.534697
231353,0.5600416
231359,0.41225785
231364,0.1962219
231387,0.5579252
231392,0.17114203
231409,0.28170267
231423,0.38521463
231427,0.15302682
231429,0.761719
231433,0.2526871
231437,0.13035351
231448,0.1032147
231454,0.7530761
231460,0.30027136
231480,0.1266967
231496,0.072538674
231504,0.66278714
231513,0.15869027
231516,0.15762204
231523,0.16929872
231529,0.14474677
231532,0.25231457
231533,0.5854984
231542,0.3541686
231546,0.3827172
231554,0.13199417
231556,0.76756644
231561,0.46202686
231562,0.49384004
231563,0.10608642
231568,0.4193385
231589,0.13078523
231598,0.643423
231616,0.57012033
231628,0.16496883
231637,0.36649683
231641,0.5651082
231656,0.7827643
231679,0.6199744
231682,0.5405826
231689,0.41387603
231690,0.31024066
231713,0.62515175
231716,0.33278885
231726,0.23486654
231734,0.7825519
231736,0.35628307
231742,0.18214543
231754,0.6196586
231757,0.1740914
231758,0.10021385
231761,0.35451034
231771,0.43841338
231773,0.20635806
231782,0.58425367
231785,0.63287014
231786,0.3523203
231789,0.09977742
231790,0.16961075
231791,0.25235674
231804,0.6271305
231835,0.19570532
231837,0.06107509
231840,0.71573126
231845,0.6909471
231863,0.69278395
231867,0.67032844
231874,0.83202827
231877,0.38765314
231887,0.27331182
231892,0.11318155
231899,0.2637323
231912,0.8864386
231914,0.2561964
231924,0.5180809
231927,0.4192435
231935,0.20795058
231938,0.5247636
231940,0.7546154
231947,0.39216673
231954,0.1663845
231955,0.58896685
231956,0.12481365
231969,0.22909833
231982,0.13511537
231983,0.1922205
231984,0.13094203
231987,0.26585943
232006,0.14090165
232012,0.050943203
232022,0.13013767
232023,0.4897262
232028,0.22884397
232034,0.4183713
232047,0.48428306
232050,0.17741188
232054,0.39108613
232063,0.40038902
232066,0.19658081
232081,0.59303635
232083,0.42874822
232094,0.5605482
232103,0.16887061
232108,0.15468755
232110,0.36343777
232122,0.33079913
232123,0.13237706
232132,0.04400867
232148,0.7193069
232149,0.20547308
232152,0.70981985
232157,0.48075083
232164,0.5562969
232170,0.32547948
232172,0.43345574
232174,0.51968426
232177,0.5235112
232227,0.37252986
232228,0.2638847
232237,0.116249025
232256,0.46860078
232275,0.30266732
232278,0.23867318
232279,0.16099201
232282,0.2991791
232285,0.48454636
232288,0.13508284
232301,0.2917334
232303,0.19557568
232309,0.5227715
232325,0.3459503
232329,0.25776827
232331,0.15211926
232335,0.36648008
232370,0.5839227
232371,0.22261886
232372,0.15539463
232390,0.90880764
232391,0.09764181
232392,0.5099562
232410,0.12669976
232423,0.09838002
232426,0.4262004
232428,0.8429024
232450,0.29415056
232466,0.68897873
232478,0.6109197
232493,0.55310905
232506,0.6700273
232516,0.6229876
232518,0.6029356
232530,0.35106543
232534,0.2457529
232535,0.43958655
232541,0.21587174
232547,0.2303782
232552,0.18903986
232558,0.34786272
232559,0.12434852
232560,0.09379768
232566,0.30674052
232570,0.069609344
232575,0.47040114
232578,0.20694426
232590,0.18607661
232615,0.32550505
232640,0.8153276
232643,0.14563033
232664,0.7880099
232676,0.29153463
232699,0.50028074
232702,0.23390664
232720,0.08375158
232733,0.18587033
232736,0.27289128
232738,0.21939722
232752,0.075853735
232758,0.16544421
232779,0.43886897
232784,0.5994587
232790,0.17318027
232799,0.41815665
232823,0.05495761
232824,0.28512922
232842,0.072019815
232849,0.32531306
232853,0.6213803
232859,0.50734824
232862,0.5666184
232864,0.11076675
232866,0.29470816
232869,0.31917995
232871,0.17294393
232876,0.3065057
232881,0.39454457
232898,0.43946904
232899,0.3888371
232914,0.54693735
232917,0.50602895
232923,0.38984898
232925,0.054837108
232942,0.6583829
232943,0.40049163
232965,0.082060605
232968,0.68915915
232972,0.1390075
232980,0.6878973
232999,0.03044487
233013,0.50446737
233021,0.80932856
233022,0.23243698
233054,0.5021417
233059,0.5919152
233065,0.18167132
233071,0.49610597
233074,0.09358622
233093,0.032157052
233095,0.69038075
233102,0.17612769
233104,0.6704623
233107,0.3186662
233108,0.4993319
233109,0.80229855
233112,0.5998774
233113,0.13557051
233122,0.4497729
233125,0.5440307
233126,0.39268124
233170,0.2948617
233171,0.53053474
233172,0.64643055
233175,0.38137737
233179,0.30572954
233189,0.5181572
233223,0.6293085
233224,0.27581486
233228,0.27226633
233247,0.36317685
233249,0.18771282
233263,0.18681543
233271,0.38988796
233273,0.56685007
233301,0.0993404
233305,0.37588602
233310,0.35236377
233311,0.43480542
233312,0.41880587
233324,0.13084166
233326,0.58986753
233327,0.49497128
233335,0.6618694
233349,0.30978414
233352,0.7379913
233362,0.5045588
233373,0.40730253
233390,0.74290687
233393,0.7036401
233400,0.54672134
233401,0.5353624
233404,0.5405805
233405,0.512065
233406,0.60220975
233411,0.37663063
233421,0.20047553
233423,0.26556745
233424,0.22107314
233427,0.35704222
233429,0.56552494
233431,0.1892035
233432,0.13250118
233438,0.20683081
233448,0.4461609
233450,0.12948695
233451,0.1337366
233453,0.59549475
233480,0.32482815
233482,0.41924343
233483,0.10915432
233489,0.73763
233490,0.6835116
233496,0.7159658
233497,0.38202816
233508,0.6409091
233509,0.81670076
233512,0.12934248
233517,0.60102123
233526,0.5892597
233528,0.38879988
233544,0.27785856
233554,0.8052549
233566,0.66281646
233572,0.09238964
233575,0.2287726
233578,0.050896633
233582,0.8443627
233583,0.4792763
233589,0.46224114
233594,0.55952895
233603,0.4395361
233627,0.15722398
233632,0.38037452
233639,0.12063885
233651,0.41532353
233652,0.62402713
233658,0.13396464
233675,0.28988746
233677,0.44831795
233682,0.14774238
233688,0.48715395
233689,0.5298058
233692,0.30511084
233697,0.7829897
233704,0.4552263
233709,0.43669978
233711,0.6402203
233721,0.25053003
233729,0.13888131
233734,0.0939607
233744,0.23662105
233764,0.60119283
233775,0.58732647
233783,0.82148695
233792,0.22069444
233796,0.2086865
233797,0.3647148
233798,0.38814893
233810,0.18710059
233818,0.4243396
233819,0.3008601
233830,0.31531033
233831,0.35445607
233838,0.24997222
233852,0.24778773
233854,0.4095217
233856,0.19396223
233858,0.40688363
233883,0.12354732
233888,0.12851046
233889,0.18040796
233892,0.11660663
233893,0.08888974
233894,0.3221491
233895,0.7692178
233901,0.104499295
233927,0.73191893
233928,0.19503365
233929,0.6379808
233960,0.4858582
233965,0.44551376
233970,0.21735352
233975,0.5681057
233981,0.74777496
233991,0.73315763
234012,0.46832618
234016,0.13733324
234024,0.2896902
234025,0.08100228
234027,0.38692573
234034,0.53927
234035,0.13602224
234048,0.286749
234069,0.2044825
234077,0.25323042
234086,0.2512988
234103,0.319771
234110,0.47416756
234115,0.5017601
234126,0.3821074
234135,0.80135626
234136,0.32830977
234147,0.33524102
234151,0.17741886
234159,0.16001284
234163,0.3712745
234174,0.083784886
234186,0.15166095
234187,0.6769487
234192,0.35634556
234198,0.17026612
234205,0.33685812
234215,0.4074358
234220,0.388561
234225,0.31633314
234227,0.18499419
234228,0.15817596
234231,0.59473646
234232,0.75684804
234236,0.23890975
234239,0.088640355
234240,0.5983171
234242,0.25457966
234262,0.34079894
234267,0.71284676
234283,0.39870602
234284,0.4270946
234286,0.24144098
234291,0.642933
234302,0.49555334
234303,0.5388843
234308,0.21447983
234320,0.33009842
234326,0.3214239
234336,0.3176454
234340,0.6981004
234362,0.03688863
234365,0.2738892
234371,0.14940286
234373,0.48261848
234395,0.07188711
234400,0.39732778
234404,0.57919586
234412,0.27527553
234431,0.4996131
234433,0.7042034
234440,0.3906465
234453,0.34701777
234454,0.36634862
234460,0.20026965
234470,0.64009845
234473,0.31122255
234502,0.6913127
234503,0.6223569
234507,0.62142515
234529,0.5214746
234531,0.12730451
234543,0.07895227
234550,0.7788204
234556,0.19215405
234560,0.36526665
234567,0.028700903
234580,0.65541005
234582,0.6865448
234594,0.21182975
234599,0.6188638
234604,0.11307355
234605,0.44771942
234611,0.23832093
234617,0.32042405
234648,0.27452135
234660,0.05520043
234661,0.5516181
234663,0.44447976
234664,0.06034696
234670,0.10821564
234671,0.7424171
234673,0.309238
234687,0.647047
234688,0.36159343
234690,0.47870347
234694,0.17031375
234695,0.011054329
234704,0.70485854
234705,0.07243602
234710,0.41254613
234718,0.320407
234719,0.41110253
234732,0.4889964
234739,0.36677048
234755,0.7048443
234760,0.071051836
234778,0.20188116
234781,0.5712712
234786,0.6451785
234788,0.5492914
234789,0.14831896
234802,0.48480675
234809,0.92464083
234814,0.63296336
234823,0.3984915
234825,0.17713945
234829,0.1394223
234838,0.6537521
234847,0.4043435
234876,0.15481682
234908,0.78469354
234914,0.3920544
234917,0.29591405
234935,0.43314743
234936,0.20719449
234941,0.24833807
234942,0.5268156
234943,0.47766948
234946,0.12352104
234947,0.35221687
234960,0.26794347
234967,0.40834168
234980,0.537559
234990,0.9208301
234996,0.1746081
234999,0.27577296
235002,0.29590756
235021,0.39781293
235025,0.6048806
235034,0.19759844
235037,0.32697576
235046,0.30898443
235051,0.4574945
235052,0.18669055
235054,0.16430363
235061,0.46823394
235066,0.226805
235076,0.10542673
235087,0.10230716
235089,0.58156526
235091,0.55028135
235107,0.23214155
235118,0.19117944
235123,0.40027824
235134,0.25308776
235137,0.5834583
235146,0.17387626
235147,0.22278094
235153,0.17036499
235166,0.76513386
235168,0.4399947
235183,0.18264471
235187,0.0795526
235189,0.11906385
235202,0.4158582
235214,0.28725395
235215,0.08370427
235216,0.7977982
235219,0.5402448
235223,0.23533058
235231,0.5847831
235240,0.4690758
235252,0.2018653
235253,0.093064345
235254,0.34584045
235259,0.35788473
235270,0.4085877
235275,0.25467625
235283,0.6876912
235291,0.051693372
235306,0.12933943
235327,0.28764355
235337,0.64691645
235342,0.21684583
235356,0.08201929
235357,0.24250293
235372,0.2630817
235378,0.78545356
235386,0.20145018
235401,0.054177113
235403,0.15703538
235423,0.18547311
235424,0.15544266
235434,0.046695795
235435,0.31117886
235438,0.36032915
235451,0.24071595
235452,0.14963548
235454,0.699189
235456,0.08350293
235459,0.25798345
235460,0.19159456
235463,0.68695515
235491,0.61065346
235492,0.60364383
235501,0.40820563
235505,0.47707766
235512,0.6966254
235519,0.7588128
235549,0.5621191
235592,0.41055828
235597,0.5684777
235601,0.2792993
235602,0.46318612
235612,0.15306723
235617,0.35347748
235622,0.12992226
235636,0.13898826
235641,0.2127368
235644,0.22348258
235645,0.16420951
235651,0.42233226
235664,0.2598932
235668,0.79721105
235677,0.13647176
235692,0.052541886
235693,0.15754443
235698,0.47447392
235722,0.5948656
235741,0.26599193
235743,0.8359712
235752,0.097814076
235757,0.5385522
235766,0.12146539
235768,0.65395296
235769,0.21394782
235775,0.35280257
235778,0.54838365
235782,0.8327277
235791,0.6458489
235792,0.45389023
235796,0.5589356
235797,0.5926769
235799,0.7385687
235803,0.6082924
235804,0.80117863
235809,0.34301013
235811,0.2879696
235812,0.17389975
235827,0.49657226
235837,0.26748186
235839,0.378012
235850,0.5891798
235852,0.13398057
235854,0.5810078
235860,0.2249757
235862,0.35561717
235869,0.48633063
235877,0.2897595
235889,0.61788625
235890,0.69208413
235891,0.19018944
235893,0.30466846
235900,0.23557806
235901,0.2918224
235914,0.16204666
235915,0.8702011
235924,0.65384316
235950,0.39366946
235968,0.17867152
235977,0.538883
235978,0.3092076
235980,0.36295542
235990,0.31854022
235999,0.12340237
236002,0.6366411
236022,0.48629752
236033,0.31667817
236034,0.5220664
236037,0.8844436
236038,0.70011634
236039,0.24602096
236040,0.17681757
236053,0.7319777
236064,0.43353677
236068,0.48314062
236069,0.36612067
236094,0.15038438
236107,0.3115578
236123,0.5918205
236143,0.23111863
236214,0.2606405
236215,0.063712716
236221,0.73546696
236229,0.5804478
236234,0.39419943
236236,0.1377434
236237,0.12055333
236239,0.41663644
236266,0.8905554
236271,0.13538864
236283,0.24733932
236286,0.05732328
236287,0.84385455
236289,0.04879347
236293,0.250052
236302,0.19648731
236303,0.5317856
236313,0.39607167
236324,0.36238304
236330,0.6098592
236332,0.47275925
236345,0.7045565
236350,0.45117033
236352,0.3365961
236359,0.20133851
236362,0.45759752
236373,0.21510656
236378,0.56113815
236391,0.2506654
236395,0.5246897
236412,0.59516597
236418,0.17657048
236421,0.24857834
236451,0.32712576
236454,0.14260712
236457,0.14219992
236463,0.4954041
236469,0.21088192
236476,0.3759324
236485,0.37301615
236508,0.2909127
236509,0.3068995
236525,0.22823328
236527,0.5808032
236529,0.32100555
236555,0.6074645
236562,0.68840915
236568,0.72493064
236569,0.4176454
236580,0.27801588
236581,0.14952074
236583,0.4967917
236586,0.46376052
236594,0.45846522
236631,0.11912287
236632,0.334383
236634,0.31285384
236638,0.18678243
236643,0.5372842
236648,0.55737036
236655,0.67806697
236656,0.32985705
236657,0.20525011
236663,0.38293833
236681,0.12234091
236683,0.18954325
236691,0.1426735
236698,0.7426414
236713,0.40569547
236727,0.72467655
236732,0.4440893
236733,0.24234216
236735,0.3662958
236737,0.061630838
236749,0.27565962
236750,0.2794177
236752,0.35532096
236765,0.23357482
236766,0.25676775
236769,0.23181067
236771,0.6913819
236774,0.65455604
236775,0.15720211
236790,0.46918446
236793,0.30131784
236797,0.6781967
236798,0.17572269
236809,0.19794603
236821,0.42297676
236831,0.27656165
236836,0.23158088
236838,0.2945823
236849,0.32742074
236852,0.463382
236860,0.38948607
236862,0.22139087
236865,0.3181493
236873,0.11678135
236885,0.15997742
236891,0.06545732
236894,0.31675202
236904,0.28684667
236905,0.18740593
236911,0.3119315
236939,0.13817485
236948,0.19954744
236950,0.09060047
236957,0.13504963
236965,0.20380032
236974,0.17469326
236975,0.09607726
236981,0.3343098
236985,0.24455476
236995,0.7164527
237023,0.31148642
237025,0.054628413
237038,0.21980114
237058,0.13853052
237060,0.1023496
237078,0.41016647
237079,0.53942764
237080,0.66421515
237084,0.28084016
237086,0.113261975
237087,0.14933546
237091,0.74028367
237092,0.28041878
237093,0.4518821
237094,0.358441
237103,0.0640432
237116,0.20532784
237118,0.12722129
237126,0.38101813
237136,0.18188776
237144,0.6796899
237149,0.59842116
237150,0.7431282
237157,0.051608823
237158,0.0697316
237170,0.26097175
237171,0.12174522
237193,0.09552347
237196,0.38562512
237200,0.09440344
237248,0.53519565
237254,0.804734
237256,0.5112994
237257,0.27841297
237267,0.28462029
237268,0.29358652
237269,0.17028427
237271,0.31692544
237280,0.32890114
237301,0.32626817
237304,0.6403981
237308,0.12963724
237311,0.57434124
237334,0.37807193
237338,0.756378
237344,0.5219207
237361,0.14579795
237362,0.49042168
237368,0.8846899
237369,0.61962587
237371,0.45428136
237373,0.6671358
237377,0.4490094
237378,0.11059467
237383,0.64914066
237386,0.08343556
237392,0.2344104
237399,0.36781424
237408,0.2055367
237411,0.49444935
237414,0.40556243
237417,0.19356138
237424,0.708385
237439,0.09204561
237457,0.2089307
237458,0.21722083
237459,0.17507955
237471,0.26189885
237474,0.48490763
237475,0.47819752
237476,0.38280848
237490,0.51888955
237491,0.34382507
237495,0.6400927
237501,0.47039992
237512,0.5229533
237516,0.21188682
237518,0.13739324
237528,0.48507637
237529,0.72882056
237537,0.7355481
237543,0.2810927
237547,0.39425987
237552,0.35095966
237563,0.4954853
237585,0.5684004
237598,0.21222779
237606,0.13716656
237624,0.6858534
237632,0.18827263
237635,0.35084203
237640,0.38464278
237642,0.42437848
237647,0.365381
237648,0.35236806
237651,0.63297826
237657,0.32691032
237663,0.5147395
237692,0.39184394
237701,0.58933246
237715,0.2622608
237726,0.13410464
237728,0.5167242
237731,0.09111243
237732,0.4392232
237746,0.30215767
237759,0.06710979
237768,0.133001
237772,0.89330167
237780,0.77969474
237787,0.63901
237792,0.734095
237804,0.4646488
237812,0.26624995
237815,0.40968096
237821,0.3609579
237827,0.109094955
237845,0.5677864
237862,0.2693997
237869,0.44096762
237872,0.5119433
237900,0.8097616
237909,0.28261346
237917,0.40001518
237921,0.046731673
237951,0.61378765
237952,0.61956143
237957,0.054827623
237960,0.51081175
237963,0.32382762
237973,0.086673014
237984,0.3321064
237990,0.37087283
237997,0.46707806
237998,0.5458215
238025,0.29623324
238027,0.07067949
238052,0.07634463
238053,0.27313063
238054,0.76888835
238065,0.16766265
238066,0.12026281
238075,0.7790749
238082,0.27634248
238087,0.47405848
238114,0.19030625
238117,0.5990511
238127,0.32880172
238129,0.68314785
238133,0.13765185
238135,0.1743727
238152,0.44442692
238157,0.38798866
238163,0.04955913
238170,0.22609824
238176,0.25953588
238180,0.5217793
238195,0.41640455
238198,0.5112577
238199,0.14384884
238206,0.75375915
238218,0.37310773
238219,0.4413572
238222,0.14375138
238224,0.15937123
238230,0.4410623
238237,0.4207865
238238,0.39244583
238247,0.24384224
238254,0.27367175
238256,0.03472915
238257,0.22513731
238270,0.65775764
238278,0.29170108
238279,0.46104
238282,0.09395517
238286,0.09400675
238293,0.5197997
238298,0.13913897
238299,0.19096115
238306,0.7694393
238307,0.07486525
238308,0.26856884
238322,0.08701015
238327,0.32033724
238328,0.74790657
238330,0.15873112
238335,0.20912436
238347,0.6503111
238355,0.60018474
238356,0.75033057
238361,0.21406092
238367,0.17747372
238377,0.41935092
238413,0.1128835
238419,0.41333425
238436,0.15127893
238437,0.57111865
238443,0.24354544
238450,0.06041179
238452,0.1312951
238453,0.70023406
238454,0.75586647
238457,0.47717452
238467,0.35476378
238469,0.20851555
238470,0.12938716
238474,0.75545496
238478,0.64332074
238480,0.59273636
238492,0.16927883
238496,0.5033037
238500,0.40177673
238508,0.77470165
238512,0.21106486
238520,0.19938062
238540,0.25277802
238548,0.2700314
238549,0.23173027
238550,0.3687644
238563,0.1785259
238586,0.2509186
238607,0.2214774
238608,0.3513339
238615,0.60916597
238623,0.50009584
238627,0.2296925
238630,0.55846673
238635,0.5197788
238638,0.46702334
238642,0.13516074
238646,0.4061145
238656,0.2444367
238665,0.4440979
238674,0.23822355
238687,0.16997224
238702,0.5945438
238703,0.25318635
238705,0.5172396
238712,0.88923
238716,0.3145838
238717,0.55545
238718,0.3880244
238747,0.38440284
238754,0.6505297
238767,0.50639766
238793,0.10825238
238794,0.7687312
238796,0.46387517
238806,0.34888747
238832,0.65456504
238833,0.32986
238840,0.7136527
238850,0.08388731
238853,0.2374246
238855,0.27680054
238858,0.2736777
238867,0.8423174
238868,0.2970043
238869,0.75069284
238873,0.37813053
238879,0.65457666
238893,0.7996654
238903,0.16515307
238904,0.3249636
238906,0.8021492
238928,0.2313814
238933,0.623607
238941,0.59836143
238945,0.4285991
238947,0.21435079
238954,0.1772895
238963,0.4425924
238986,0.4813356
239003,0.7536001
239018,0.21032237
239019,0.75524956
239020,0.57967395
239021,0.4928659
239031,0.24672359
239042,0.4869623
239051,0.22716969
239056,0.4404945
239058,0.40376318
239075,0.38224933
239078,0.14780675
239079,0.22420959
239081,0.13266732
239082,0.55074996
239085,0.6468761
239100,0.28482008
239104,0.3447494
239120,0.5622499
239123,0.17154664
239140,0.73473096
239144,0.16579981
239145,0.63774395
239146,0.17675003
239153,0.11102444
239155,0.11364017
239161,0.62971365
239168,0.35477594
239177,0.6692244
239180,0.5142676
239193,0.0698007
239199,0.25778782
239206,0.22284468
239207,0.40799916
239209,0.16251233
239221,0.38587323
239225,0.18421724
239227,0.25514948
239237,0.19696763
239249,0.23288009
239273,0.87199134
239282,0.18866782
239290,0.8426004
239298,0.1227802
239302,0.5927489
239307,0.6663975
239309,0.5878671
239314,0.5220267
239319,0.64003056
239328,0.3829648
239334,0.1636421
239343,0.18158895
239344,0.2503808
239356,0.20726696
239357,0.72411305
239428,0.20748565
239429,0.25942153
239453,0.08367318
239471,0.7173101
239479,0.09245595
239480,0.5772405
239485,0.2129314
239489,0.6481553
239518,0.7607861
239522,0.20719607
239525,0.6495681
239540,0.6551752
239567,0.3274371
239573,0.5659238
239574,0.51600003
239578,0.53901523
239587,0.32089853
239588,0.5711182
239597,0.4164521
239603,0.22927792
239612,0.45502272
239616,0.86998016
239617,0.54433477
239618,0.7714459
239631,0.58525884
239639,0.64264065
239644,0.29173094
239672,0.30382004
239680,0.54687554
239685,0.04923391
239687,0.11415489
239715,0.48028186
239722,0.501477
239733,0.18352892
239746,0.15119861
239748,0.16600174
239760,0.8076168
239765,0.43724498
239766,0.7268645
239774,0.26005512
239775,0.08237434
239788,0.7929646
239795,0.41502747
239796,0.22086085
239801,0.39171365
239808,0.3668715
239816,0.030280646
239819,0.03699628
239825,0.34782615
239832,0.6531659
239840,0.47968584
239845,0.13340522
239853,0.086198635
239862,0.34410375
239867,0.53952444
239873,0.57524943
239884,0.2813307
239920,0.069145285
239924,0.68238795
239937,0.30069736
239938,0.329546
239948,0.36378238
239951,0.47509134
239952,0.3814084
239996,0.3007794
239998,0.38809854
240013,0.40934047
240027,0.6160114
240028,0.2343482
240036,0.71547616
240041,0.63177496
240046,0.32011986
240063,0.24213144
240076,0.07899083
240082,0.70888114
240086,0.31792563
240087,0.12516354
240089,0.56929386
240090,0.057834752
240093,0.7560279
240110,0.704194
240111,0.56818384
240113,0.09758914
240117,0.20355715
240118,0.64019144
240120,0.20036386
240125,0.7081394
240130,0.46102723
240131,0.77013665
240133,0.32433546
240138,0.7938403
240149,0.3179814
240161,0.31260467
240177,0.6972068
240188,0.3742277
240197,0.42741954
240204,0.6114006
240215,0.22208914
240257,0.24099962
240266,0.29518557
240284,0.41125327
240296,0.16100508
240300,0.20051844
240312,0.053683214
240314,0.45184684
240320,0.24960081
240321,0.58767736
240337,0.5833921
240339,0.33857015
240341,0.54651284
240342,0.606447
240346,0.14643568
240348,0.49778676
240364,0.2765147
240378,0.2662068
240382,0.5534396
240387,0.24347422
240404,0.08099483
240409,0.24144353
240412,0.24880612
240413,0.73976654
240414,0.38021076
240415,0.16160497
240416,0.5561984
240427,0.28585878
240428,0.63501203
240438,0.63401365
240447,0.091259815
240489,0.65721464
240494,0.7210698
240495,0.29350504
240507,0.437945
240526,0.7003767
240530,0.6576423
240531,0.711547
240554,0.35277
240559,0.23024604
240561,0.37601933
240577,0.27057362
240578,0.49091303
240585,0.70802754
240587,0.6020509
240594,0.47573668
240603,0.1606216
240615,0.19827244
240629,0.23758407
240631,0.12955971
240637,0.1058474
240646,0.75793844
240649,0.4394577
240657,0.23107815
240664,0.6483415
240665,0.8701957
240668,0.21188661
240670,0.8346563
240685,0.76064533
240689,0.5435537
240702,0.1326243
240707,0.41683468
240709,0.5599014
240712,0.68768734
240716,0.37847385
240717,0.20272885
240725,0.105551444
240733,0.14572245
240742,0.8120867
240744,0.1416449
240819,0.5006958
240820,0.07985687
240826,0.5622641
240836,0.5797947
240839,0.18674025
240847,0.7647451
240859,0.8501509
240866,0.7455268
240868,0.1842257
240875,0.2725249
240878,0.28828737
240888,0.13688585
240896,0.5503144
240897,0.18615349
240898,0.6796552
240899,0.6638601
240900,0.20417352
240901,0.64725035
240902,0.3178621
240903,0.490048
240904,0.28115743
240910,0.2518828
240916,0.3151334
240921,0.37392697
240923,0.32208464
240929,0.29240727
240930,0.32132134
240931,0.050461467
240932,0.4654264
240938,0.5301484
240943,0.20388433
240948,0.20715739
240954,0.1747899
240972,0.24624923
240992,0.44880226
240993,0.5047899
240994,0.5401188
241018,0.16738656
241026,0.312111
241031,0.51370806
241052,0.22273746
241060,0.42373845
241076,0.7850033
241113,0.32314706
241116,0.77913415
241118,0.4370642
241121,0.26387855
241130,0.53707874
241142,0.12973392
241146,0.32680634
241159,0.33251968
241160,0.28792325
241161,0.51084036
241163,0.8936174
241176,0.37564754
241187,0.22044852
241188,0.29956016
241191,0.4833182
241192,0.6014719
241198,0.81417763
241208,0.6618672
241210,0.23604792
241226,0.6282152
241244,0.22843337
241252,0.48599088
241254,0.12294863
241256,0.5946241
241264,0.5793495
241266,0.609169
241267,0.5558328
241274,0.4850351
241279,0.22600426
241281,0.71683127
241284,0.38517556
241293,0.16563794
241330,0.35287577
241333,0.09202912
241344,0.6809068
241348,0.7549062
241359,0.30324906
241362,0.6066312
241372,0.09550071
241377,0.10362021
241381,0.7691998
241390,0.18344916
241395,0.050998654
241397,0.13357307
241401,0.15678617
241402,0.8337451
241415,0.5139782
241417,0.6241977
241426,0.7998122
241432,0.2232001
241436,0.14260685
241444,0.13571127
241447,0.6625793
241456,0.2771339
241457,0.12063868
241464,0.3597121
241465,0.6669882
241469,0.19717345
241479,0.16678485
241482,0.2596562
241488,0.7017562
241489,0.27493176
241507,0.6253072
241509,0.18770564
241511,0.12133433
241520,0.124169305
241523,0.041782174
241536,0.32522157
241545,0.5095207
241574,0.29675195
241577,0.80387163
241599,0.7340458
241608,0.38864195
241627,0.24653009
241631,0.18627995
241640,0.38615647
241642,0.14246577
241645,0.4324268
241647,0.08119994
241649,0.5821804
241654,0.85302466
241655,0.29951516
241657,0.5653825
241665,0.33442825
241671,0.33503512
241678,0.5147274
241683,0.28101876
241686,0.12113687
241699,0.25324178
241704,0.63123703
241706,0.29854938
241709,0.20128487
241718,0.15265091
241723,0.59726936
241729,0.2644086
241739,0.57385147
241741,0.19750835
241752,0.27567756
241756,0.10895884
241763,0.23341842
241779,0.3883702
241793,0.06979485
241797,0.18249609
241804,0.4161417
241813,0.16905868
241816,0.5593065
241817,0.68234956
241821,0.09256138
241838,0.6907954
241839,0.3626421
241855,0.4131661
241857,0.31601748
241887,0.0658317
241888,0.17597039
241899,0.6043057
241903,0.20596534
241908,0.67346287
241914,0.26969767
241919,0.29921108
241933,0.72205645
241943,0.09424499
241947,0.36909682
241957,0.41944867
241960,0.66598505
241961,0.23063043
241965,0.45802146
241971,0.35760954
241982,0.22978836
241990,0.31036577
242011,0.27412605
242022,0.20470336
242023,0.3376055
242025,0.7312962
242035,0.5251849
242037,0.37929067
242043,0.30868068
242067,0.22296569
242075,0.24462916
242077,0.104060985
242088,0.5024475
242103,0.5264596
242125,0.18603075
242134,0.7983361
242143,0.7219372
242144,0.33522764
242148,0.2741299
242155,0.2913264
242163,0.11566879
242171,0.24478061
242182,0.51756966
242185,0.51217306
242188,0.6197047
242201,0.7027765
242203,0.09440475
242204,0.116384685
242208,0.5615591
242210,0.5684572
242217,0.38821244
242219,0.5308693
242222,0.5328905
242224,0.78593737
242229,0.40057847
242231,0.7797659
242236,0.758575
242256,0.5192137
242264,0.37543806
242269,0.2615841
242280,0.54756916
242281,0.20219891
242285,0.3019056
242295,0.21104863
242302,0.4983642
242314,0.42063874
242319,0.45685196
242332,0.5551727
242338,0.33164558
242342,0.49785325
242343,0.62764585
242345,0.12734464
242354,0.35923475
242361,0.6349628
242365,0.54024535
242373,0.19061877
242378,0.3907782
242383,0.6384528
242385,0.4300414
242389,0.25890508
242397,0.6766431
242404,0.7283025
242406,0.60263306
242410,0.43236062
242436,0.23122399
242439,0.11351675
242440,0.7621314
242444,0.332
242445,0.6245462
242455,0.54262197
242477,0.36990288
242479,0.72823524
242484,0.47076428
242491,0.3581007
242492,0.30860758
242497,0.14900656
242498,0.2621955
242499,0.6821445
242500,0.6226115
242501,0.40029472
242502,0.5078286
242516,0.24894112
242518,0.48226112
242523,0.60173774
242525,0.26961976
242537,0.37479922
242549,0.13730797
242550,0.21851507
242553,0.030040806
242554,0.2447448
242561,0.34611014
242566,0.85054463
242567,0.33573046
242587,0.489009
242598,0.11107226
242609,0.7425935
242611,0.30170703
242614,0.57088614
242617,0.70484084
242622,0.75802606
242623,0.45743132
242629,0.17137365
242633,0.296615
242636,0.7305568
242637,0.67944616
242642,0.5228593
242651,0.26331276
242655,0.21820767
242667,0.18537962
242668,0.1163134
242670,0.13135247
242681,0.26641506
242689,0.22831571
242690,0.77023053
242692,0.5237509
242693,0.22526434
242699,0.42527923
242706,0.2906805
242712,0.7910493
242714,0.47968608
242715,0.19180033
242721,0.4800047
242725,0.07314765
242728,0.49581215
242740,0.092475824
242741,0.11487433
242762,0.638588
242766,0.52848667
242772,0.12803783
242779,0.35430413
242782,0.2507629
242795,0.5976528
242796,0.1255175
242800,0.1474718
242810,0.36369166
242816,0.54696447
242824,0.44640088
242829,0.6601221
242833,0.12099354
242837,0.6445911
242851,0.49332222
242857,0.69848293
242858,0.5842711
242860,0.23281135
242874,0.28570616
242876,0.3354568
242877,0.08925296
242879,0.13482456
242890,0.57835907
242897,0.20547326
242898,0.13287313
242904,0.065367244
242916,0.05053676
242920,0.5038245
242924,0.4295968
242930,0.2591492
242936,0.51285493
242938,0.078457974
242951,0.6679962
242952,0.22055504
242956,0.21504593
242970,0.74455446
242972,0.0939327
242973,0.20729098
242975,0.121620946
242979,0.6010794
242985,0.22595255
242989,0.14024931
242994,0.89731294
242996,0.7181901
243004,0.6043081
243013,0.12476563
243015,0.37505528
243017,0.26549312
243022,0.18151873
243075,0.75958645
243077,0.21108395
243089,0.2258539
243096,0.34198552
243099,0.19641307
243109,0.36422712
243110,0.5224907
243111,0.07547525
243112,0.15955873
243114,0.45586774
243124,0.8417739
243128,0.9022531
243136,0.21673319
243143,0.2892036
243148,0.5875622
243151,0.1301967
243152,0.3024325
243163,0.35610127
243170,0.1908194
243173,0.117206186
243184,0.55814856
243187,0.35469243
243193,0.7236648
243206,0.63608193
243208,0.12516877
243236,0.17157234
243237,0.6018069
243241,0.14080769
243244,0.16382392
243251,0.510838
243256,0.42877942
243257,0.22397432
243263,0.4515202
243265,0.5262764
243276,0.30444956
243283,0.4989211
243287,0.15287283
243289,0.7841183
243291,0.18672621
243294,0.32325512
243299,0.68423927
243301,0.6093281
243302,0.43925375
243310,0.49375576
243313,0.7925202
243334,0.5916547
243335,0.48059207
243345,0.20325021
243353,0.1291977
243369,0.1474326
243371,0.417834
243375,0.5046722
243383,0.78978604
243387,0.05904177
243390,0.7870976
243398,0.04121331
243399,0.32318413
243401,0.13079962
243412,0.13846707
243430,0.16838343
243433,0.29851198
243440,0.3112172
243445,0.81535083
243475,0.44157633
243481,0.40611488
243501,0.6130384
243518,0.6597848
243528,0.14991972
243544,0.34613922
243550,0.273988
243555,0.3644423
243558,0.6494579
243559,0.77233654
243569,0.42358804
243580,0.17191267
243581,0.075995184
243590,0.18619657
243611,0.37687516
243619,0.18632261
243643,0.4720222
243659,0.52182055
243664,0.14072391
243665,0.85135734
243679,0.2614797
243680,0.58881706
243681,0.15660766
243689,0.44069722
243699,0.57906103
243700,0.5869196
243703,0.23904148
243714,0.8847298
243734,0.072265424
243741,0.7905205
243747,0.2458057
243757,0.64163905
243764,0.7883919
243766,0.51594245
243770,0.32535496
243774,0.55927014
243777,0.31264699
243778,0.20500188
243783,0.4580741
243788,0.52369195
243801,0.45142546
243802,0.18749818
243805,0.8056644
243821,0.5907552
243828,0.33854476
243831,0.531883
243838,0.76713616
243850,0.024805812
243861,0.24430099
243871,0.78367823
243873,0.33363524
243874,0.51864463
243875,0.22134888
243891,0.25273433
243893,0.44491628
243900,0.28385696
243907,0.8261048
243908,0.7433633
243916,0.51874393
243921,0.47790685
243943,0.29717797
243958,0.73676634
243963,0.75258607
243965,0.45519057
243968,0.27813435
243978,0.47945872
243993,0.44566032
243996,0.523778
244004,0.6217193
244006,0.5822642
244045,0.3725253
244046,0.15676235
244047,0.17120475
244049,0.14024211
244051,0.5026667
244058,0.47470984
244093,0.19772638
244100,0.29148996
244102,0.6545954
244104,0.44342014
244108,0.14523211
244112,0.5185284
244114,0.24798997
244134,0.39286312
244136,0.19795401
244140,0.14038962
244151,0.12377425
244152,0.5642498
244164,0.57831526
244168,0.18303184
244173,0.22560123
244176,0.15925063
244179,0.08639424
244189,0.45273876
244201,0.45294088
244205,0.5963061
244212,0.7199328
244216,0.23116235
244226,0.26164097
244228,0.26417255
244238,0.43514076
244246,0.12937512
244252,0.46053448
244257,0.30545443
244266,0.50326365
244268,0.5814283
244280,0.4089579
244290,0.17544578
244294,0.77330583
244295,0.6155425
244296,0.7825396
244298,0.5177442
244307,0.5745419
244321,0.24769832
244322,0.31295827
244324,0.1721088
244335,0.5605069
244346,0.5974661
244364,0.23385474
244372,0.72415507
244377,0.56875026
244387,0.86480933
244388,0.7651533
244395,0.6843712
244396,0.16507566
244403,0.11579847
244416,0.5437008
244417,0.13075466
244420,0.4274294
244421,0.33435327
244428,0.5136758
244429,0.65785164
244432,0.58105546
244456,0.6798155
244460,0.41270298
244461,0.5774868
244464,0.06161741
244470,0.1559183
244475,0.5271188
244484,0.67270714
244487,0.17559074
244489,0.31625274
244498,0.70955
244526,0.54238164
244529,0.86417884
244534,0.28600547
244536,0.633515
244543,0.8221773
244545,0.38750482
244555,0.29242015
244560,0.68780947
244562,0.5856549
244570,0.700035
244572,0.7094814
244574,0.507389
244605,0.71420753
244612,0.3755769
244624,0.19286312
244631,0.05018206
244632,0.644761
244643,0.06422845
244652,0.54280597
244666,0.08385311
244671,0.30852652
244672,0.17022294
244683,0.24881817
244690,0.3038161
244696,0.25581884
244703,0.06475547
244710,0.41403788
244713,0.31050742
244719,0.18518376
244724,0.5520135
244736,0.47802073
244763,0.63485795
244764,0.7927472
244765,0.82877576
244767,0.6018901
244772,0.46208704
244786,0.45215172
244789,0.2636925
244794,0.25837168
244799,0.11927157
244810,0.14252484
244815,0.103747144
244830,0.1739416
244848,0.48757246
244852,0.08715593
244866,0.18088377
244867,0.5787554
244874,0.24116333
244887,0.28199077
244891,0.54933983
244897,0.7814984
244898,0.06668959
244909,0.5180182
244910,0.58081615
244913,0.5788356
244925,0.3797289
244928,0.42019293
244932,0.17444496
244942,0.1666949
244943,0.7144423
244949,0.4070075
244954,0.28677997
244971,0.54598516
244973,0.8539061
244989,0.74767077
245001,0.122355856
245012,0.369664
245026,0.7652814
245030,0.31346482
245036,0.2747574
245049,0.73021245
245057,0.3031864
245062,0.36641797
245063,0.30061415
245074,0.17027093
245076,0.23750257
245105,0.27091202
245106,0.15052214
245121,0.15652288
245124,0.5039892
245129,0.073129535
245133,0.5525155
245138,0.41785735
245150,0.6295518
245156,0.563868
245157,0.42952818
245168,0.53958803
245170,0.23437287
245177,0.27636883
245178,0.25042492
245182,0.02502363
245208,0.30707997
245219,0.7295575
245221,0.16171287
245222,0.24323791
245224,0.2963819
245225,0.1569895
245233,0.50409997
245234,0.2836653
245244,0.37166774
245253,0.83156466
245260,0.30563727
245272,0.26538724
245281,0.23210755
245296,0.75865155
245297,0.7755818
245303,0.15414307
245309,0.7490634
245313,0.055584576
245316,0.32254246
245328,0.23486444
245344,0.33914825
245351,0.4622663
245357,0.44984362
245367,0.14081073
245369,0.6461328
245376,0.5891517
245381,0.23008095
245411,0.40145501
245426,0.38862342
245428,0.075541586
245430,0.55105
245437,0.80057627
245443,0.14941576
245450,0.20040494
245452,0.40034103
245468,0.6001666
245481,0.2390123
245486,0.17123923
245496,0.26413947
245501,0.5310611
245502,0.31768408
245503,0.21923596
245564,0.835905
245567,0.5159582
245568,0.7909003
245576,0.7537124
245577,0.36787248
245578,0.16946341
245595,0.20346974
245598,0.17983249
245604,0.24574146
245611,0.16326451
245615,0.52177054
245617,0.16277456
245627,0.39836487
245659,0.44938362
245661,0.5018991
245681,0.37211052
245687,0.45706603
245697,0.40073347
245708,0.28091696
245713,0.39508334
245717,0.26294246
245720,0.2102096
245721,0.7488815
245724,0.42278516
245728,0.4530949
245738,0.2939277
245746,0.279313
245747,0.5265009
245748,0.46807522
245766,0.20803094
245767,0.6689995
245784,0.39957947
245792,0.36171114
245802,0.57026017
245804,0.13727316
245815,0.18720551
245820,0.26752108
245830,0.37220657
245834,0.14071149
245836,0.30474132
245844,0.43400544
245853,0.088129535
245862,0.23931436
245863,0.6656084
245882,0.48079392
245892,0.15919065
245906,0.46494776
245913,0.16012801
245926,0.08267349
245932,0.1989781
245933,0.09396819
245934,0.43689683
245939,0.6834558
245948,0.5830688
245955,0.35966238
245957,0.10146016
245967,0.54563934
245979,0.14367087
245980,0.4761093
245989,0.25298598
245992,0.2564454
245994,0.38591143
246006,0.20382541
246010,0.12072708
246017,0.57710916
246041,0.30351123
246045,0.24647576
246053,0.24460557
246057,0.28917992
246059,0.44055918
246061,0.2782631
246079,0.07775502
246082,0.2860216
246089,0.27589035
246091,0.1009581
246102,0.34715116
246127,0.7420197
246134,0.23763697
246135,0.2926093
246138,0.82693034
246143,0.3340152
246146,0.7145079
246148,0.33897886
246152,0.70403916
246155,0.2849517
246164,0.20656557
246171,0.66431886
246185,0.29216182
246192,0.7173412
246200,0.57583773
246208,0.219885
246210,0.42439193
246213,0.22908941
246214,0.68684185
246229,0.24848473
246242,0.13271503
246250,0.54562026
246258,0.11397498
246267,0.7806369
246273,0.3056495
246287,0.11925434
246289,0.2565471
246290,0.5705138
246302,0.19924483
246303,0.3701407
246304,0.18919869
246312,0.57966036
246319,0.8892202
246321,0.48991048
246335,0.5908376
246337,0.19924825
246348,0.09974007
246358,0.26709226
246362,0.68689036
246369,0.09808149
246374,0.34414256
246382,0.8009289
246384,0.4182873
246386,0.8256951
246390,0.18264548
246396,0.12711985
246400,0.5067337
246401,0.11776095
246405,0.56086713
246415,0.63327885
246416,0.46704918
246418,0.55494034
246422,0.06291498
246423,0.21599913
246426,0.53691065
246429,0.63720256
246432,0.36234725
246444,0.54573417
246448,0.5455122
246455,0.7078455
246469,0.6397168
246482,0.114312105
246488,0.14133151
246489,0.68067425
246491,0.20699741
246502,0.13217719
246516,0.2590033
246524,0.72049457
246525,0.46057868
246543,0.54167503
246550,0.44169664
246554,0.306985
246558,0.037654813
246559,0.71842706
246560,0.59738463
246561,0.10630435
246562,0.22283009
246564,0.31869024
246585,0.8053348
246615,0.65522164
246618,0.17534845
246619,0.34510675
246621,0.71989393
246624,0.095595546
246625,0.17718408
246627,0.615839
246628,0.25581753
246631,0.42908418
246633,0.5261925
246654,0.26821816
246660,0.4768298
246665,0.7694121
246669,0.50253934
246681,0.12394603
246700,0.7030598
246705,0.3002278
246708,0.3519622
246711,0.76322216
246724,0.4607793
246740,0.12204276
246744,0.6329062
246745,0.7160935
246746,0.38197535
246748,0.064913616
246752,0.7361782
246758,0.51911473
246762,0.2315068
246765,0.31540835
246786,0.35329536
246798,0.25611773
246807,0.16508281
246816,0.7457723
246820,0.19316
246833,0.23749733
246835,0.6850414
246836,0.5119617
246845,0.49281394
246849,0.38160175
246857,0.73190683
246861,0.29234606
246871,0.16463304
246872,0.78111786
246877,0.17033693
246879,0.05065917
246894,0.8102123
246896,0.18084218
246905,0.32896155
246907,0.37041003
246928,0.20032822
246935,0.05275453
246939,0.48125303
246947,0.14987434
246951,0.10192659
246956,0.3679267
246972,0.38031808
246979,0.25043666
247003,0.28233892
247005,0.6651677
247006,0.28998786
247008,0.098878115
247014,0.72973263
247027,0.119826905
247032,0.5253101
247036,0.56922257
247080,0.5364595
247083,0.25487125
247086,0.59108746
247092,0.3445509
247098,0.37028706
247103,0.70753825
247105,0.28293025
247108,0.29703274
247118,0.572994
247123,0.34586042
247129,0.67628217
247139,0.5767049
247147,0.2921515
247153,0.37789145
247157,0.3999965
247179,0.16568175
247190,0.595133
247213,0.41051328
247220,0.1011775
247234,0.15188624
247260,0.18421562
247265,0.5031918
247269,0.643093
247272,0.2817868
247277,0.15528291
247278,0.7350142
247280,0.34969506
247290,0.27862412
247296,0.28133768
247314,0.47524324
247316,0.579547
247328,0.18589614
247332,0.24738127
247336,0.7546399
247340,0.6784344
247342,0.46731517
247347,0.45224082
247350,0.4412042
247351,0.15542158
247353,0.663965
247354,0.26342437
247360,0.26439735
247371,0.25489163
247378,0.2140515
247394,0.7135548
247402,0.26468933
247406,0.4547433
247409,0.3644696
247446,0.24673349
247453,0.15100943
247455,0.6195844
247463,0.11715383
247484,0.18662503
247485,0.41486886
247492,0.609854
247497,0.5036042
247510,0.2552235
247521,0.32630152
247527,0.6308782
247534,0.61351764
247537,0.47353312
247558,0.3606522
247559,0.23742981
247560,0.6963309
247567,0.5194684
247572,0.7293649
247582,0.3259407
247583,0.70894283
247594,0.23646297
247595,0.19355859
247597,0.41238675
247598,0.17143442
247607,0.6237065
247619,0.5860073
247632,0.7127195
247638,0.36120328
247639,0.634662
247646,0.34819683
247655,0.20809977
247660,0.2158024
247672,0.4707793
247677,0.16576341
247682,0.40243986
247685,0.70705056
247690,0.45236063
247701,0.07674302
247708,0.8440957
247715,0.49912012
247734,0.24613279
247758,0.2998954
247761,0.1941688
247763,0.15126836
247766,0.17865388
247774,0.27076623
247775,0.45273092
247779,0.16601396
247781,0.5130495
247783,0.44505394
247785,0.33637664
247787,0.049718723
247793,0.04438129
247798,0.3098884
247802,0.65412176
247805,0.22699155
247814,0.07667691
247816,0.5503367
247834,0.16491184
247836,0.17848782
247844,0.6348758
247849,0.6421711
247852,0.09253252
247859,0.20455357
247861,0.65758777
247867,0.21166487
247868,0.13053256
247883,0.3148098
247890,0.11961722
247892,0.8188029
247896,0.113491364
247897,0.20064388
247902,0.85752714
247904,0.39492545
247909,0.22689234
247910,0.22436723
247911,0.69173974
247929,0.112905726
247930,0.056340843
247935,0.16077387
247942,0.7603348
247950,0.29767954
247951,0.38196555
247972,0.59128445
247989,0.38935912
247993,0.47208214
247995,0.45219597
248012,0.31530377
248018,0.32871827
248019,0.4045388
248036,0.14682932
248037,0.56761825
248039,0.1841703
248040,0.6960144
248043,0.5621908
248054,0.13154119
248056,0.23133732
248068,0.54073113
248075,0.5550011
248085,0.20469314
248087,0.3633872
248089,0.22044028
248095,0.20713644
248105,0.3377214
248109,0.38884282
248115,0.37194204
248131,0.52785254
248135,0.57930744
248148,0.54548925
248154,0.6593453
248156,0.29442018
248165,0.6301617
248169,0.37121263
248173,0.061629687
248179,0.23408478
248187,0.22244705
248204,0.22206391
248207,0.7003623
248210,0.67089725
248212,0.3028536
248214,0.17159627
248229,0.43378052
248236,0.35589123
248239,0.46874768
248240,0.7948453
248246,0.12048905
248249,0.40264884
248261,0.30852777
248267,0.19605654
248268,0.4940951
248272,0.16658212
248276,0.4013181
248293,0.5236886
248303,0.50729966
248307,0.39844888
248308,0.7449175
248327,0.33279008
248330,0.25555634
248345,0.5065769
248355,0.15459664
248364,0.5859571
248368,0.6495907
248373,0.5971818
248375,0.6822992
248378,0.400105
248390,0.15646009
248394,0.2684365
248405,0.11805733
248409,0.45619923
248411,0.37918437
248415,0.49630103
248416,0.20257555
248419,0.6945285
248421,0.11802629
248422,0.28035316
248424,0.08548812
248427,0.3130218
248429,0.8562143
248435,0.16420999
248452,0.44573775
248461,0.45672154
248467,0.3279801
248472,0.3145714
248473,0.14092587
248476,0.3248793
248488,0.8298682
248489,0.67144734
248505,0.21114191
248509,0.19233142
248510,0.6839951
248512,0.3175719
248524,0.8794281
248526,0.4746942
248528,0.24851595
248533,0.07969258
248546,0.22602747
248568,0.3292402
248570,0.3759521
248579,0.51946217
248583,0.58094156
248585,0.114441305
248586,0.45663446
248596,0.071630225
248597,0.72293276
248601,0.040390335
248605,0.45546564
248613,0.27299932
248618,0.32315722
248622,0.3046951
248626,0.021403577
248627,0.11961108
248628,0.22846624
248635,0.30444127
248636,0.30356476
248644,0.19217093
248667,0.66178614
248675,0.20329411
248677,0.3946891
248693,0.7988643
248694,0.50048536
248699,0.04000218
248706,0.68995035
248726,0.4785131
248728,0.30173355
248731,0.5214964
248736,0.8747013
248738,0.6869725
248739,0.11265826
248744,0.6084119
248745,0.56682825
248756,0.19884509
248760,0.37106234
248767,0.75296754
248770,0.26625448
248772,0.52152425
248773,0.26230595
248785,0.1413231
248789,0.2949235
248791,0.40983054
248797,0.35997158
248826,0.086333856
248853,0.27790672
248854,0.16097628
248856,0.5568629
248861,0.24699229
248869,0.49399087
248871,0.22446178
248877,0.19971181
248883,0.68384045
248891,0.08201058
248892,0.83291084
248905,0.15032426
248910,0.19493407
248914,0.2637618
248921,0.4472166
248931,0.6104314
248934,0.28722194
248951,0.31676936
248954,0.47873503
248961,0.15408044
248966,0.19530295
248968,0.82863104
248977,0.1827625
248978,0.43489265
248986,0.756705
249000,0.093057215
249005,0.37781885
249025,0.022257475
249040,0.5747986
249045,0.22899882
249056,0.3007688
249057,0.066716865
249075,0.5102585
249084,0.48941755
249089,0.4116919
249095,0.7956573
249101,0.5866766
249113,0.16908266
249116,0.18279438
249118,0.3655319
249137,0.6228213
249140,0.2804087
249149,0.71651477
249151,0.25249183
249154,0.482769
249155,0.2895277
249171,0.12033897
249173,0.78246063
249190,0.32090637
249191,0.23419939
249197,0.47052276
249205,0.723557
249212,0.66496164
249228,0.48546478
249235,0.5509179
249266,0.20032346
249269,0.22147752
249277,0.5427735
249298,0.322565
249305,0.5482848
249310,0.19123572
249313,0.6227077
249320,0.7044911
249321,0.059900075
249332,0.11775656
249333,0.3461712
249339,0.47061622
249343,0.74253166
249345,0.29040295
249347,0.44892883
249348,0.23305385
249358,0.060758036
249370,0.8733989
249382,0.54150593
249397,0.11905565
249398,0.420792
249400,0.47036037
249403,0.8180698
249412,0.6330112
249421,0.6401182
249422,0.300431
249426,0.27568904
249445,0.1671544
249460,0.24362984
249465,0.055839956
249467,0.115144745
249481,0.39730293
249495,0.31025383
249496,0.48667818
249505,0.23384032
249507,0.19653964
249523,0.3565219
249528,0.507235
249532,0.4600638
249534,0.6284386
249540,0.2684898
249542,0.59513426
249557,0.24645701
249559,0.7750096
249578,0.087428115
249581,0.092785135
249588,0.402134
249595,0.39522326
249603,0.6277022
249615,0.28760603
249630,0.48986688
249636,0.30482596
249640,0.34224388
249648,0.17837726
249657,0.24211252
249661,0.105506346
249664,0.15249413
249668,0.7162556
249677,0.4503531
249681,0.24830626
249687,0.5734081
249688,0.36043507
249695,0.82590854
249703,0.20855401
249705,0.53455514
249718,0.70893234
249719,0.44623226
249720,0.48453727
249726,0.09980648
249728,0.4659231
249742,0.28236133
249764,0.49680287
249768,0.49126503
249770,0.40465516
249774,0.18685587
249779,0.41405588
249783,0.29161286
249801,0.8803356
249808,0.3534212
249818,0.045943867
249820,0.55108863
249832,0.62217164
249839,0.081791334
249843,0.6723407
249845,0.3431822
249847,0.35173213
249878,0.70484537
249883,0.31250578
249895,0.6090084
249898,0.51725507
249906,0.66013795
249909,0.1605662
249913,0.40239093
249920,0.76076394
249921,0.07710031
249928,0.74960625
249941,0.3073852
249951,0.07992959
249955,0.48136085
250020,0.21953052
250022,0.41143504
250026,0.30972663
250038,0.37602946
250045,0.58201826
250048,0.45455658
250049,0.51961017
250051,0.4080477
250056,0.59329456
250073,0.1635745
250085,0.107640944
250088,0.6780825
250091,0.49357593
250092,0.603258
250093,0.16269523
250095,0.2652525
250098,0.68965507
250105,0.27866215
250114,0.89683
250127,0.63148934
250134,0.606171
250137,0.08133308
250153,0.5378962
250156,0.42007798
250176,0.31476387
250188,0.34808543
250189,0.36354154
250211,0.61906415
250212,0.70182675
250217,0.10831506
250226,0.43420178
250236,0.9369903
250237,0.5722128
250246,0.39708817
250270,0.5160724
250276,0.65367556
250299,0.6033535
250311,0.04262329
250312,0.73347676
250319,0.40618944
250324,0.3655337
250331,0.20111726
250340,0.3178495
250347,0.04145186
250354,0.22625269
250358,0.24805632
250359,0.09689573
250361,0.8288796
250363,0.31841677
250371,0.66694355
250377,0.4665535
250381,0.28057262
250391,0.12897043
250415,0.31806836
250416,0.2782388
250430,0.7291058
250431,0.37678376
250438,0.5041199
250444,0.6960309
250453,0.5747532
250458,0.6757371
250462,0.72525936
250469,0.09444445
250473,0.22844261
250481,0.38485327
250498,0.73503685
250502,0.7803632
250508,0.40347087
250514,0.116696246
250521,0.20266996
250522,0.78268975
250530,0.10688082
250531,0.079095766
250533,0.13933632
250539,0.47627592
250541,0.32494983
250545,0.8105923
250557,0.7439203
250576,0.3268905
250579,0.11841679
250585,0.8759886
250586,0.27637872
250591,0.6723225
250592,0.24501362
250596,0.07670253
250616,0.18039672
250617,0.22778745
250632,0.585567
250636,0.43455875
250640,0.48740983
250657,0.5011681
250658,0.5267922
250661,0.21226457
250684,0.4789325
250685,0.29303187
250691,0.5824286
250692,0.17933163
250712,0.10042075
250713,0.123894714
250719,0.47400165
250737,0.4296903
250749,0.14144558
250772,0.30779696
250773,0.81321204
250774,0.37224057
250781,0.59438956
250783,0.17916794
250810,0.3435563
250814,0.18107489
250819,0.17959298
250831,0.33860788
250855,0.12545002
250867,0.66272455
250878,0.20990597
250887,0.08872388
250889,0.21985368
250890,0.35327387
250900,0.67546064
250904,0.5769088
250909,0.36019534
250913,0.2610362
250914,0.32879925
250915,0.51579636
250918,0.39411113
250922,0.76265854
250925,0.43148243
250939,0.5288509
250949,0.13135274
250956,0.40109143
250961,0.55333817
250963,0.45685565
250965,0.623086
250968,0.22573902
250970,0.3305331
250981,0.39453465
250990,0.06305683
251001,0.5490163
251002,0.13135575
251011,0.7435522
251013,0.28199163
251021,0.15080196
251022,0.14238879
251029,0.098642334
251046,0.085409634
251047,0.33335903
251058,0.05422533
251063,0.36881828
251064,0.26094237
251073,0.7679822
251083,0.48331186
251085,0.6515483
251091,0.7203222
251096,0.2625132
251105,0.82331836
251115,0.62714636
251123,0.15503949
251133,0.4323694
251152,0.22166714
251165,0.5474088
251180,0.48291132
251196,0.38392016
251197,0.54632103
251214,0.12938891
251215,0.90051675
251217,0.5861883
251219,0.20988429
251233,0.1763671
251234,0.545769
251245,0.09882466
251248,0.7899269
251255,0.038531896
251267,0.14082731
251272,0.4329936
251276,0.2678615
251288,0.396635
251297,0.33635134
251298,0.52404493
251300,0.47016254
251301,0.28518236
251302,0.31791362
251303,0.5894272
251311,0.13588019
251314,0.33929822
251322,0.14274736
251324,0.66173977
251333,0.512372
251336,0.53278595
251341,0.2677837
251346,0.26350293
251370,0.23478515
251378,0.3076674
251396,0.36725312
251401,0.4173221
251413,0.15042938
251422,0.20927262
251423,0.31436688
251434,0.65098464
251436,0.5363586
251443,0.47042346
251445,0.57954055
251455,0.20393777
251465,0.33184734
251470,0.10160922
251475,0.8749662
251488,0.30634645
251498,0.36948025
251504,0.53740793
251506,0.78975254
251530,0.48242188
251534,0.64456755
251538,0.7626371
251543,0.24410689
251557,0.49132252
251558,0.6026685
251567,0.1636016
251575,0.2552936
251579,0.3439507
251598,0.6378719
251599,0.36796126
251606,0.19838227
251608,0.37582582
251620,0.5205235
251624,0.37135568
251629,0.2030497
251631,0.4328251
251654,0.72728693
251671,0.20086512
251677,0.30855057
251682,0.22697826
251684,0.599752
251689,0.4637413
251700,0.49595097
251716,0.3294679
251719,0.50830984
251727,0.29273322
251731,0.62479305
251732,0.20208889
251737,0.17673287
251744,0.16002819
251750,0.3151167
251754,0.76749134
251759,0.10910577
251761,0.7091493
251762,0.6937691
251765,0.21838395
251768,0.23741938
251770,0.1174645
251777,0.18742743
251786,0.23590659
251795,0.46609327
251805,0.46215633
251833,0.31502435
251839,0.2122004
251848,0.78177506
251851,0.37183473
251893,0.21791644
251909,0.13794772
251918,0.43612605
251920,0.2850285
251922,0.7292896
251923,0.77322114
251926,0.5025005
251933,0.14285019
251938,0.2816198
251948,0.4122529
251955,0.43410066
251956,0.55047303
251957,0.17936978
251964,0.3619615
251965,0.6146622
251966,0.26894903
251972,0.14860901
251980,0.24944186
252003,0.23668167
252016,0.27675614
252028,0.5111454
252032,0.16120651
252046,0.108312495
252054,0.08088962
252060,0.47295976
252073,0.22918148
252088,0.08509064
252092,0.06517308
252096,0.6829084
252113,0.2632781
252115,0.061218046
252121,0.10998643
252133,0.5693089
252135,0.13115105
252145,0.6939743
252151,0.09436307
252167,0.37416363
252169,0.50141543
252175,0.699231
252189,0.63779396
252190,0.7064116
252191,0.76663
252198,0.5553296
252212,0.69224256
252223,0.18612437
252224,0.54824555
252228,0.7697143
252253,0.09691271
252257,0.62710303
252261,0.49646217
252265,0.6140524
252272,0.73323274
252273,0.50881445
252286,0.8858729
252312,0.07598167
252322,0.335987
252326,0.6852404
252332,0.2301015
252345,0.28186086
252348,0.37617478
252354,0.61803406
252358,0.4506129
252364,0.5103661
252366,0.6148707
252369,0.6596261
252374,0.24925852
252382,0.4053962
252417,0.67522895
252425,0.78569776
252426,0.5128703
252429,0.4936218
252434,0.74837184
252447,0.3472179
252450,0.22568496
252452,0.6356411
252460,0.096261375
252463,0.32803544
252465,0.33090577
252492,0.5872549
252493,0.56508464
252518,0.34056628
252522,0.5990653
252524,0.28133228
252531,0.22115786
252533,0.5563858
252540,0.49174008
252543,0.15193671
252544,0.22501834
252555,0.24338616
252558,0.6355464
252562,0.17339094
252565,0.6661781
252568,0.033890087
252569,0.20623235
252573,0.3599038
252582,0.26085773
252596,0.36651936
252599,0.051106192
252603,0.33549508
252606,0.23446201
252630,0.12394363
252636,0.18077211
252651,0.4583609
252653,0.05673862
252679,0.736818
252682,0.61088395
252687,0.7116547
252713,0.08528277
252715,0.079298444
252721,0.8034752
252726,0.33399257
252746,0.40665025
252754,0.08082512
252760,0.18842377
252762,0.84321874
252763,0.43742272
252764,0.6264922
252768,0.27949744
252773,0.2554385
252774,0.3461652
252782,0.47609428
252784,0.22109532
252797,0.17802593
252798,0.07970408
252809,0.52973795
252819,0.12841743
252840,0.31097564
252862,0.082832985
252863,0.6526513
252865,0.47659025
252870,0.5118627
252880,0.56203866
252881,0.3421788
252888,0.5791406
252889,0.39953026
252894,0.31298146
252899,0.26386142
252911,0.08999407
252918,0.03596687
252926,0.13933676
252929,0.45969868
252932,0.675687
252939,0.2819138
252940,0.29922011
252970,0.07731304
252971,0.20564447
252980,0.6562916
252981,0.30524653
252986,0.22575647
252990,0.18660314
253004,0.3173522
253011,0.17446274
253015,0.19686607
253022,0.22428383
253032,0.22051682
253044,0.8516995
253056,0.17563587
253065,0.46020865
253066,0.31294313
253067,0.22967178
253079,0.25606194
253088,0.42801127
253098,0.5535879
253099,0.5911809
253112,0.3060636
253113,0.44867206
253133,0.40626082
253149,0.1347927
253151,0.2918691
253153,0.3672587
253160,0.27738938
253164,0.2360021
253169,0.7444408
253177,0.15263017
253183,0.6906625
253198,0.44357175
253206,0.29737753
253214,0.6326727
253218,0.23596185
253224,0.16887088
253227,0.122736506
253231,0.1682763
253247,0.22964104
253251,0.37972075
253262,0.38526028
253264,0.3220346
253265,0.58265775
253273,0.41551688
253275,0.1078432
253278,0.08465731
253284,0.59391963
253298,0.3716354
253313,0.5576988
253317,0.19397622
253322,0.62992114
253326,0.43547216
253332,0.78971577
253338,0.19298695
253339,0.102171354
253346,0.08108009
253348,0.72457564
253350,0.12894762
253357,0.51872194
253363,0.34748358
253365,0.05437712
253369,0.24749777
253373,0.67714155
253378,0.264159
253383,0.6211232
253392,0.15922111
253395,0.18399753
253398,0.21338482
253410,0.69999343
253419,0.083498836
253420,0.5605074
253421,0.6833907
253441,0.7764496
253442,0.23182894
253446,0.316914
253447,0.611707
253465,0.41916603
253488,0.62597513
253492,0.20391436
253499,0.9497972
253500,0.8167012
253501,0.35520464
253509,0.35163492
253521,0.2247694
253534,0.13050024
253544,0.50728565
253555,0.4190334
253557,0.51320356
253559,0.077396885
253583,0.62779015
253587,0.3013052
253589,0.3851298
253591,0.3705643
253596,0.27689856
253600,0.22161542
253605,0.16259266
253620,0.3117055
253628,0.1792029
253631,0.6206047
253634,0.07621454
253639,0.22627632
253641,0.6954237
253661,0.1896105
253672,0.5582166
253679,0.22964166
253683,0.3901572
253696,0.13382976
253706,0.2838092
253708,0.34447083
253712,0.093849756
253717,0.09355529
253720,0.5396744
253731,0.41985285
253734,0.4452871
253743,0.37303233
253744,0.25761592
253748,0.29089022
253754,0.49825415
253761,0.4913173
253787,0.5948319
253788,0.27559745
253796,0.7255298
253826,0.7216036
253829,0.4368395
253837,0.6224337
253841,0.63335395
253843,0.28768042
253844,0.4357607
253845,0.46487272
253849,0.5494274
253854,0.16450697
253861,0.1304198
253863,0.16903138
253875,0.6372291
253891,0.63135165
253894,0.43933463
253895,0.87758905
253918,0.6095447
253930,0.12115736
253939,0.28533623
253940,0.44374824
253945,0.51232934
253950,0.06976193
253951,0.044837516
253964,0.6603811
253967,0.16383663
253975,0.88303673
253986,0.23120236
253998,0.8579807
254017,0.47174382
254025,0.75105226
254026,0.20050722
254031,0.2828926
254035,0.34116358
254040,0.5340879
254042,0.14700964
254047,0.34283558
254051,0.77536386
254056,0.2638993
254060,0.41401199
254068,0.3065911
254073,0.7446447
254088,0.31662303
254100,0.27134985
254110,0.57897305
254115,0.18700258
254116,0.8145798
254125,0.39210933
254130,0.25602272
254135,0.5696521
254149,0.40815043
254161,0.30620033
254167,0.4006199
254176,0.5948732
254205,0.14536951
254226,0.097958565
254228,0.5597205
254238,0.064018786
254242,0.6497146
254257,0.810551
254261,0.26186836
254280,0.32144672
254295,0.18197593
254316,0.64223117
254325,0.75480676
254326,0.43719703
254327,0.1564213
254335,0.16378708
254342,0.6599922
254347,0.5262152
254355,0.3266622
254358,0.27573442
254359,0.3623315
254368,0.25425762
254376,0.50147283
254382,0.6026215
254383,0.71695423
254390,0.27555704
254392,0.36466667
254394,0.16837792
254400,0.060299527
254406,0.3625673
254411,0.17930514
254421,0.54641134
254435,0.5151784
254437,0.22807874
254440,0.054516897
254460,0.520811
254470,0.19156998
254471,0.47623044
254472,0.07028802
254483,0.7627003
254493,0.07887764
254513,0.11766567
254518,0.8295802
254520,0.68305194
254534,0.3290901
254537,0.48824614
254562,0.2425473
254567,0.2967959
254577,0.36528584
254578,0.4274367
254580,0.74289274
254586,0.37307867
254591,0.55021185
254593,0.11655434
254597,0.79763836
254599,0.16937056
254613,0.18713155
254629,0.67433727
254631,0.5076131
254633,0.3044112
254639,0.30830473
254642,0.3989482
254650,0.54020774
254659,0.275073
254662,0.39167914
254671,0.680633
254672,0.1381313
254674,0.58933324
254676,0.8120503
254679,0.0967744
254701,0.18809484
254722,0.07113203
254728,0.16668628
254742,0.21433108
254748,0.41500622
254750,0.15752503
254751,0.46731022
254753,0.5677102
254773,0.6499283
254783,0.18534398
254805,0.36408362
254806,0.5699565
254810,0.17482993
254817,0.35532176
254820,0.25165316
254829,0.501199
254835,0.17805098
254837,0.43185952
254843,0.24018604
254850,0.36663973
254858,0.312828
254861,0.3163549
254884,0.15141183
254885,0.5345671
254890,0.20497203
254910,0.54565346
254916,0.30299574
254917,0.16395178
254920,0.0650087
254926,0.26467067
254928,0.4702458
254930,0.2788985
254937,0.62943476
254940,0.1416798
254953,0.6907649
254956,0.09213898
254969,0.38069546
254982,0.491193
254988,0.45280454
254998,0.26387525
255013,0.72679377
255017,0.15244487
255018,0.30703524
255029,0.380683
255033,0.8807356
255035,0.748105
255061,0.8025238
255067,0.062387165
255068,0.26455888
255070,0.61198795
255084,0.18954448
255096,0.4662924
255106,0.06690318
255114,0.49792805
255117,0.24232738
255135,0.5182452
255142,0.3716
255143,0.29568183
255146,0.57644
255155,0.17743433
255156,0.6900083
255158,0.15988947
255167,0.37232828
255172,0.1766532
255199,0.18051879
255204,0.26870903
255206,0.37013066
255210,0.4568275
255226,0.22246559
255230,0.2786248
255253,0.31921425
255259,0.21360262
255260,0.24644652
255278,0.5658858
255288,0.32180563
255312,0.3510684
255317,0.18129368
255319,0.54949903
255320,0.6470743
255322,0.20209785
255332,0.82899827
255337,0.39051118
255344,0.055288382
255347,0.41702256
255348,0.2450627
255351,0.31648722
255366,0.34785488
255371,0.23685147
255372,0.16972634
255373,0.7067167
255377,0.38514286
255378,0.37105015
255405,0.51410943
255408,0.500819
255425,0.5394222
255434,0.60439
255441,0.19012874
255442,0.69009703
255451,0.68587214
255486,0.14514703
255490,0.9034113
255493,0.3832984
255501,0.52835125
255503,0.23999059
255515,0.52988493
255522,0.57850033
255526,0.24733202
255538,0.682754
255541,0.28958702
255546,0.5744193
255549,0.07548593
255557,0.15796156
255564,0.65378165
255568,0.28688103
255572,0.31176284
255581,0.11487572
255585,0.08790356
255586,0.7597434
255596,0.5972002
255598,0.18216173
255600,0.38553503
255619,0.54715335
255620,0.09201109
255623,0.28587386
255631,0.37294364
255632,0.68326914
255633,0.61509186
255646,0.3724589
255647,0.3793459
255649,0.41541633
255659,0.42007867
255666,0.13449202
255669,0.34778765
255674,0.16154678
255675,0.18632238
255678,0.62745446
255682,0.8424521
255690,0.69742125
255691,0.17701413
255694,0.66314703
255706,0.10539457
255717,0.17836744
255720,0.06638015
255723,0.43114367
255724,0.55831283
255729,0.11135354
255731,0.3623994
255733,0.15435465
255734,0.5629778
255738,0.49391168
255760,0.14938655
255766,0.2549518
255770,0.13779315
255772,0.09013813
255775,0.32378235
255776,0.24310927
255786,0.1685723
255795,0.25950947
255797,0.42112112
255810,0.38688865
255813,0.1829466
255829,0.432343
255830,0.13954975
255832,0.2559075
255847,0.24442701
255853,0.6798201
255876,0.21252564
255881,0.042045128
255883,0.19801944
255891,0.45987383
255899,0.43015176
255900,0.5193585
255906,0.5236249
255907,0.5533677
255911,0.6195801
255921,0.21598102
255925,0.6348091
255930,0.6238666
255941,0.08391802
255948,0.11724721
255969,0.7439573
255973,0.71156347
255974,0.3186471
255976,0.40702924
255977,0.32007542
255978,0.23209131
255981,0.4839948
255988,0.36254424
255990,0.17506342
255992,0.47253522
255998,0.09978421
256015,0.48111492
256016,0.3508926
256036,0.28259313
256045,0.42893118
256050,0.64176613
256066,0.7356579
256076,0.74700403
256080,0.20011309
256083,0.6501304
256086,0.16300589
256103,0.3111701
256108,0.15792553
256114,0.30619174
256115,0.53438723
256139,0.44865394
256141,0.19707416
256146,0.22634636
256150,0.23185411
256177,0.39639547
256179,0.23294075
256194,0.653866
256195,0.5647391
256200,0.7195275
256204,0.32189515
256205,0.6939449
256213,0.4921769
256222,0.3248918
256224,0.21069387
256235,0.49762395
256264,0.09292036
256268,0.48856246
256276,0.54205316
256277,0.23533753
256282,0.072289914
256285,0.06747049
256293,0.16268048
256294,0.18985248
256296,0.6803302
256297,0.12676068
256315,0.26455462
256317,0.34994453
256334,0.7535523
256339,0.26615208
256342,0.8813905
256345,0.49588308
256348,0.7625003
256350,0.5291414
256351,0.0689816
256357,0.439747
256375,0.7239987
256377,0.51081437
256379,0.23933086
256392,0.0275147
256398,0.06570812
256419,0.43020403
256422,0.1711728
256424,0.14580871
256431,0.14761192
256432,0.24081543
256438,0.77632934
256459,0.10848437
256460,0.8387924
256506,0.71317697
256507,0.21782757
256511,0.20531501
256513,0.5746092
256519,0.38237706
256533,0.3700223
256539,0.5073341
256590,0.28746012
256606,0.7406581
256614,0.40052995
256642,0.6163663
256644,0.059754834
256653,0.5104012
256663,0.05498384
256666,0.5715884
256669,0.380633
256678,0.27061844
256685,0.55786914
256705,0.1642248
256708,0.22536069
256713,0.45015565
256715,0.49440598
256718,0.3211281
256745,0.6166
256752,0.08570166
256753,0.3909957
256754,0.2906849
256763,0.09427464
256772,0.42889062
256773,0.5413111
256774,0.763627
256776,0.67027605
256783,0.5748883
256790,0.41266784
256801,0.64979833
256802,0.815538
256803,0.59334314
256808,0.0833975
256809,0.48621044
256810,0.3576072
256818,0.31234366
256824,0.13073248
256825,0.3123628
256826,0.109194055
256829,0.24146649
256834,0.39913172
256843,0.8082194
256866,0.616131
256875,0.3596095
256876,0.29044253
256887,0.34823564
256888,0.23296823
256894,0.317264
256909,0.20540373
256918,0.7803015
256927,0.5170317
256931,0.12451871
256933,0.32028836
256937,0.6446224
256950,0.658789
256955,0.19391197
256962,0.19218127
256972,0.10229895
256985,0.6253625
256987,0.6739633
256993,0.13074589
257000,0.7369884
257017,0.12406485
257019,0.51660526
257020,0.6210809
257022,0.3252034
257023,0.4670193
257025,0.6283558
257050,0.43931222
257056,0.12498742
257060,0.52868026
257064,0.15596603
257066,0.103622705
257071,0.47453684
257073,0.2781337
257076,0.115749694
257084,0.4136147
257088,0.5363888
257102,0.56500524
257118,0.2308516
257119,0.55201304
257120,0.29268867
257131,0.3724225
257145,0.6373425
257150,0.29511273
257154,0.57603884
257169,0.5399103
257192,0.7397116
257200,0.24459778
257204,0.36687523
257205,0.7021615
257213,0.40602916
257216,0.11313633
257219,0.22033328
257232,0.5452458
257234,0.19800669
257244,0.6940915
257251,0.1417939
257255,0.3069209
257260,0.22629896
257263,0.8046467
257267,0.51882184
257277,0.20826037
257293,0.24356198
257294,0.45894882
257304,0.06179259
257307,0.08226316
257312,0.4019449
257324,0.6270399
257325,0.523714
257326,0.31547436
257353,0.18622696
257354,0.19124809
257369,0.27963614
257372,0.27876762
257375,0.28788123
257388,0.34273282
257393,0.21984398
257395,0.25005126
257399,0.49030033
257406,0.4839721
257409,0.48953453
257437,0.62916607
257441,0.10930153
257442,0.42707175
257473,0.18726172
257476,0.37088713
257477,0.8139139
257483,0.787042
257500,0.69145304
257506,0.62566555
257508,0.29099336
257511,0.68273646
257514,0.087514535
257527,0.6363702
257528,0.3939917
257545,0.33487308
257546,0.43409562
257548,0.24841836
257551,0.15005027
257564,0.5788961
257565,0.51367915
257567,0.33159024
257572,0.16163826
257575,0.5854
257577,0.82851285
257578,0.16127373
257585,0.16599692
257589,0.7488114
257590,0.47314772
257594,0.116671704
257596,0.1620745
257614,0.8364141
257618,0.73670495
257624,0.7304276
257632,0.09261997
257638,0.1901664
257644,0.6542679
257650,0.27750355
257653,0.4970287
257660,0.82556695
257663,0.45053777
257665,0.5550543
257677,0.6433781
257678,0.1918706
257690,0.48069102
257700,0.44981948
257711,0.32675973
257712,0.62486887
257715,0.22778618
257718,0.06803797
257720,0.46203604
257740,0.78094256
257748,0.36278388
257765,0.5499558
257768,0.5264928
257777,0.17403013
257778,0.28806627
257785,0.5705783
257789,0.53841007
257794,0.32470584
257796,0.2856122
257821,0.1587428
257823,0.8435793
257832,0.20415254
257844,0.82560456
257848,0.6440566
257854,0.25189424
257861,0.87246644
257872,0.2962276
257875,0.24459647
257876,0.29804203
257883,0.090013474
257888,0.1702703
257895,0.6591518
257900,0.36191627
257906,0.14972025
257907,0.8185624
257920,0.75779665
257921,0.51162326
257926,0.09282675
257932,0.18170525
257940,0.059159327
257947,0.65558666
257953,0.67398876
257958,0.14097486
257967,0.5427222
257977,0.28662884
257986,0.18024431
258012,0.47948998
258013,0.5199341
258031,0.14434655
258034,0.20253478
258037,0.72981423
258051,0.6724605
258056,0.29179806
258058,0.43628627
258066,0.5991552
258074,0.32369283
258077,0.118577786
258090,0.64772564
258109,0.39076447
258114,0.22584145
258124,0.26740408
258127,0.69732964
258141,0.100542545
258148,0.30835074
258151,0.5270822
258163,0.2622119
258166,0.22015458
258169,0.1063667
258179,0.6246997
258190,0.61594385
258193,0.10766776
258207,0.80074924
258220,0.21804978
258222,0.37490034
258223,0.24905424
258225,0.070668235
258227,0.043697227
258231,0.4780281
258233,0.80686426
258249,0.070155576
258255,0.27293557
258259,0.2387805
258276,0.21823153
258281,0.869761
258302,0.24832919
258305,0.47259822
258310,0.4223309
258334,0.61512434
258335,0.3965918
258338,0.13913806
258345,0.10908793
258360,0.09540113
258363,0.50036645
258381,0.44446054
258384,0.39621428
258387,0.13387622
258400,0.48106614
258402,0.1975057
258406,0.7645347
258408,0.7211482
258432,0.10198429
258443,0.043691747
258461,0.10358854
258488,0.36670017
258489,0.5122351
258508,0.44868627
258524,0.07992991
258527,0.119476646
258545,0.06854274
258549,0.6624606
258560,0.8365423
258565,0.56235266
258567,0.35641828
258575,0.4993515
258590,0.13873377
258591,0.26859608
258592,0.43361318
258603,0.625913
258606,0.4172682
258610,0.3990293
258627,0.14213464
258631,0.047926784
258637,0.4926592
258638,0.36357313
258640,0.5285701
258645,0.12816924
258651,0.4504372
258652,0.51753604
258653,0.27901617
258662,0.5111481
258663,0.14605252
258671,0.2374981
258679,0.12464437
258685,0.35309726
258686,0.8318642
258697,0.16384654
258705,0.8651211
258723,0.80436575
258724,0.14972588
258734,0.0749692
258763,0.4030213
258764,0.26890022
258771,0.2179407
258773,0.28093842
258782,0.5927832
258784,0.0876146
258790,0.4194317
258811,0.30527776
258817,0.4500588
258818,0.585663
258832,0.717446
258837,0.75704855
258841,0.4059906
258842,0.25133935
258843,0.442305
258860,0.102233395
258875,0.35430652
258881,0.30917078
258887,0.11656012
258889,0.2995679
258924,0.5920909
258925,0.78869015
258948,0.14008622
258949,0.0890771
258963,0.5181994
258964,0.13304769
258966,0.89986444
258973,0.4970829
258974,0.11359351
258979,0.59140176
258989,0.531182
258997,0.19960065
259001,0.25735894
259013,0.72172076
259018,0.3468658
259020,0.82993233
259031,0.22644065
259044,0.70390594
259050,0.6456903
259064,0.21152814
259078,0.5495912
259088,0.7688798
259124,0.09093969
259125,0.28370896
259135,0.3025791
259137,0.41807353
259146,0.1947041
259148,0.86373496
259168,0.5776637
259178,0.15230784
259194,0.26725695
259198,0.2923464
259204,0.29516843
259209,0.22605124
259223,0.260377
259228,0.42701474
259234,0.8581744
259237,0.112194985
259246,0.33461154
259247,0.06979075
259249,0.31638587
259264,0.43387344
259274,0.4623891
259281,0.49555978
259283,0.4277224
259284,0.3969925
259285,0.34569213
259286,0.14342336
259291,0.56634086
259304,0.29049215
259309,0.1639936
259322,0.3143964
259323,0.7949417
259331,0.53304815
259339,0.113012224
259344,0.24417609
259350,0.61791676
259353,0.2477943
259356,0.40992722
259365,0.45672154
259377,0.51072913
259397,0.19226256
259403,0.50012153
259411,0.15364192
259415,0.2903947
259420,0.5904549
259423,0.3129608
259424,0.23119622
259431,0.18422286
259434,0.24782082
259438,0.4205798
259439,0.28262225
259441,0.10011533
259452,0.26917857
259460,0.2725735
259471,0.25021937
259483,0.47716537
259494,0.21749926
259496,0.1656978
259500,0.65800506
259512,0.27760708
259526,0.30947682
259528,0.43581903
259548,0.14640458
259568,0.373405
259593,0.5610402
259603,0.16944723
259611,0.1216485
259620,0.50593597
259621,0.79027677
259623,0.58045
259633,0.15981449
259648,0.19849055
259678,0.13299714
259691,0.06935833
259693,0.2898415
259708,0.6826889
259720,0.4908116
259734,0.183553
259741,0.65003884
259749,0.26739326
259750,0.0757642
259752,0.12425201
259755,0.26907414
259759,0.18491906
259776,0.36980602
259779,0.3736954
259790,0.5794089
259797,0.19732766
259799,0.36179152
259804,0.40350282
259807,0.52690744
259810,0.40648776
259811,0.81909835
259822,0.13709186
259833,0.17358571
259838,0.13975437
259844,0.64241683
259846,0.43996963
259848,0.19333425
259861,0.46592277
259867,0.2546956
259876,0.4532186
259880,0.24566227
259897,0.38200352
259908,0.73656404
259912,0.16488418
259920,0.6703624
259922,0.19595581
259928,0.3217365
259932,0.030762168
259946,0.12259361
259962,0.73610216
259982,0.1654608
259985,0.098379664
259994,0.5934478
259996,0.7652294
260000,0.46385294
260007,0.80938315
260018,0.55264217
260021,0.4344495
260038,0.23237579
260051,0.76248676
260052,0.2637425
260070,0.1796962
260074,0.20848373
260080,0.41530952
260092,0.20480682
260097,0.07961681
260101,0.039699037
260108,0.23521523
260117,0.36651295
260129,0.17410518
260142,0.14908399
260145,0.11013134
260146,0.48347354
260147,0.43407828
260148,0.59155387
260153,0.15025336
260156,0.17186685
260171,0.19673508
260202,0.041166022
260221,0.5898671
260222,0.49584556
260226,0.72425634
260227,0.62946117
260247,0.16554162
260251,0.24848603
260261,0.045009978
260264,0.24265304
260266,0.41277474
260268,0.3659903
260289,0.37383142
260301,0.32958242
260316,0.3721842
260348,0.25757864
260359,0.5290861
260364,0.5914857
260391,0.65845156
260422,0.33319235
260435,0.4341003
260438,0.55772066
260446,0.06535585
260447,0.76387125
260458,0.4956761
260461,0.77363884
260469,0.31962192
260471,0.55279917
260482,0.7794266
260484,0.27533603
260487,0.6428991
260489,0.28086305
260500,0.4330433
260508,0.20614542
260509,0.4847447
260512,0.44174275
260525,0.21696208
260530,0.46977916
260533,0.1871898
260538,0.76532817
260541,0.75188977
260546,0.37285772
260551,0.100366704
260556,0.66894233
260561,0.19178843
260566,0.21734206
260572,0.4466491
260579,0.6868335
260582,0.7244578
260583,0.35454473
260584,0.26986545
260586,0.4022437
260589,0.44424632
260608,0.6022122
260632,0.18675625
260634,0.34684664
260635,0.6394396
260645,0.3516296
260659,0.3325593
260665,0.6904408
260673,0.35171905
260675,0.65029186
260676,0.18114723
260700,0.8039448
260721,0.85272056
260723,0.48565882
260732,0.26017374
260738,0.25709423
260748,0.3119493
260782,0.5811081
260806,0.26609457
260820,0.3022847
260825,0.58947015
260830,0.23186898
260844,0.43853128
260858,0.55930036
260860,0.45150292
260863,0.5688386
260867,0.12925175
260875,0.190911
260877,0.66994095
260902,0.7388397
260910,0.35630104
260913,0.16953868
260923,0.33296275
260926,0.7511899
260936,0.384609
260937,0.81581295
260948,0.647203
260949,0.5042688
260959,0.38413364
260962,0.81872594
260986,0.38245127
260988,0.28896216
260992,0.6923429
260997,0.17939733
261007,0.48677155
261031,0.15583603
261039,0.68045807
261044,0.1550905
261055,0.43378082
261058,0.54471976
261069,0.32611606
261079,0.5060546
261084,0.036611784
261097,0.7316068
261101,0.23273855
261111,0.688828
261115,0.35719714
261116,0.768777
261121,0.1157168
261124,0.38506964
261126,0.27727985
261132,0.12948194
261161,0.23115292
261162,0.22349234
261175,0.19626763
261187,0.60217464
261191,0.22003311
261195,0.11746442
261197,0.584238
261204,0.2708399
261231,0.27590838
261248,0.17360109
261263,0.3961016
261268,0.71739143
261273,0.65610695
261274,0.38115567
261277,0.6475762
261283,0.22266519
261293,0.42757067
261302,0.8014539
261309,0.41155878
261318,0.19604129
261340,0.58021075
261346,0.23612817
261355,0.36023346
261357,0.38167667
261365,0.49327564
261366,0.7205805
261376,0.22707641
261380,0.45108962
261385,0.90346104
261403,0.25268844
261416,0.75442195
261424,0.48792115
261425,0.30571446
261431,0.1184946
261433,0.18997473
261435,0.5704618
261440,0.27269194
261450,0.14007062
261456,0.5017306
261464,0.7922744
261465,0.5710067
261473,0.2615159
261475,0.49425521
261476,0.63891906
261480,0.110173285
261481,0.22719297
261495,0.29886973
261500,0.21427716
261506,0.15045124
261544,0.19615753
261551,0.13877943
261566,0.7533265
261573,0.6844165
261587,0.3592144
261592,0.223575
261594,0.17274337
261626,0.2330333
261635,0.16903906
261649,0.19393687
261653,0.3660617
261660,0.4799155
261668,0.35168913
261669,0.22299537
261676,0.25634375
261688,0.32034492
261691,0.29885727
261699,0.13838202
261704,0.53404826
261718,0.8324635
261719,0.38081142
261735,0.15875788
261742,0.07167552
261746,0.7313585
261749,0.57774484
261759,0.5377583
261763,0.2101189
261772,0.19863054
261795,0.33505258
261798,0.35099903
261804,0.12595649
261806,0.2582968
261813,0.73524064
261814,0.28932002
261827,0.08680637
261835,0.08240396
261839,0.50871384
261840,0.4125696
261845,0.2173327
261846,0.2009136
261850,0.15797766
261853,0.12032044
261870,0.72076887
261871,0.1393842
261883,0.6145594
261885,0.22464554
261888,0.48208717
261892,0.17237774
261895,0.28088126
261906,0.13573314
261912,0.75330424
261918,0.14053924
261926,0.1535144
261930,0.06287462
261947,0.27658796
261956,0.17577757
261958,0.60383844
261960,0.4728022
261961,0.7405265
261965,0.3512625
261967,0.8353889
261968,0.06497373
261974,0.50180185
261980,0.68044966
261981,0.39059386
261983,0.4006289
261992,0.24942315
261998,0.349784
262002,0.3102584
262006,0.27611858
262014,0.05704978
262017,0.39541736
262021,0.79199076
262038,0.55656457
262040,0.17189911
262043,0.3069104
262052,0.40242952
262054,0.30305457
262056,0.24411006
262058,0.23380432
262062,0.77574974
262065,0.6054101
262067,0.2998823
262070,0.5252764
262078,0.18792015
262084,0.30665633
262091,0.91172636
262092,0.60626566
262112,0.5423363
262114,0.106553994
262132,0.41433525
262140,0.8355328
262152,0.76937145
262159,0.28850818
262172,0.4116616
262180,0.22035916
262181,0.33675724
262188,0.85198385
262202,0.16611539
262206,0.18587022
262213,0.70326865
262227,0.6321965
262239,0.33101234
262243,0.22743942
262246,0.22912104
262251,0.19251557
262269,0.02833286
262272,0.27944463
262276,0.51496345
262277,0.40213105
262278,0.6483665
262281,0.14610595
262298,0.29571405
262308,0.12742844
262316,0.10601341
262320,0.112015046
262321,0.6429672
262337,0.76528174
262354,0.8160646
262362,0.22886927
262364,0.16435677
262365,0.15818517
262372,0.40832335
262373,0.35307395
262380,0.36396882
262392,0.5323577
262399,0.26640642
262407,0.7433998
262418,0.7407815
262429,0.604068
262430,0.039439693
262446,0.5933904
262455,0.06504758
262459,0.3835992
262475,0.17680624
262478,0.789979
262492,0.32854825
262520,0.16633236
262535,0.7001061
262537,0.10548599
262538,0.43156093
262541,0.10727846
262554,0.78707904
262559,0.23109163
262561,0.42081428
262562,0.17994864
262575,0.75367403
262576,0.5377144
262579,0.09842342
262581,0.75324064
262590,0.5358809
262599,0.30229062
262607,0.25442472
262608,0.18076901
262613,0.31054464
262620,0.24111952
262621,0.9217835
262622,0.20122692
262623,0.7455398
262629,0.2496502
262633,0.20717347
262650,0.21894816
262655,0.6158017
262659,0.5289157
262660,0.58632475
262663,0.35308942
262665,0.2533816
262666,0.25658736
262679,0.2969157
262681,0.72664094
262702,0.33604753
262705,0.26456362
262716,0.12824407
262725,0.721645
262732,0.37655684
262743,0.21039622
262749,0.580226
262752,0.55180717
262756,0.35747117
262758,0.6270045
262772,0.5757956
262784,0.39278123
262791,0.1791105
262793,0.64526683
262802,0.5483427
262814,0.74100083
262817,0.21491137
262820,0.113935016
262827,0.3840477
262832,0.10990387
262845,0.12082718
262847,0.29573396
262859,0.49334607
262862,0.7266163
262864,0.26134944
262865,0.6857031
262887,0.10064688
262914,0.22540008
262939,0.22721286
262943,0.5444878
262958,0.52163374
262963,0.33776712
262970,0.20886225
262979,0.76280546
262986,0.16076276
263004,0.28601724
263015,0.20222382
263016,0.1912966
263028,0.5828958
263029,0.7922716
263031,0.25742936
263044,0.41519552
263046,0.42955202
263056,0.5127638
263059,0.31613067
263061,0.685094
263077,0.46368912
263087,0.3336748
263105,0.47657833
263116,0.6458598
263120,0.15345311
263127,0.9223493
263137,0.5752109
263166,0.22318889
263175,0.3219075
263184,0.43046424
263185,0.5261236
263205,0.3717813
263208,0.23231757
263210,0.74149674
263220,0.15929231
263224,0.6251167
263228,0.2990859
263240,0.15155566
263243,0.61176306
263288,0.2248429
263290,0.5300715
263306,0.08117973
263312,0.1656946
263319,0.2357542
263326,0.09723964
263331,0.3948945
263339,0.7359937
263347,0.20230487
263353,0.31128687
263355,0.44518247
263368,0.6418597
263408,0.3706349
263414,0.25828636
263421,0.38298392
263440,0.1525461
263458,0.20574836
263460,0.5140137
263475,0.3529384
263477,0.39687568
263479,0.39671782
263489,0.69359994
263492,0.71372706
263493,0.3684858
263498,0.21029238
263510,0.34549683
263513,0.4416447
263514,0.20593084
263517,0.66563004
263518,0.21484171
263548,0.31617552
263561,0.44120464
263564,0.2864732
263565,0.43429768
263576,0.06558995
263580,0.67231894
263582,0.22602898
263584,0.14624049
263593,0.82903063
263594,0.41212893
263598,0.30093184
263602,0.3490553
263611,0.11315298
263640,0.71663946
263642,0.22541769
263643,0.57890487
263646,0.40802908
263658,0.42819792
263664,0.06702154
263683,0.07806167
263703,0.43366054
263705,0.49440238
263709,0.068790756
263715,0.10420787
263728,0.5203141
263732,0.37168834
263735,0.49504402
263748,0.5250608
263750,0.08167758
263751,0.63251245
263759,0.29370016
263763,0.09448266
263765,0.09753748
263780,0.20896827
263783,0.38296336
263786,0.49543878
263794,0.4175092
263799,0.14663285
263802,0.52763504
263803,0.41166043
263820,0.5104974
263846,0.6217919
263857,0.086401194
263858,0.15279146
263860,0.6134165
263864,0.43338844
263870,0.09682793
263879,0.29680282
263881,0.39683658
263882,0.19337973
263895,0.3665408
263909,0.7762608
263918,0.45791253
263940,0.29405546
263945,0.08134026
263946,0.4356423
263947,0.43498895
263948,0.31664646
263962,0.66428536
263972,0.61266804
263974,0.12483339
263981,0.15817219
263984,0.4088045
263992,0.870695
264001,0.11049242
264007,0.5304191
264010,0.060878646
264011,0.83734506
264015,0.08066583
264023,0.49801493
264030,0.27704644
264033,0.117793426
264037,0.1238948
264043,0.18178834
264044,0.1564487
264045,0.81394017
264050,0.12255117
264055,0.4843147
264059,0.078680225
264060,0.6864474
264062,0.44190493
264069,0.28716162
264077,0.32752457
264078,0.25918433
264087,0.15782525
264094,0.67107815
264095,0.65054184
264112,0.4864682
264113,0.5156903
264131,0.2220413
264145,0.30664822
264148,0.28248817
264157,0.7057945
264161,0.21358919
264173,0.69081867
264188,0.16856536
264195,0.49004173
264198,0.68781
264199,0.14129569
264207,0.33582842
264209,0.23960805
264226,0.063629225
264227,0.60368425
264243,0.5505293
264246,0.8680786
264252,0.08279158
264254,0.4137881
264259,0.47961217
264274,0.2214529
264280,0.8157695
264285,0.11216475
264299,0.3759785
264331,0.11636723
264334,0.16909188
264338,0.337142
264341,0.091755874
264344,0.5942173
264347,0.88861114
264350,0.37386698
264360,0.06546235
264365,0.31378978
264367,0.2002821
264378,0.51658857
264381,0.656673
264397,0.2392854
264401,0.6361578
264405,0.18936627
264417,0.5362641
264422,0.40999898
264423,0.69145805
264424,0.09905534
264436,0.8093331
264441,0.22712517
264451,0.19905277
264453,0.39505196
264457,0.21090475
264460,0.21209401
264464,0.45041722
264469,0.66498977
264485,0.2037888
264491,0.41239423
264505,0.33420244
264535,0.58728653
264538,0.44271794
264541,0.16485515
264544,0.25384092
264545,0.44166237
264549,0.6206485
264557,0.59011537
264563,0.48511776
264569,0.05913834
264574,0.5930133
264587,0.33328223
264608,0.34764186
264610,0.71259314
264621,0.27790707
264627,0.22000824
264642,0.55337113
264644,0.06508824
264655,0.260652
264660,0.44702375
264667,0.25782782
264691,0.51843774
264694,0.732173
264695,0.064712256
264700,0.18006086
264709,0.10732833
264712,0.4619422
264714,0.24668418
264722,0.2800278
264728,0.15241009
264742,0.4320923
264744,0.31552437
264748,0.35651317
264760,0.3990248
264763,0.6665393
264771,0.22676557
264773,0.12038388
264782,0.7241667
264786,0.5668141
264787,0.1908503
264809,0.2856031
264811,0.14872374
264822,0.2505755
264823,0.67211443
264831,0.2574728
264834,0.63691014
264841,0.1863678
264848,0.5556854
264849,0.6288102
264863,0.9024509
264867,0.10039254
264874,0.59385383
264875,0.10033538
264877,0.37605724
264897,0.7070695
264900,0.69438636
264906,0.12184431
264909,0.57230705
264913,0.10003155
264922,0.34946376
264924,0.3130033
264927,0.6358784
264935,0.29621163
264938,0.8999953
264968,0.16450842
264975,0.4984603
264979,0.14657484
264989,0.33517358
265001,0.63537997
265009,0.67706424
265014,0.43102014
265016,0.2741236
265027,0.71649337
265049,0.32306334
265061,0.7853959
265062,0.17408852
265068,0.111811265
265072,0.5744086
265100,0.26262394
265105,0.14027663
265106,0.3343853
265110,0.1749527
265123,0.28914684
265126,0.81372285
265131,0.5858361
265134,0.3339272
265144,0.2629957
265146,0.71249884
265154,0.4294898
265164,0.56397444
265170,0.35176048
265172,0.16542807
265173,0.16837679
265178,0.4588192
265187,0.55379
265191,0.40864685
265194,0.806479
265216,0.25030643
265228,0.18617016
265231,0.15685776
265232,0.10733015
265233,0.24013074
265242,0.50905395
265243,0.17032218
265246,0.23438816
265259,0.57838404
265265,0.81783295
265266,0.3367117
265268,0.7461985
265280,0.14669168
265287,0.0726817
265297,0.40072304
265298,0.71689624
265300,0.22608092
265301,0.54125327
265305,0.7889768
265307,0.24766096
265314,0.20801002
265320,0.1466264
265331,0.5930189
265333,0.4941079
265336,0.19454823
265337,0.6279129
265344,0.24179435
265346,0.047471497
265371,0.24859543
265380,0.35640612
265386,0.16518106
265389,0.4354188
265409,0.6828444
265414,0.47679275
265415,0.2685978
265419,0.123647146
265422,0.34421417
265457,0.3816437
265461,0.52524954
265463,0.67759186
265468,0.6773706
265474,0.575112
265478,0.16519038
265480,0.87414134
265488,0.4421541
265493,0.23713106
265510,0.5776813
265519,0.593599
265521,0.5943338
265529,0.32732907
265533,0.6994835
265577,0.3108438
265591,0.4701849
265596,0.7237727
265607,0.2506685
265618,0.51348174
265619,0.28698587
265620,0.18581799
265628,0.32500565
265661,0.22887744
265669,0.2308836
265680,0.5725128
265707,0.57380074
265714,0.2437598
265716,0.097765125
265717,0.6339673
265718,0.3720579
265723,0.6209837
265730,0.35132155
265732,0.19842103
265744,0.70074594
265751,0.50420755
265760,0.7385219
265777,0.40077886
265783,0.47407472
265791,0.446218
265792,0.25130177
265797,0.46522027
265798,0.17267144
265806,0.19204949
265815,0.2789358
265816,0.6716415
265821,0.26656336
265833,0.08757685
265854,0.390323
265856,0.36566335
265858,0.33166116
265862,0.69148576
265863,0.34062728
265879,0.52284986
265881,0.19657287
265894,0.4405688
265895,0.9142553
265896,0.4049114
265898,0.22223094
265900,0.47848994
265907,0.15465447
265910,0.537373
265917,0.454519
265941,0.5147365
265955,0.29731017
265957,0.5137009
265961,0.25158152
265966,0.15961447
265969,0.7881909
265974,0.38652927
265976,0.08861295
265979,0.58217806
265985,0.31447643
265988,0.32630512
265990,0.64891106
265991,0.4376469
265993,0.26234084
265995,0.82833725
266009,0.6154269
266010,0.14341703
266014,0.7959936
266020,0.37103674
266022,0.6778544
266029,0.69333416
266045,0.24647425
266057,0.76350945
266060,0.7229844
266065,0.19437565
266071,0.18165682
266072,0.10294104
266074,0.13815428
266076,0.23440926
266089,0.4458527
266091,0.2591059
266097,0.28285098
266099,0.42314947
266106,0.6928406
266117,0.40378463
266120,0.53974026
266129,0.3166672
266132,0.32439145
266139,0.64163995
266140,0.50993174
266141,0.4178709
266146,0.7603406
266149,0.1533267
266159,0.21708918
266165,0.14735048
266171,0.7090974
266173,0.21680139
266177,0.62920964
266179,0.29244143
266186,0.16635528
266210,0.7265894
266227,0.41252515
266266,0.17668746
266291,0.3178861
266319,0.7740487
266321,0.23027413
266323,0.22743246
266329,0.23731057
266331,0.55316615
266333,0.8679838
266334,0.51955706
266338,0.26420492
266340,0.6280555
266344,0.59273773
266354,0.14464845
266359,0.4638091
266362,0.3671953
266364,0.14311832
266365,0.36928985
266379,0.34559488
266380,0.5232717
266387,0.10138889
266393,0.29339734
266396,0.18005696
266406,0.2046775
266418,0.6741662
266424,0.18964204
266440,0.502237
266442,0.21381807
266444,0.57156944
266453,0.66640675
266455,0.16111584
266461,0.1786701
266462,0.09971955
266465,0.2429718
266466,0.598834
266468,0.89886576
266471,0.70964444
266479,0.22488716
266499,0.7109919
266536,0.75465214
266543,0.41378888
266544,0.4266764
266556,0.5917738
266561,0.15242983
266573,0.29150704
266578,0.56699175
266590,0.5921913
266596,0.2503895
266624,0.76061684
266629,0.27198255
266635,0.10406476
266644,0.052997205
266650,0.2022963
266659,0.4616382
266666,0.31954885
266668,0.3249172
266674,0.6622074
266680,0.32863715
266686,0.48284894
266714,0.40545854
266730,0.27593383
266734,0.6462674
266740,0.81568253
266745,0.19188704
266749,0.37334546
266750,0.16793628
266751,0.31280038
266752,0.54782134
266753,0.28639647
266759,0.6096994
266763,0.18177839
266766,0.17102958
266783,0.46921128
266805,0.14043228
266812,0.06376051
266813,0.6975293
266816,0.35611796
266819,0.46629333
266820,0.83287245
266833,0.27572507
266842,0.4078572
266847,0.46952885
266848,0.18588355
266865,0.73812026
266867,0.61300516
266874,0.3971762
266885,0.36627483
266888,0.105171576
266890,0.6305626
266932,0.37940446
266941,0.552735
266942,0.34395397
266948,0.08863731
266959,0.06860573
266977,0.17271282
266983,0.25644538
266984,0.6336514
266999,0.7836739
267000,0.56606466
267023,0.6618696
267031,0.4861544
267035,0.19159943
267046,0.36332956
267050,0.3211856
267058,0.37187466
267070,0.43705335
267079,0.41031244
267080,0.32552582
267093,0.3644888
267094,0.42057073
267102,0.2425528
267107,0.17194034
267108,0.31413734
267113,0.23514596
267127,0.3131539
267136,0.37519598
267143,0.16010095
267155,0.6921959
267180,0.1338067
267182,0.16361722
267184,0.20268857
267192,0.43591177
267195,0.70891804
267220,0.28531402
267228,0.15433319
267237,0.3825998
267241,0.4761091
267242,0.84339327
267247,0.43313274
267259,0.5900612
267260,0.6188471
267265,0.41182798
267269,0.6957405
267272,0.489056
267275,0.09146368
267282,0.6237492
267284,0.9020098
267294,0.36754954
267298,0.31396413
267304,0.7537831
267316,0.5690209
267324,0.22245724
267327,0.22215365
267333,0.18982433
267338,0.2146362
267341,0.35083124
267342,0.4550237
267344,0.52514744
267345,0.7318684
267347,0.0620011
267361,0.65038306
267374,0.27214816
267379,0.12701924
267380,0.18539265
267382,0.37143743
267394,0.24037047
267403,0.4697777
267405,0.67740834
267412,0.24513489
267421,0.8144092
267437,0.33586755
267438,0.26916775
267443,0.08179704
267446,0.46063027
267460,0.68045753
267466,0.7858201
267469,0.14633529
267474,0.34469646
267488,0.20946953
267490,0.20313898
267496,0.64319736
267499,0.3746924
267501,0.51235574
267518,0.2867406
267522,0.7734925
267524,0.28355622
267532,0.3783065
267535,0.5394095
267547,0.2635514
267550,0.16290744
267559,0.50313014
267581,0.21791793
267586,0.39129016
267588,0.57695186
267592,0.3656496
267597,0.2769948
267600,0.119909436
267608,0.18180043
267620,0.31944743
267625,0.5414746
267628,0.45862615
267633,0.3050773
267639,0.3283339
267649,0.26776212
267659,0.5882508
267662,0.5072444
267671,0.4706061
267672,0.106439084
267677,0.28310788
267679,0.5261087
267682,0.2725073
267687,0.48858473
267689,0.08208025
267690,0.20981885
267707,0.6417721
267709,0.1188858
267716,0.10422601
267738,0.1641615
267744,0.54999596
267752,0.21602762
267754,0.7480444
267755,0.82193387
267757,0.28391424
267758,0.36411867
267767,0.7603294
267771,0.12020975
267808,0.5172676
267815,0.7233032
267833,0.65434533
267841,0.41096887
267843,0.39050728
267847,0.34158552
267857,0.0361118
267869,0.45519912
267881,0.8581169
267887,0.29893968
267890,0.15138514
267892,0.78363013
267895,0.55792105
267899,0.33477885
267906,0.22105399
267912,0.39795357
267917,0.6218862
267927,0.11662167
267930,0.16508737
267934,0.4269056
267950,0.21991234
267965,0.46052042
267966,0.10999733
267976,0.18351936
267998,0.2041662
267999,0.22508663
268012,0.28231922
268013,0.45719507
268014,0.2141761
268020,0.27513185
268028,0.6308085
268032,0.2475776
268039,0.2954445
268041,0.41903865
268046,0.1729871
268059,0.48248485
268064,0.54027265
268066,0.3355676
268073,0.7178112
268077,0.19070269
268085,0.0814725
268090,0.549127
268109,0.6873294
268139,0.47129726
268151,0.54105616
268153,0.3411529
268155,0.7384888
268163,0.17142351
268166,0.07547547
268185,0.080767274
268189,0.24946123
268190,0.19982272
268192,0.4770465
268211,0.6566533
268213,0.35902324
268214,0.14096217
268220,0.35259923
268225,0.36672607
268227,0.59530616
268230,0.23755799
268247,0.74796563
268250,0.46723905
268268,0.48387903
268269,0.25033018
268271,0.6633152
268274,0.69210875
268280,0.6087835
268291,0.6128232
268299,0.21220595
268301,0.39009893
268306,0.2283455
268307,0.39220795
268310,0.17959152
268317,0.69386417
268328,0.23522602
268329,0.041996777
268337,0.40465674
268338,0.20531763
268357,0.09648513
268363,0.3277504
268373,0.07221165
268380,0.34795207
268386,0.4809269
268394,0.10438668
268407,0.16284645
268411,0.5692254
268417,0.21460985
268421,0.7252955
268422,0.6098724
268426,0.55870587
268427,0.6358578
268439,0.6975654
268445,0.24365449
268446,0.26349053
268459,0.47802597
268465,0.66613287
268466,0.24072805
268495,0.19588815
268497,0.30044162
268504,0.6109036
268508,0.41018572
268513,0.7421382
268525,0.18851276
268545,0.29644388
268546,0.15155382
268550,0.19325083
268568,0.09271016
268570,0.72348565
268590,0.15996276
268591,0.5831496
268602,0.43591514
268609,0.19354677
268616,0.15758143
268623,0.5306901
268645,0.7771594
268652,0.71935076
268668,0.47029063
268685,0.09658161
268707,0.12961775
268711,0.6434457
268714,0.10305925
268736,0.2768545
268746,0.80689377
268747,0.073584944
268749,0.51610786
268760,0.65759426
268761,0.056016147
268764,0.774482
268781,0.123861395
268790,0.5409521
268799,0.14778405
268809,0.43830872
268814,0.43850273
268817,0.12391791
268822,0.041279167
268827,0.51038605
268828,0.39979982
268829,0.5348683
268845,0.4145386
268853,0.10581618
268859,0.13298136
268900,0.07093293
268911,0.27235535
268913,0.78788424
268917,0.6342445
268930,0.35316446
268934,0.16398352
268935,0.6197921
268938,0.3475475
268948,0.12946694
268950,0.47087848
268958,0.11445576
268975,0.26559612
268982,0.28983548
268983,0.47690466
268997,0.23887599
269009,0.33643878
269012,0.27781847
269017,0.6101195
269031,0.45255145
269038,0.73870313
269041,0.6282599
269045,0.6235705
269050,0.14286102
269056,0.15137859
269058,0.43745956
269060,0.27901644
269067,0.66553444
269082,0.42423558
269098,0.6984456
269105,0.24961287
269117,0.7197141
269123,0.58397204
269128,0.30745873
269143,0.35965347
269149,0.5248179
269162,0.7169912
269168,0.4548021
269172,0.8210017
269175,0.75194687
269189,0.35382965
269194,0.18157145
269197,0.24218902
269204,0.56296873
269211,0.19194467
269217,0.7145605
269222,0.44926387
269227,0.27707443
269228,0.39532596
269232,0.3350544
269250,0.67541105
269251,0.1748109
269257,0.70626634
269262,0.07246201
269263,0.60661745
269267,0.25781748
269275,0.486318
269276,0.3431132
269279,0.22324337
269293,0.84005857
269300,0.6453945
269305,0.42187804
269309,0.49596563
269317,0.5871856
269352,0.774102
269377,0.60819423
269378,0.18103169
269389,0.36772662
269392,0.34023875
269394,0.27831817
269402,0.8002673
269408,0.13242671
269410,0.21335003
269417,0.13859248
269421,0.6657392
269462,0.5993098
269481,0.26312616
269488,0.6908046
269489,0.2774474
269491,0.43585452
269495,0.2338253
269503,0.04012692
269510,0.6759812
269515,0.71715426
269522,0.1508611
269523,0.42133906
269536,0.1538767
269537,0.43661776
269549,0.07429716
269571,0.7300169
269576,0.20164756
269587,0.5707903
269595,0.30186534
269601,0.30479088
269610,0.9331276
269618,0.23008499
269620,0.53043425
269623,0.10657346
269637,0.1905385
269642,0.120709926
269652,0.2982458
269655,0.21878652
269661,0.6970396
269663,0.48230463
269665,0.15554567
269666,0.6451233
269667,0.13157655
269673,0.5119102
269693,0.28085008
269701,0.36891377
269702,0.25951585
269704,0.67851704
269718,0.20536503
269727,0.11177166
269732,0.19034165
269736,0.29129001
269738,0.28913713
269741,0.18466249
269744,0.21767226
269749,0.65851533
269750,0.2971012
269758,0.44060704
269775,0.47774675
269776,0.5549355
269777,0.5094709
269789,0.055094834
269794,0.267196
269797,0.52665246
269807,0.86072105
269813,0.2533322
269844,0.24400617
269848,0.33401397
269871,0.15171352
269877,0.13105145
269878,0.2875298
269887,0.3774029
269904,0.45432925
269913,0.84132683
269938,0.53963643
269941,0.6334476
269953,0.5170794
269954,0.22709294
269955,0.45973516
269958,0.56363416
269960,0.30907023
269966,0.39475095
269975,0.5284268
269978,0.2998236
269989,0.56173974
269993,0.21724525
269998,0.12436995
270001,0.40251988
270020,0.34799737
270023,0.45804626
270028,0.38228932
270048,0.27446887
270061,0.31634545
270062,0.4287638
270096,0.77998996
270108,0.24132648
270118,0.27800584
270120,0.49190572
270122,0.2515845
270127,0.4429048
270131,0.4520911
270142,0.08635131
270146,0.113
270148,0.36565652
270152,0.12894975
270165,0.13255176
270170,0.13631922
270188,0.08719741
270204,0.48455498
270235,0.3301262
270243,0.7746253
270254,0.36090356
270265,0.24120982
270270,0.59870696
270287,0.26560757
270295,0.2865697
270296,0.08713696
270302,0.2795424
270304,0.7538339
270307,0.1871671
270310,0.53366196
270317,0.22850005
270324,0.548651
270326,0.35583368
270337,0.12010628
270363,0.43202388
270371,0.09395617
270373,0.25811362
270375,0.12037627
270376,0.25787076
270379,0.12438662
270383,0.742208
270390,0.22486827
270393,0.35566807
270402,0.18852022
270410,0.5585152
270411,0.30743226
270412,0.58434355
270415,0.20589672
270417,0.7640592
270436,0.72756684
270440,0.1186093
270449,0.31193447
270450,0.74228305
270457,0.61451757
270460,0.20599619
270461,0.11799996
270467,0.14725445
270473,0.5108125
270486,0.6169328
270488,0.24044457
270513,0.4917376
270518,0.6916601
270522,0.25118843
270526,0.19014677
270532,0.13608125
270545,0.69013906
270548,0.6631605
270550,0.06989399
270562,0.7585104
270564,0.25623906
270571,0.2181106
270572,0.6065168
270574,0.25712007
270575,0.5844753
270579,0.23007974
270612,0.7988297
270613,0.8140386
270622,0.06464625
270636,0.19891243
270643,0.122529246
270644,0.08165192
270645,0.14338848
270658,0.5776623
270661,0.1508132
270665,0.34433106
270676,0.6054377
270685,0.34678996
270695,0.37420282
270712,0.2972711
270719,0.33296224
270740,0.26199475
270753,0.2107693
270756,0.33500975
270759,0.6733069
270760,0.10288441
270764,0.36016083
270767,0.12364767
270778,0.037321053
270782,0.5432448
270794,0.585746
270795,0.8500238
270799,0.30102122
270807,0.36424735
270821,0.22631006
270826,0.276911
270829,0.29795337
270831,0.30429447
270843,0.25609913
270844,0.65120906
270847,0.28679195
270854,0.08977228
270856,0.67935604
270861,0.14544971
270862,0.43649024
270864,0.5027089
270881,0.31806943
270883,0.6399449
270885,0.83490014
270888,0.27703488
270894,0.038435966
270906,0.4126655
270914,0.2181077
270919,0.48102453
270935,0.34207347
270945,0.6589916
270957,0.60447633
270966,0.28358406
270970,0.5871474
270971,0.54714745
270976,0.22869132
270977,0.82822
270978,0.17645565
270979,0.29794112
270982,0.3284987
270987,0.7104036
270989,0.50103784
270991,0.3814073
270992,0.04892585
270993,0.2312095
270997,0.8014509
271010,0.73447
271025,0.19565476
271037,0.32699585
271038,0.18570009
271054,0.19550014
271056,0.59664625
271065,0.31381837
271070,0.27406758
271095,0.07212795
271099,0.10574769
271102,0.123000264
271103,0.4749176
271105,0.7493182
271106,0.40082744
271117,0.34411272
271134,0.7054118
271135,0.5908943
271137,0.55318457
271145,0.619169
271149,0.5711763
271195,0.14021969
271199,0.6937699
271200,0.7815736
271220,0.33560663
271233,0.56391394
271234,0.65866464
271236,0.5213948
271248,0.09679499
271250,0.7415344
271251,0.29116353
271255,0.30713892
271261,0.34338477
271269,0.26930058
271276,0.2636589
271296,0.73403
271304,0.66972697
271314,0.09076384
271318,0.14977735
271322,0.13930823
271325,0.2662836
271354,0.5125855
271355,0.18014379
271359,0.25048417
271361,0.05965986
271363,0.8706672
271367,0.4786625
271368,0.1744497
271369,0.15452436
271393,0.7689326
271409,0.49986294
271415,0.17650333
271418,0.6586105
271429,0.48163933
271431,0.22489004
271432,0.7248702
271442,0.64112914
271446,0.5493601
271448,0.36746153
271450,0.8170744
271452,0.1851328
271460,0.31994182
271461,0.7588367
271472,0.32135588
271496,0.41007823
271515,0.31331304
271527,0.38891202
271537,0.36633235
271544,0.43925056
271562,0.45827818
271565,0.23320578
271566,0.58333063
271567,0.4443181
271570,0.7160552
271576,0.193613
271582,0.6045497
271586,0.45842242
271593,0.4220707
271598,0.2611938
271606,0.31961504
271607,0.2623455
271616,0.63276297
271617,0.35091192
271624,0.35689154
271638,0.3290811
271652,0.21217409
271657,0.2433291
271662,0.2809513
271665,0.1358893
271667,0.17894347
271670,0.34980577
271675,0.452855
271679,0.566237
271682,0.50689316
271696,0.45683447
271699,0.13111863
271733,0.20983972
271739,0.24391025
271746,0.122953214
271753,0.48685664
271756,0.5200287
271762,0.41736045
271777,0.24577127
271781,0.20590161
271785,0.19219458
271786,0.24231212
271790,0.18266118
271801,0.43946275
271806,0.3309583
271807,0.64440346
271810,0.49820864
271811,0.21625024
271815,0.5143118
271847,0.108125255
271875,0.19526133
271878,0.6847484
271880,0.55735016
271883,0.40999255
271911,0.52848643
271912,0.3344708
271914,0.6934
271922,0.30982968
271933,0.21040823
271945,0.37905136
271952,0.11228482
271954,0.2801924
271961,0.358321
271967,0.2294391
271969,0.1888099
271980,0.46620098
271989,0.2998229
271991,0.47416347
272000,0.17964022
272004,0.6764238
272010,0.4566479
272013,0.7200589
272029,0.65670127
272030,0.32091972
272031,0.28105268
272035,0.13564011
272040,0.82765794
272043,0.22124699
272055,0.5401487
272068,0.19825187
272075,0.688973
272081,0.134877
272090,0.18931486
272104,0.13921653
272116,0.20645176
272121,0.09865176
272129,0.375729
272143,0.23920071
272146,0.41940305
272148,0.8255385
272152,0.64836526
272167,0.24130563
272180,0.3015418
272192,0.25094774
272201,0.23038097
272205,0.40825784
272209,0.60345393
272211,0.29496965
272228,0.2769042
272233,0.72973365
272235,0.55663055
272249,0.7699343
272267,0.43616638
272270,0.16135916
272276,0.24501546
272302,0.6168818
272303,0.12659247
272308,0.46972466
272309,0.6468463
272311,0.2456217
272313,0.111258075
272353,0.4190473
272366,0.29355597
272367,0.41315588
272371,0.35801774
272381,0.19333002
272404,0.5133755
272405,0.29786175
272418,0.44300672
272419,0.18059753
272425,0.31676093
272438,0.46106443
272444,0.32617006
272445,0.4224019
272462,0.1244543
272474,0.09884984
272478,0.50186294
272479,0.67966914
272480,0.36353722
272482,0.29361525
272511,0.714571
272512,0.09839959
272516,0.13083135
272517,0.24313357
272522,0.32818642
272537,0.38447806
272555,0.24217413
272564,0.7637988
272566,0.2312988
272573,0.12886746
272575,0.12972775
272583,0.25909394
272593,0.4230903
272627,0.42426893
272628,0.59235656
272630,0.124428116
272632,0.18170919
272635,0.85298216
272636,0.40482673
272661,0.2401119
272669,0.34426597
272672,0.2004244
272681,0.6901894
272682,0.57651585
272691,0.23084736
272697,0.19900541
272706,0.49488813
272708,0.28652737
272717,0.3884655
272722,0.11272402
272723,0.080100514
272737,0.09828838
272744,0.066973835
272752,0.79685694
272757,0.19691405
272760,0.15907276
272763,0.120461896
272768,0.2710194
272779,0.09960959
272781,0.712823
272787,0.5704878
272795,0.5693362
272799,0.30952647
272820,0.53622496
272821,0.22676174
272829,0.46475652
272852,0.32563818
272863,0.59735036
272878,0.30005157
272886,0.07063376
272891,0.70197093
272903,0.49279103
272914,0.0896958
272928,0.581561
272937,0.49619305
272938,0.35240164
272944,0.53546727
272965,0.6563058
272967,0.4390085
272969,0.5036792
272983,0.55763125
272998,0.576644
273002,0.5078396
273005,0.16811337
273010,0.28411824
273011,0.39590824
273017,0.32696915
273021,0.66690207
273023,0.40523264
273027,0.4565403
273035,0.1283401
273047,0.7051389
273053,0.10827267
273060,0.8144278
273062,0.24004316
273074,0.57502836
273078,0.19338955
273079,0.2404008
273087,0.5642821
273107,0.22226024
273109,0.08277026
273112,0.21001813
273113,0.4541475
273117,0.36190853
273121,0.707674
273137,0.3760004
273156,0.1865042
273157,0.5836295
273177,0.5277755
273192,0.14340077
273193,0.1267331
273194,0.16754228
273198,0.56796783
273199,0.20427996
273206,0.27054754
273213,0.3813923
273235,0.27272677
273244,0.40264878
273247,0.6018314
273248,0.8329557
273254,0.25486356
273259,0.23662473
273270,0.15508339
273272,0.45538852
273287,0.19931231
273289,0.42855492
273294,0.08525575
273301,0.4240755
273304,0.45096368
273313,0.39218596
273314,0.5428126
273333,0.41668925
273336,0.8187208
273343,0.13568057
273353,0.3261379
273359,0.19177015
273371,0.1967856
273402,0.50563127
273415,0.112304196
273420,0.84618044
273424,0.28168565
273428,0.21737614
273429,0.21073766
273443,0.73999935
273457,0.2224942
273458,0.15727176
273467,0.47365874
273477,0.21882862
273482,0.40195146
273495,0.1683379
273496,0.0984478
273503,0.5271203
273507,0.39959127
273508,0.5866618
273510,0.30713478
273524,0.4184632
273552,0.12333843
273556,0.36327437
273566,0.32385048
273579,0.38558182
273584,0.43073583
273595,0.4640661
273606,0.2905721
273623,0.37223464
273625,0.3916574
273638,0.67803323
273660,0.13872413
273664,0.39657465
273683,0.3329397
273686,0.295179
273687,0.5372385
273699,0.5570363
273700,0.76196164
273719,0.19807728
273721,0.6370517
273728,0.31272984
273764,0.14060342
273770,0.22785506
273774,0.5628647
273792,0.56679815
273806,0.038131982
273807,0.584955
273818,0.20337704
273823,0.5553473
273835,0.8539588
273856,0.33585566
273861,0.21742374
273863,0.21562013
273864,0.556667
273874,0.7151009
273879,0.56617945
273892,0.61218864
273895,0.6176114
273899,0.17669314
273900,0.58152497
273912,0.20880209
273921,0.12794481
273941,0.3004004
273946,0.25748503
273954,0.53615713
273956,0.23965304
273962,0.46326673
273968,0.30525717
273985,0.53028095
274000,0.73806995
274003,0.22027168
274004,0.32928315
274006,0.1751895
274019,0.84310806
274022,0.8161614
274023,0.5492713
274034,0.48310065
274043,0.24910551
274052,0.5309787
274054,0.85124046
274058,0.6962578
274063,0.47350645
274070,0.23986393
274072,0.37814325
274081,0.2983418
274108,0.5775001
274118,0.6760858
274125,0.24244784
274129,0.22173047
274140,0.38160998
274142,0.276419
274146,0.27867588
274147,0.57463753
274155,0.060504574
274163,0.535493
274165,0.11529597
274174,0.18848076
274182,0.6607264
274186,0.38575158
274188,0.2829749
274193,0.38181546
274198,0.61941934
274216,0.1484026
274219,0.09965602
274225,0.7660824
274229,0.22920892
274248,0.26294732
274268,0.23823866
274274,0.08399463
274286,0.20384789
274289,0.49500528
274297,0.33358154
274302,0.2367506
274326,0.44380623
274346,0.46852237
274348,0.40664122
274349,0.29969895
274350,0.17673612
274353,0.23949961
274359,0.69201106
274364,0.15862015
274368,0.1949282
274373,0.27396455
274378,0.5807761
274389,0.06762784
274390,0.24405722
274391,0.05343054
274392,0.41158828
274396,0.6984592
274408,0.5583793
274409,0.5324554
274424,0.6016618
274453,0.6795555
274460,0.15984412
274465,0.38798264
274468,0.16278405
274481,0.7932261
274482,0.09167283
274484,0.43070483
274490,0.6981374
274509,0.23957033
274511,0.19498292
274515,0.53894216
274521,0.376095
274523,0.5132087
274525,0.51210254
274539,0.29622123
274541,0.37798882
274574,0.63415253
274585,0.1851713
274587,0.70982164
274594,0.4284419
274600,0.5912891
274605,0.3041194
274611,0.1685053
274619,0.54658383
274641,0.36699137
274666,0.70813906
274688,0.5556897
274690,0.60908496
274699,0.59775025
274703,0.298483
274715,0.09417516
274717,0.30045187
274760,0.35751247
274774,0.57136786
274791,0.6775443
274801,0.16814227
274804,0.49126515
274808,0.73354584
274813,0.17830142
274815,0.64204097
274818,0.18022414
274820,0.17679025
274829,0.45259356
274847,0.75711125
274865,0.29884723
274870,0.3582274
274881,0.68781286
274890,0.5932084
274894,0.3525459
274902,0.2306417
274905,0.5237276
274911,0.3037541
274912,0.62659526
274914,0.15664533
274927,0.236363
274931,0.21400498
274944,0.7329533
274951,0.62032026
274953,0.49506003
274954,0.24564555
274961,0.2527776
274965,0.7076435
274972,0.4685471
274978,0.19944489
274984,0.1768537
274993,0.30541348
274996,0.1914541
275043,0.046734456
275048,0.27935964
275052,0.4597852
275059,0.26027817
275060,0.18435746
275071,0.3264392
275077,0.54091513
275078,0.5719346
275091,0.234027
275098,0.6391899
275111,0.57182115
275120,0.741113
275121,0.6743725
275125,0.298472
275129,0.253841
275139,0.2494472
275150,0.3477814
275153,0.45340538
275166,0.67816496
275185,0.6480654
275199,0.7763606
275201,0.13790967
275203,0.35837916
275216,0.47985214
275225,0.73781663
275226,0.4391246
275232,0.48023617
275254,0.26653135
275256,0.9253054
275272,0.6010258
275278,0.14845209
275280,0.37239662
275286,0.37755358
275288,0.21886685
275299,0.0603028
275306,0.6216275
275313,0.15876794
275314,0.38274407
275319,0.70591635
275324,0.44772846
275330,0.3064507
275334,0.3320416
275335,0.716767
275337,0.47867352
275339,0.68009686
275351,0.41539422
275352,0.57642984
275367,0.33293802
275384,0.1898578
275392,0.15156792
275393,0.48464724
275408,0.6339594
275411,0.42149866
275413,0.7249394
275415,0.15502337
275416,0.48229322
275422,0.22165924
275424,0.41062635
275438,0.30300403
275440,0.5148251
275468,0.24998665
275469,0.35847992
275473,0.7833254
275482,0.46308154
275488,0.121085055
275502,0.59247977
275503,0.24321552
275511,0.4972496
275518,0.25277802
275520,0.15542775
275524,0.21460116
275531,0.5379898
275537,0.36277232
275558,0.26747185
275574,0.35193008
275576,0.5808267
275583,0.07861343
275588,0.6236304
275605,0.8091354
275612,0.61462545
275627,0.50954074
275633,0.16011366
275646,0.30030927
275647,0.6300184
275653,0.7572392
275661,0.51075244
275683,0.37207732
275688,0.3040145
275691,0.46322367
275713,0.653855
275731,0.114835285
275735,0.76873624
275739,0.054321334
275761,0.5664451
275762,0.3701648
275767,0.31683022
275768,0.7147134
275769,0.7309729
275774,0.24510133
275776,0.19518504
275783,0.16496858
275800,0.23921785
275805,0.58421326
275836,0.0764202
275842,0.3998487
275855,0.7927474
275860,0.22430806
275870,0.62783206
275884,0.5806058
275897,0.36557415
275899,0.18367507
275900,0.40431634
275906,0.5249377
275912,0.29926786
275922,0.6761489
275929,0.7559546
275931,0.49472952
275932,0.22949441
275936,0.68640274
275937,0.1960017
275947,0.5642745
275949,0.73869926
275954,0.7653137
275958,0.2568239
275966,0.8144402
275967,0.18543899
275970,0.7457192
275989,0.5826503
275993,0.49574405
275995,0.2881285
275998,0.31569907
276007,0.32307702
276011,0.44627553
276029,0.5579996
276047,0.12066967
276048,0.34721515
276050,0.43027154
276054,0.41671893
276056,0.21989031
276057,0.58009934
276060,0.18910126
276084,0.094465785
276089,0.24005085
276118,0.20261209
276121,0.67423606
276122,0.7062577
276130,0.24576701
276134,0.6111094
276135,0.18059899
276142,0.78171027
276164,0.18046334
276195,0.73883957
276210,0.5815451
276235,0.32582211
276238,0.22391877
276242,0.17713758
276244,0.5528324
276247,0.30822062
276263,0.65775275
276306,0.67351675
276309,0.18256927
276319,0.5684273
276334,0.6461785
276338,0.104125224
276343,0.12609318
276344,0.32475787
276345,0.18905477
276348,0.21808867
276359,0.21350609
276363,0.586781
276365,0.48024386
276366,0.52848405
276373,0.33252963
276378,0.59654135
276386,0.4707087
276405,0.2921322
276419,0.14501894
276422,0.23586422
276430,0.4431104
276437,0.4254331
276442,0.55845284
276444,0.1498381
276446,0.21104963
276455,0.6586378
276470,0.18121415
276472,0.2339259
276475,0.74504215
276479,0.25152457
276484,0.20557639
276487,0.5792266
276488,0.7721757
276495,0.57415676
276497,0.7500826
276508,0.7382663
276509,0.49828014
276516,0.27753466
276521,0.114747755
276525,0.5272883
276550,0.19657452
276560,0.24017309
276569,0.18048272
276584,0.19997936
276603,0.15675062
276615,0.03269747
276617,0.115779474
276622,0.078502014
276625,0.1533231
276629,0.27221766
276642,0.17783634
276664,0.20344897
276674,0.08660843
276675,0.8948849
276678,0.55985236
276692,0.26012412
276693,0.31698093
276697,0.22912112
276703,0.52535725
276705,0.38008383
276717,0.39165273
276728,0.43363816
276744,0.44092894
276762,0.53416735
276764,0.20171887
276781,0.38629135
276793,0.41082728
276798,0.45560348
276800,0.2969169
276805,0.14607239
276824,0.30238056
276826,0.15855452
276848,0.58424
276854,0.66973746
276862,0.79348904
276865,0.44732133
276869,0.47331354
276880,0.07633175
276882,0.4443958
276886,0.25906843
276889,0.5810395
276892,0.57002497
276903,0.07304163
276906,0.45814022
276936,0.21381484
276945,0.10175434
276956,0.21032426
276958,0.13889728
276963,0.111141115
276966,0.11766871
276987,0.24585183
276993,0.5378616
276994,0.15542294
277004,0.44612637
277015,0.14574638
277021,0.7470302
277024,0.1930898
277032,0.19985372
277054,0.7184477
277055,0.41394436
277061,0.16469547
277065,0.77398914
277070,0.3830081
277079,0.6476004
277088,0.244164
277108,0.5476918
277114,0.4576025
277121,0.423646
277137,0.4558806
277148,0.5129692
277158,0.6146519
277162,0.47854114
277165,0.7883032
277167,0.17800687
277170,0.28236195
277172,0.2586704
277177,0.37783867
277179,0.5344856
277182,0.31882885
277185,0.20361589
277191,0.40899304
277200,0.73039156
277211,0.13840216
277217,0.17835358
277221,0.25171998
277226,0.28066212
277227,0.58725554
277228,0.7290543
277229,0.3609863
277244,0.618842
277271,0.2366915
277274,0.59703916
277282,0.16104068
277286,0.18323043
277288,0.48856226
277290,0.07735316
277291,0.076769866
277296,0.12847501
277297,0.2480559
277320,0.3799454
277327,0.71282196
277335,0.6956099
277336,0.20168784
277338,0.55042654
277342,0.68279344
277344,0.15207802
277345,0.48016557
277349,0.17984909
277356,0.21254568
277370,0.3534704
277371,0.71772826
277379,0.4630417
277386,0.8427291
277390,0.6849814
277400,0.4677548
277401,0.64173377
277412,0.13319318
277413,0.6575275
277415,0.20456296
277417,0.71909475
277419,0.5766679
277422,0.662246
277423,0.20524934
277425,0.16548201
277432,0.2310973
277438,0.3173386
277445,0.24664398
277447,0.68613446
277456,0.14820622
277457,0.14251572
277474,0.4881591
277488,0.45399165
277494,0.3769759
277501,0.47953334
277503,0.25168297
277510,0.48032212
277516,0.7401707
277521,0.6243931
277522,0.18792526
277530,0.30832294
277531,0.77715385
277536,0.5064197
277548,0.15225394
277550,0.34599248
277554,0.35720068
277555,0.5419589
277562,0.49004507
277565,0.6457654
277566,0.14292967
277572,0.41322508
277592,0.4233208
277593,0.1558398
277610,0.6436249
277621,0.3652808
277654,0.47296822
277668,0.11035113
277673,0.057656694
277675,0.12101298
277694,0.12930927
277697,0.6392065
277699,0.23960567
277700,0.13395232
277701,0.109388486
277708,0.54710007
277710,0.1522015
277717,0.71302
277725,0.3204558
277731,0.5242293
277746,0.8230514
277753,0.30064312
277757,0.70234483
277764,0.37150472
277772,0.38478005
277775,0.63669777
277777,0.18006018
277787,0.22582331
277797,0.18186527
277798,0.6200136
277802,0.775928
277812,0.233875
277816,0.59591687
277820,0.06558422
277821,0.26191464
277822,0.6087103
277838,0.53849196
277845,0.18192415
277846,0.12475221
277854,0.65278804
277856,0.6563829
277866,0.59773475
277874,0.5499471
277893,0.72818595
277900,0.12148754
277964,0.09887323
277970,0.32918647
277976,0.31179786
277983,0.3500868
277994,0.19506897
278011,0.33752182
278025,0.8014937
278045,0.6632569
278048,0.6688638
278066,0.08149508
278088,0.20570421
278098,0.34557772
278101,0.7035484
278113,0.14624453
278114,0.39437085
278128,0.3776202
278152,0.35365567
278157,0.5718347
278168,0.70966774
278169,0.19399323
278174,0.26614654
278176,0.13825911
278181,0.6076991
278185,0.55418557
278225,0.58527184
278236,0.7074453
278242,0.19318089
278244,0.22622238
278251,0.36285728
278252,0.31247932
278272,0.3435573
278279,0.13635735
278287,0.66611415
278288,0.49409822
278309,0.41292885
278310,0.30500075
278316,0.3437071
278318,0.93002707
278320,0.2623359
278344,0.62896866
278356,0.58227193
278359,0.13007352
278361,0.37259325
278368,0.3565598
278372,0.18497583
278384,0.73562557
278388,0.20066231
278409,0.8069498
278414,0.47497025
278415,0.7754071
278416,0.27313805
278422,0.22370175
278423,0.73691106
278432,0.5977484
278436,0.6064645
278455,0.19160116
278461,0.7503971
278469,0.47860962
278482,0.68851966
278487,0.44698954
278493,0.36974308
278501,0.5423909
278508,0.7649613
278511,0.16028802
278519,0.19512945
278526,0.30309495
278530,0.45943698
278533,0.034383316
278539,0.6254297
278545,0.28171167
278556,0.42264292
278559,0.3207519
278587,0.27483955
278601,0.30984807
278603,0.5204826
278604,0.69422305
278605,0.35809866
278606,0.20667285
278613,0.32714894
278616,0.5479041
278618,0.51247764
278632,0.47910592
278633,0.28536764
278637,0.07138442
278645,0.65082014
278649,0.7819456
278653,0.60754454
278662,0.15567988
278673,0.49960703
278700,0.5184756
278703,0.461616
278704,0.5662225
278723,0.47735924
278725,0.45534447
278730,0.30524978
278750,0.3539821
278765,0.38767314
278770,0.15276541
278779,0.24959415
278787,0.2377695
278791,0.20436482
278804,0.2840739
278807,0.5287243
278810,0.2595482
278812,0.31114537
278815,0.75394726
278821,0.59308326
278825,0.1484759
278832,0.29750454
278836,0.3932512
278838,0.6402804
278840,0.50570107
278844,0.47327274
278862,0.12179975
278863,0.17920835
278871,0.39655286
278875,0.17965749
278892,0.85862654
278899,0.3489279
278903,0.5718266
278909,0.3117592
278913,0.89913774
278931,0.14755233
278932,0.488204
278933,0.46663943
278937,0.25051862
278952,0.2977502
278954,0.1447
278960,0.6250316
278967,0.46198383
278968,0.4389032
278972,0.5422423
278976,0.7100008
278982,0.47308603
278983,0.47287384
279001,0.5086884
279015,0.25218803
279018,0.46177202
279035,0.36135608
279040,0.6703516
279043,0.6938212
279046,0.27855235
279061,0.3332361
279063,0.30635375
279065,0.14051561
279068,0.11141566
279070,0.393985
279074,0.6711197
279076,0.37142938
279086,0.09180899
279095,0.28548744
279107,0.48436886
279108,0.73447084
279109,0.0318107
279110,0.4629909
279111,0.33971444
279129,0.14722079
279134,0.39117792
279137,0.30152902
279142,0.68688834
279146,0.107431024
279153,0.04317428
279157,0.35653177
279165,0.22153053
279166,0.16062108
279172,0.4967917
279173,0.4016288
279174,0.54040015
279179,0.6960879
279182,0.20669302
279186,0.25817782
279187,0.11761987
279189,0.20120013
279201,0.29667446
279202,0.24962234
279213,0.10854068
279214,0.20509623
279217,0.2099282
279230,0.6254856
279232,0.36819673
279233,0.24270783
279235,0.34267125
279250,0.25633937
279252,0.27122286
279257,0.38493344
279265,0.35109773
279266,0.14746921
279279,0.22157346
279281,0.26522043
279282,0.2395511
279285,0.3262703
279286,0.4260909
279297,0.2759628
279300,0.33817407
279318,0.11125803
279324,0.19444013
279334,0.22119808
279335,0.05540653
279336,0.2361645
279341,0.5510204
279342,0.8344534
279353,0.3123021
279357,0.76233333
279371,0.7888434
279376,0.27313417
279391,0.4008206
279392,0.2121756
279402,0.4318586
279406,0.8216841
279408,0.23105365
279434,0.512011
279439,0.09280295
279448,0.15435192
279450,0.40793806
279456,0.1529592
279461,0.45959124
279466,0.06106634
279470,0.40936235
279471,0.07228517
279493,0.4840231
279500,0.17217149
279506,0.23211356
279512,0.3810898
279519,0.4528811
279533,0.11295523
279549,0.19491424
279551,0.8367745
279556,0.20295414
279557,0.23446272
279558,0.69340056
279566,0.709251
279592,0.4984322
279595,0.744373
279604,0.5590411
279608,0.17977586
279614,0.37496442
279618,0.460647
279622,0.65387887
279648,0.7566451
279652,0.15377876
279653,0.5470977
279679,0.17347369
279690,0.567498
279691,0.6549439
279694,0.72529435
279698,0.56013966
279702,0.18151842
279712,0.222333
279713,0.53288686
279715,0.05832468
279725,0.1953733
279727,0.4609798
279733,0.21451302
279742,0.4414436
279748,0.24798997
279754,0.2743321
279756,0.61910117
279776,0.6584009
279778,0.45025882
279779,0.10307727
279782,0.5260075
279793,0.18907216
279794,0.11329076
279804,0.7509121
279810,0.088725574
279817,0.869588
279828,0.33693108
279830,0.28101534
279831,0.45508093
279834,0.66218245
279835,0.16594757
279840,0.20387167
279847,0.17689238
279852,0.41406003
279854,0.6247002
279856,0.31096098
279859,0.4878146
279862,0.30707023
279876,0.5162363
279878,0.6022102
279889,0.09067441
279894,0.29478055
279897,0.33208132
279903,0.4768848
279904,0.35211968
279906,0.34203288
279909,0.5943746
279922,0.8026462
279925,0.25140673
279939,0.6864852
279940,0.353708
279942,0.34573486
279948,0.13345115
279952,0.03292485
279960,0.13223974
279968,0.19594234
279969,0.34223443
279977,0.8813038
279980,0.3125129
279994,0.53243136
279997,0.47668645
279998,0.72323596
280007,0.51096684
280009,0.6253561
280010,0.86034703
280020,0.33700073
280021,0.32034487
280022,0.57784617
280052,0.2326538
280058,0.22753797
280074,0.4741187
280076,0.21886986
280085,0.8092441
280091,0.4361065
280095,0.20849566
280107,0.7259775
280116,0.66524756
280140,0.6049485
280144,0.6193847
280156,0.3024696
280177,0.061616078
280191,0.16480586
280205,0.19897397
280226,0.6613143
280230,0.29223275
280234,0.117190115
280264,0.31122565
280274,0.1876908
280298,0.2605104
280299,0.42068285
280300,0.52291393
280301,0.3454816
280308,0.04395169
280317,0.36685103
280319,0.2712462
280322,0.24653429
280342,0.2929302
280348,0.6144357
280350,0.2749056
280353,0.6538448
280366,0.3805707
280372,0.3469402
280374,0.08861888
280376,0.8349862
280381,0.11422123
280384,0.19693902
280388,0.23163378
280397,0.65102345
280401,0.07406795
280409,0.6228
280413,0.1039925
280422,0.69650847
280424,0.34075284
280426,0.69863427
280429,0.54549664
280430,0.73551965
280435,0.2794488
280444,0.26186636
280450,0.43249103
280455,0.6979997
280459,0.18931644
280462,0.5301948
280466,0.80446124
280470,0.18737303
280473,0.41053534
280517,0.41206515
280524,0.8060715
280527,0.136569
280531,0.10447494
280548,0.4929247
280558,0.82844704
280563,0.37736425
280598,0.662152
280599,0.76819235
280603,0.06845384
280607,0.24557763
280610,0.6366404
280612,0.42719662
280625,0.21670784
280631,0.1524435
280650,0.6446634
280653,0.9042471
280657,0.21809307
280669,0.1789606
280675,0.421753
280679,0.66927403
280685,0.08624853
280691,0.38554215
280693,0.19693184
280706,0.346315
280714,0.20510261
280719,0.7885109
280724,0.51131904
280725,0.18052976
280737,0.30857414
280738,0.4343334
280744,0.15374894
280746,0.6950812
280760,0.6453848
280772,0.56778824
280777,0.5515
280784,0.2039887
280785,0.28792787
280791,0.3920903
280793,0.12929079
280794,0.14664082
280800,0.48618096
280805,0.35601285
280806,0.24474816
280815,0.59431374
280823,0.09118967
280831,0.28215092
280832,0.30415
280841,0.29937485
280845,0.34443313
280846,0.17722374
280854,0.06822301
280857,0.03538611
280861,0.3003825
280862,0.55232656
280867,0.4102812
280877,0.45282635
280879,0.5151594
280890,0.32573584
280891,0.37678882
280903,0.85089016
280916,0.21482822
280929,0.07916719
280934,0.53330296
280941,0.6796471
280947,0.37103647
280962,0.34893465
280963,0.52192813
280966,0.26148126
280967,0.24027225
280971,0.868614
281005,0.2589064
281007,0.507879
281008,0.11786327
281009,0.26907942
281016,0.15400879
281024,0.6550854
281039,0.5355589
281045,0.08287978
281054,0.745117
281055,0.47004387
281056,0.59450054
281068,0.529404
281092,0.37733898
281094,0.09570819
281118,0.8538679
281133,0.18054198
281137,0.20659195
281164,0.5975924
281176,0.092233405
281177,0.32569563
281184,0.36311296
281187,0.62698245
281192,0.32115677
281195,0.6648101
281220,0.2841166
281222,0.5631268
281227,0.33030996
281234,0.26765245
281251,0.3213945
281278,0.19877844
281298,0.6555552
281303,0.71478415
281306,0.7746452
281314,0.20007248
281320,0.21335478
281322,0.38679385
281337,0.30792224
281347,0.6817507
281357,0.12359564
281362,0.31554535
281365,0.3177749
281366,0.26737154
281367,0.400353
281373,0.19461377
281376,0.2775115
281400,0.662239
281417,0.13344891
281420,0.12328403
281422,0.36104372
281435,0.25615102
281439,0.14755544
281448,0.24206607
281451,0.37797406
281453,0.06178342
281482,0.10237478
281494,0.6015558
281514,0.31055814
281515,0.22131774
281542,0.5610181
281556,0.46404192
281568,0.46829382
281592,0.19485533
281593,0.10434971
281607,0.5846389
281613,0.33294815
281618,0.6189525
281620,0.434595
281628,0.7034557
281629,0.25058988
281633,0.2753161
281634,0.24028586
281642,0.3236382
281643,0.18869808
281653,0.50158095
281661,0.20059806
281671,0.30996966
281675,0.3889037
281684,0.14693911
281692,0.65483654
281697,0.1953801
281730,0.26350963
281731,0.62533206
281734,0.44863036
281737,0.14641485
281750,0.6416148
281752,0.38808277
281764,0.5663841
281782,0.60120094
281791,0.15001951
281793,0.66048723
281795,0.4072986
281824,0.3581637
281831,0.5159467
281845,0.32246795
281848,0.17665842
281854,0.31357235
281855,0.3285049
281867,0.34984678
281873,0.25501043
281875,0.19618057
281876,0.6263235
281881,0.051882833
281905,0.09166807
281906,0.466303
281907,0.27126268
281914,0.5457266
281929,0.236176
281936,0.7014795
281938,0.092743695
281940,0.12463812
281941,0.3159789
281950,0.20691723
281954,0.16665836
281955,0.64223456
281956,0.5948888
281957,0.062423375
281968,0.63132876
281972,0.50113696
281974,0.29107353
281987,0.10867771
281996,0.66010827
281998,0.21371439
282002,0.24302927
282004,0.4517272
282005,0.25208125
282020,0.43010068
282021,0.37036347
282041,0.61334664
282045,0.5500959
282046,0.17072788
282048,0.42309138
282056,0.6619458
282063,0.29358217
282068,0.47541866
282072,0.5743306
282100,0.33131927
282104,0.3892529
282105,0.32518452
282106,0.17012805
282108,0.25483283
282114,0.7253433
282132,0.5894707
282133,0.24680579
282136,0.35796848
282145,0.7782756
282146,0.69398797
282150,0.2952436
282151,0.244615
282152,0.67461246
282157,0.8567433
282165,0.2787804
282167,0.09270286
282178,0.3635469
282179,0.47672996
282204,0.031995367
282208,0.18989709
282218,0.2535933
282221,0.8454294
282223,0.11186968
282226,0.06905282
282230,0.18452315
282232,0.5638095
282235,0.13836342
282236,0.45156065
282239,0.5341982
282246,0.23598611
282250,0.766588
282259,0.18465745
282270,0.043824494
282272,0.049503025
282282,0.8285745
282292,0.4841431
282306,0.36917126
282311,0.29448637
282317,0.7820585
282318,0.29015607
282331,0.2518186
282338,0.49960193
282349,0.3524235
282350,0.747531
282355,0.09762679
282359,0.8565587
282382,0.27057445
282396,0.4695831
282399,0.49329177
282408,0.2552238
282421,0.5063242
282427,0.37547538
282437,0.16064085
282446,0.35850486
282448,0.1495335
282453,0.106543936
282456,0.47722697
282457,0.41788924
282465,0.7298867
282476,0.6423836
282478,0.30958033
282482,0.21305592
282485,0.4202366
282492,0.33388335
282498,0.6245122
282503,0.104855396
282512,0.77284586
282521,0.7051107
282531,0.7804437
282548,0.47516954
282582,0.26764804
282585,0.3507043
282605,0.25341865
282618,0.19125977
282633,0.1388525
282642,0.64728814
282645,0.6923106
282647,0.5204463
282649,0.22180106
282654,0.31576937
282661,0.3050354
282667,0.22228299
282668,0.37379774
282678,0.483778
282679,0.5827071
282687,0.15704654
282688,0.27502164
282691,0.34368163
282702,0.0648612
282709,0.2764196
282712,0.3749012
282715,0.7327468
282726,0.08523571
282735,0.25585648
282737,0.15188661
282746,0.7134699
282751,0.037751425
282754,0.8817495
282758,0.6967574
282773,0.88015366
282787,0.2033629
282794,0.30685604
282812,0.07020804
282822,0.6580031
282827,0.74030226
282836,0.3553733
282841,0.2521388
282854,0.5679776
282862,0.43258995
282873,0.40821403
282890,0.26862225
282900,0.61007303
282906,0.28553435
282910,0.6622078
282915,0.09949756
282929,0.100940816
282933,0.3277988
282944,0.62381524
282945,0.3117666
282950,0.057656072
282954,0.12955983
282960,0.120458685
282961,0.5222069
282962,0.24558075
282965,0.7126778
282971,0.6305578
282974,0.25536034
282975,0.056155276
282979,0.1649821
282984,0.61019343
282990,0.7671904
282998,0.58903587
283005,0.5642676
283013,0.7478038
283018,0.62449783
283029,0.7961328
283032,0.20193882
283036,0.41148132
283041,0.7394843
283046,0.6375439
283050,0.09236585
283057,0.4859824
283065,0.53376466
283069,0.8060113
283074,0.15375336
283076,0.30236182
283077,0.2452382
283089,0.48708215
283090,0.1393567
283094,0.41899127
283110,0.3649876
283118,0.687363
283127,0.16291787
283130,0.37232608
283139,0.6816488
283143,0.5987698
283144,0.83929044
283146,0.22450876
283150,0.24796033
283161,0.8268071
283177,0.4937017
283180,0.19274
283184,0.31781226
283191,0.34423694
283193,0.20209004
283196,0.7013629
283199,0.51913255
283202,0.5290195
283205,0.10399785
283213,0.29185036
283216,0.28688928
283218,0.3546625
283220,0.17105418
283227,0.6952512
283233,0.3660741
283248,0.54529715
283250,0.6491055
283261,0.25110766
283264,0.34538138
283267,0.5423832
283269,0.22961305
283271,0.24510646
283282,0.66071373
283283,0.24007834
283290,0.09083099
283295,0.37839955
283298,0.14627744
283303,0.8340167
283309,0.19812429
283310,0.15829057
283314,0.49612197
283317,0.070315555
283318,0.38976216
283323,0.6935765
283327,0.6404701
283328,0.5323336
283336,0.56216025
283340,0.3920049
283344,0.24650383
283345,0.6965297
283360,0.14828786
283361,0.098747924
283383,0.63974774
283387,0.33787128
283390,0.17159078
283412,0.28284597
283426,0.14275269
283429,0.56763107
283433,0.46339735
283437,0.23778489
283438,0.14211181
283461,0.36663336
283466,0.26714474
283477,0.119548485
283479,0.3725038
283483,0.2898206
283484,0.2956085
283486,0.31985235
283500,0.240352
283512,0.6105812
283515,0.26176596
283517,0.85845536
283519,0.21327664
283523,0.47718483
283528,0.6386783
283555,0.59151983
283565,0.2669716
283572,0.4527329
283576,0.1499615
283586,0.826771
283590,0.4893718
283606,0.3648632
283615,0.124929436
283619,0.44549304
283632,0.8345426
283635,0.25528994
283636,0.20440345
283641,0.64569485
283642,0.29613203
283647,0.18197761
283667,0.13712922
283683,0.40603286
283684,0.37799075
283687,0.47672567
283691,0.24245843
283693,0.42474076
283701,0.12030754
283702,0.28420028
283711,0.6692827
283713,0.84302837
283726,0.23182872
283730,0.42845634
283736,0.27190682
283737,0.5588576
283740,0.14368795
283748,0.44775197
283750,0.36798814
283756,0.08006261
283757,0.14465195
283774,0.8542186
283776,0.72240067
283784,0.54104
283790,0.77219576
283796,0.110603906
283806,0.60597765
283816,0.026412446
283825,0.679267
283827,0.41542083
283835,0.090118326
283839,0.8029193
283843,0.36768848
283874,0.8398394
283880,0.2133966
283881,0.564535
283882,0.85289544
283887,0.1305574
283891,0.4518424
283893,0.4529527
283895,0.07683891
283900,0.5717485
283906,0.52278036
283938,0.1345505
283943,0.095519476
283953,0.85357386
283958,0.76628876
283961,0.067295685
283972,0.22262694
283973,0.25106347
283986,0.5271521
283990,0.03477705
283994,0.85478806
284000,0.07449426
284002,0.52812904
284003,0.27175733
284035,0.77388054
284049,0.083213605
284055,0.1458121
284060,0.30493248
284061,0.57351637
284069,0.64816225
284072,0.5056761
284075,0.6625739
284087,0.48107937
284093,0.2767762
284095,0.2660809
284096,0.44656333
284106,0.14082833
284109,0.44056177
284112,0.33037895
284126,0.47242326
284152,0.33075127
284155,0.29909393
284157,0.20744887
284159,0.37937644
284194,0.43298027
284207,0.3492899
284211,0.1449985
284220,0.82223743
284232,0.5846504
284239,0.71974564
284246,0.16615571
284257,0.6464702
284259,0.22269143
284272,0.4023703
284277,0.5153903
284279,0.8331759
284283,0.3031127
284294,0.21154809
284298,0.21449216
284305,0.63854766
284309,0.14947493
284311,0.17389773
284315,0.0877755
284338,0.7817236
284340,0.6166823
284342,0.5494561
284344,0.15102518
284348,0.17639518
284361,0.57874554
284373,0.13821073
284380,0.867157
284408,0.092539854
284422,0.07914121
284423,0.47916546
284427,0.6229582
284433,0.8633475
284442,0.06018629
284462,0.6752989
284481,0.7535447
284487,0.33534795
284492,0.066041395
284495,0.3303819
284499,0.85530436
284503,0.42975914
284506,0.5612788
284507,0.06592132
284511,0.8078053
284512,0.4422577
284513,0.19185749
284520,0.5032757
284537,0.2682981
284557,0.6119233
284560,0.24783202
284571,0.47933155
284573,0.80114454
284574,0.086206004
284575,0.1935393
284576,0.40095487
284578,0.35449257
284592,0.23101634
284606,0.7566013
284609,0.54982895
284614,0.1279882
284627,0.15496951
284630,0.5092671
284633,0.13756476
284647,0.27391186
284650,0.36257866
284655,0.5354466
284661,0.13925423
284664,0.15310709
284668,0.10269499
284682,0.35401663
284683,0.59202313
284691,0.17007822
284692,0.5108589
284695,0.3826982
284751,0.79400027
284785,0.54489547
284796,0.060927093
284797,0.14793406
284799,0.20593905
284805,0.26007733
284811,0.25181338
284844,0.2985403
284856,0.74304026
284861,0.30060145
284864,0.3289725
284866,0.32092574
284867,0.267501
284871,0.15251663
284873,0.17703459
284888,0.7432048
284895,0.02811581
284906,0.25110725
284907,0.5976932
284908,0.25332177
284914,0.13461329
284916,0.23881789
284920,0.46192867
284926,0.30666775
284934,0.36039943
284937,0.3005262
284949,0.24680401
284986,0.17680626
285002,0.39669055
285006,0.36501074
285007,0.6571301
285008,0.31583542
285016,0.22280854
285040,0.13089615
285041,0.057402126
285050,0.5256177
285051,0.08179871
285059,0.40378052
285077,0.5832701
285078,0.7539545
285097,0.11025584
285102,0.5353642
285104,0.116610676
285117,0.3316358
285119,0.5659435
285120,0.19797489
285122,0.3817174
285131,0.67314124
285137,0.22194752
285139,0.3273371
285147,0.14902067
285176,0.10502187
285177,0.35290432
285183,0.38677165
285184,0.13318104
285200,0.0792656
285213,0.5825224
285224,0.38524386
285232,0.34418157
285245,0.7454395
285249,0.03185015
285253,0.45571318
285268,0.1846821
285276,0.06184346
285282,0.7201304
285284,0.80879116
285297,0.47164282
285304,0.34268063
285305,0.42102626
285337,0.30287313
285346,0.28111464
285349,0.038728267
285354,0.6542117
285359,0.36552185
285366,0.7212943
285367,0.70383567
285368,0.665897
285376,0.63134885
285382,0.087623365
285385,0.7821711
285389,0.24080169
285396,0.27501473
285398,0.67478865
285399,0.22908357
285403,0.28065306
285405,0.5368753
285407,0.6454161
285417,0.71929204
285419,0.6338416
285431,0.16592225
285457,0.505419
285462,0.77783096
285463,0.060968813
285472,0.6240911
285476,0.28534803
285479,0.6113337
285482,0.47220796
285486,0.53556293
285487,0.3096017
285497,0.0877433
285498,0.56343186
285507,0.7867137
285509,0.17103937
285514,0.38305184
285516,0.18417133
285521,0.2704569
285525,0.031254146
285528,0.22296703
285555,0.24034587
285559,0.4668645
285561,0.19777569
285562,0.7280692
285565,0.53308874
285571,0.30524507
285583,0.61109793
285588,0.5374055
285603,0.35402355
285612,0.4868967
285628,0.8135136
285635,0.18881443
285649,0.4566768
285651,0.17673688
285653,0.35331088
285662,0.6617186
285665,0.10260141
285678,0.26649618
285681,0.19284904
285694,0.6703145
285695,0.15509352
285701,0.11030013
285721,0.27553976
285730,0.3182552
285733,0.11134258
285743,0.39630634
285744,0.49477598
285746,0.20012777
285778,0.32012543
285784,0.3768365
285808,0.118508175
285810,0.3949084
285831,0.67497426
285833,0.34560537
285841,0.20761158
285842,0.36467016
285844,0.44872496
285847,0.21536484
285853,0.06917207
285861,0.5164214
285863,0.12026783
285867,0.34633312
285870,0.90589076
285879,0.4304983
285880,0.13830936
285882,0.14170817
285893,0.0778026
285897,0.48993057
285912,0.44970518
285914,0.205757
285918,0.3892701
285927,0.49577972
285931,0.53656673
285932,0.2640165
285962,0.37153292
285975,0.70365137
285978,0.7071488
285996,0.090204954
286000,0.3747528
286010,0.22061555
286011,0.589974
286018,0.2106744
286033,0.5293532
286038,0.6929474
286042,0.40672052
286044,0.39446205
286047,0.13621166
286050,0.479116
286052,0.14297578
286056,0.55483073
286058,0.15233326
286083,0.33691585
286088,0.7239109
286094,0.45718592
286107,0.6579955
286112,0.7091764
286124,0.12049426
286128,0.44787255
286141,0.44004235
286146,0.6260673
286147,0.47222444
286153,0.04764652
286163,0.16566505
286169,0.35137874
286175,0.3962025
286185,0.0475405
286194,0.28493136
286198,0.6628485
286201,0.22185452
286202,0.73918676
286213,0.4790367
286218,0.37772477
286250,0.17145304
286257,0.534071
286264,0.5037427
286265,0.26045895
286266,0.17484808
286287,0.27107692
286292,0.08039374
286294,0.18896066
286295,0.53618705
286299,0.66159326
286300,0.5781366
286302,0.7403197
286310,0.5637198
286316,0.23751724
286332,0.69427097
286353,0.3609787
286354,0.13249727
286357,0.19558814
286375,0.14026953
286382,0.6184641
286389,0.6157761
286404,0.18354905
286405,0.59793645
286411,0.44817367
286412,0.36749896
286421,0.7420479
286423,0.18955556
286426,0.5520215
286433,0.27766383
286438,0.67713755
286441,0.22271565
286444,0.15155984
286447,0.096870996
286459,0.38831022
286473,0.51841235
286484,0.18790838
286485,0.87608176
286501,0.5764665
286502,0.4777909
286509,0.23743647
286511,0.7669436
286516,0.77749234
286547,0.7450618
286549,0.50089103
286553,0.30150172
286558,0.36729848
286566,0.19992971
286572,0.29230195
286582,0.29670018
286587,0.1718188
286590,0.45070946
286594,0.58887666
286598,0.07086297
286602,0.23853388
286608,0.6826063
286610,0.27948096
286627,0.419729
286661,0.31043854
286664,0.5717351
286668,0.058481116
286683,0.20848389
286684,0.15091853
286689,0.14638059
286696,0.3435613
286697,0.1921117
286703,0.63850003
286705,0.27938777
286707,0.47861356
286708,0.38882223
286711,0.22835052
286714,0.3184338
286734,0.15446423
286747,0.5022896
286760,0.47080672
286763,0.2560711
286772,0.24784021
286773,0.19178213
286791,0.22078189
286813,0.46350735
286814,0.18117309
286817,0.114295684
286836,0.16836683
286838,0.5570944
286844,0.21720292
286854,0.50172603
286856,0.36434102
286859,0.14063236
286864,0.15390839
286865,0.5193421
286868,0.57436067
286881,0.686431
286882,0.53938603
286888,0.2186302
286890,0.8975399
286892,0.5498882
286895,0.13073806
286906,0.52276754
286924,0.11983835
286930,0.2329088
286931,0.72975826
286942,0.35104012
286955,0.18796054
286960,0.4057938
286962,0.29326433
286966,0.23341349
286967,0.13459165
286971,0.2708788
286983,0.1254173
286985,0.11044002
286986,0.7832452
286987,0.5582583
286992,0.5479454
287003,0.21862902
287004,0.12063871
287006,0.28636742
287029,0.26186934
287036,0.2533123
287038,0.4132707
287049,0.21636896
287050,0.12734804
287057,0.13695444
287065,0.106343515
287066,0.70380867
287089,0.6727856
287093,0.78212863
287096,0.6221936
287103,0.4599172
287104,0.30763903
287109,0.17612854
287133,0.86348087
287137,0.09627589
287141,0.7912875
287146,0.17772476
287148,0.040316638
287177,0.21762598
287184,0.18884005
287197,0.33430937
287204,0.6517984
287206,0.57869035
287208,0.4078718
287225,0.10530084
287228,0.10012935
287252,0.45149162
287260,0.22447504
287264,0.60791165
287270,0.5529908
287271,0.37031004
287272,0.11887649
287274,0.24380232
287280,0.14237504
287281,0.3962009
287290,0.40199795
287298,0.24582146
287299,0.62593025
287301,0.0643247
287314,0.283302
287321,0.73553294
287322,0.20835218
287329,0.7764644
287331,0.3590064
287337,0.23275897
287349,0.30770084
287358,0.36719853
287370,0.8077696
287371,0.18938367
287376,0.1285584
287378,0.15455036
287386,0.7830479
287394,0.5060352
287397,0.23614657
287419,0.3145466
287428,0.3822575
287438,0.13880007
287439,0.36694604
287449,0.47094315
287450,0.14554608
287460,0.3074891
287472,0.66414034
287474,0.65493387
287483,0.19868875
287495,0.38874072
287510,0.26541892
287512,0.22908477
287530,0.35926938
287531,0.12537868
287543,0.57668597
287549,0.49684197
287564,0.66862756
287574,0.4234279
287580,0.3456049
287587,0.39458385
287594,0.35096693
287605,0.5423173
287617,0.6573384
287621,0.25261799
287626,0.31927213
287629,0.44553104
287632,0.6843381
287636,0.5746504
287644,0.41077924
287648,0.39666513
287666,0.39663774
287672,0.4839812
287701,0.64795697
287708,0.106109396
287718,0.475804
287724,0.5610023
287726,0.1177641
287729,0.5579258
287732,0.56750524
287733,0.08131727
287734,0.83436406
287750,0.7502504
287755,0.41677147
287762,0.6933652
287764,0.21162161
287766,0.14718732
287775,0.18079568
287781,0.3241484
287785,0.40554494
287789,0.2519297
287792,0.7385322
287796,0.04280322
287804,0.61124223
287822,0.16845933
287835,0.29189733
287840,0.51187325
287850,0.43587708
287851,0.36227125
287852,0.52360094
287858,0.54202235
287859,0.109374285
287860,0.578601
287861,0.32769164
287866,0.31358626
287868,0.6135669
287873,0.59907514
287876,0.47818345
287877,0.26497307
287878,0.13137737
287879,0.6737416
287883,0.30078807
287888,0.09766776
287894,0.7924034
287895,0.26885656
287912,0.4951707
287915,0.596825
287920,0.049197707
287922,0.40118316
287926,0.30619726
287929,0.52318376
287931,0.78368014
287936,0.5140054
287942,0.4884993
287946,0.31152564
287948,0.68226016
287963,0.6651693
288003,0.1255106
288005,0.16359667
288012,0.57850003
288013,0.57217306
288026,0.09858819
288027,0.442601
288031,0.34999856
288039,0.07165239
288041,0.80067974
288045,0.55121523
288065,0.4872637
288068,0.4796113
288079,0.27447084
288084,0.89161885
288111,0.54684794
288129,0.45040473
288138,0.91689265
288154,0.7732594
288167,0.060440265
288178,0.42379078
288184,0.18357876
288193,0.052207325
288203,0.54025596
288207,0.71163887
288223,0.66543823
288226,0.8158939
288237,0.121470906
288257,0.83638775
288259,0.38257155
288269,0.48074782
288273,0.12415863
288276,0.32452744
288280,0.28983396
288283,0.49807185
288291,0.6069109
288299,0.47792378
288305,0.48701063
288316,0.15251277
288322,0.2777628
288333,0.11926983
288337,0.59486157
288341,0.2259807
288345,0.17256656
288348,0.18347356
288350,0.48574328
288353,0.5673821
288372,0.23946346
288375,0.773114
288395,0.14264539
288408,0.4461381
288425,0.39504915
288430,0.787101
288433,0.17298669
288459,0.66047496
288462,0.51396364
288463,0.5146826
288470,0.2760292
288472,0.7112767
288475,0.3933469
288495,0.70900506
288517,0.6640583
288530,0.79055923
288535,0.5224575
288539,0.2219599
288540,0.30959335
288547,0.8857398
288553,0.44958997
288555,0.794176
288556,0.37803933
288562,0.22736263
288564,0.15677693
288567,0.5149168
288576,0.1295693
288579,0.33683395
288580,0.68124604
288589,0.22326697
288596,0.8365681
288597,0.73164487
288599,0.22201355
288601,0.110538736
288617,0.26870507
288621,0.7298882
288635,0.23212516
288656,0.038071
288666,0.1793605
288670,0.68352616
288671,0.3091288
288673,0.4191156
288678,0.7188411
288693,0.8082216
288699,0.22668855
288706,0.5919871
288728,0.2507275
288739,0.48266235
288741,0.39304984
288755,0.2651049
288763,0.18464772
288766,0.30112803
288775,0.5668908
288780,0.12332999
288793,0.4700687
288811,0.38814583
288821,0.49210438
288829,0.82870144
288835,0.07941534
288836,0.3813311
288838,0.744854
288851,0.16601834
288853,0.18824925
288854,0.15184328
288855,0.17534083
288876,0.31615436
288879,0.6305564
288884,0.72219706
288886,0.41099063
288891,0.34852257
288898,0.39637762
288911,0.7407582
288913,0.23314974
288927,0.20764327
288928,0.30064526
288931,0.5782206
288955,0.28852814
288961,0.15290974
288969,0.7648038
288971,0.3859863
288973,0.64690924
288982,0.28243807
288983,0.17448252
288986,0.20826286
288992,0.32624212
288993,0.2226693
288996,0.6472994
289007,0.57785624
289008,0.3552165
289014,0.45364645
289015,0.2731541
289016,0.35097644
289017,0.28825897
289028,0.20489646
289030,0.68039477
289040,0.2643969
289048,0.28149667
289051,0.47623712
289055,0.046140373
289057,0.118299395
289062,0.6544443
289063,0.62450755
289069,0.42740136
289073,0.12493883
289074,0.26277804
289085,0.20699202
289092,0.25951934
289097,0.18988661
289111,0.46012223
289112,0.50815904
289116,0.17077273
289123,0.30663085
289145,0.8841025
289146,0.7021626
289158,0.52880347
289165,0.40888053
289166,0.38913518
289167,0.6140538
289170,0.7324089
289193,0.29070026
289198,0.15221217
289209,0.49629486
289211,0.2071907
289215,0.40536156
289220,0.31819403
289232,0.3592053
289244,0.59337324
289258,0.40695062
289271,0.2711893
289274,0.42364538
289312,0.4892016
289321,0.5074414
289325,0.38707188
289333,0.43509015
289340,0.49418077
289368,0.1344049
289375,0.6025608
289380,0.5071356
289381,0.10003869
289384,0.41276482
289403,0.14069277
289408,0.46637183
289416,0.1190938
289463,0.6459587
289488,0.35583833
289495,0.6899926
289498,0.28990716
289499,0.15051973
289515,0.18276848
289531,0.06723968
289541,0.3043273
289554,0.11992075
289565,0.2683853
289590,0.13472518
289596,0.5092876
289601,0.6076426
289602,0.21401232
289603,0.3586992
289608,0.24924463
289622,0.5426807
289623,0.23178162
289625,0.13420862
289634,0.25334448
289648,0.59829843
289650,0.102239236
289662,0.5823291
289667,0.72523165
289674,0.07159979
289682,0.104938835
289702,0.27365473
289706,0.17441815
289709,0.6442102
289716,0.7486191
289725,0.13287415
289732,0.36619604
289743,0.37161162
289762,0.16579989
289766,0.26029423
289770,0.515716
289775,0.71875864
289777,0.21913351
289783,0.32306314
289797,0.22048102
289798,0.04050074
289802,0.5095744
289812,0.51210946
289814,0.05188932
289819,0.24238776
289828,0.6511505
289831,0.69546455
289835,0.26316673
289844,0.3773965
289850,0.13681069
289851,0.46124524
289865,0.18606712
289869,0.62536967
289891,0.79898435
289907,0.31342024
289919,0.18125403
289923,0.59774566
289924,0.53679085
289927,0.3489708
289929,0.66171086
289951,0.2992542
289959,0.11399658
289964,0.38491464
289965,0.3956054
289966,0.23322897
289971,0.54750514
289988,0.3649975
289989,0.20500484
289995,0.6213496
290005,0.5111853
290013,0.734551
290031,0.72904617
290036,0.57059354
290038,0.73669696
290041,0.750506
290056,0.64530706
290058,0.16051945
290065,0.6222524
290069,0.4576598
290070,0.28644627
290074,0.63766545
290076,0.4076014
290082,0.39964452
290105,0.05948531
290111,0.12082813
290114,0.39174917
290116,0.436167
290117,0.5242711
290128,0.59969026
290130,0.40988615
290139,0.31487918
290151,0.3654078
290154,0.07527274
290158,0.509189
290180,0.56154853
290183,0.22813258
290190,0.6122901
290191,0.7072702
290199,0.5828138
290200,0.72471315
290202,0.13169724
290205,0.7535229
290206,0.13058737
290219,0.47370893
290227,0.15295063
290232,0.3217775
290233,0.61884165
290242,0.59816265
290246,0.21151255
290247,0.5347457
290257,0.5486095
290259,0.34722278
290260,0.3985624
290270,0.16310906
290273,0.45800525
290276,0.75295526
290281,0.6946376
290296,0.45406055
290303,0.27555865
290306,0.24985418
290331,0.19542147
290340,0.32386947
290349,0.6177762
290355,0.3729313
290365,0.6608288
290379,0.84276634
290389,0.169991
290408,0.16685443
290409,0.4648855
290433,0.7146778
290437,0.3165528
290440,0.24719016
290448,0.4610339
290466,0.07746781
290467,0.297654
290479,0.14196543
290490,0.45167303
290492,0.16625687
290503,0.2880013
290508,0.15012646
290524,0.5541773
290526,0.5765382
290527,0.25883496
290541,0.547807
290557,0.43925706
290564,0.49728528
290572,0.23019488
290576,0.4822509
290588,0.1987819
290589,0.21268569
290595,0.3704603
290598,0.13784157
290605,0.36600432
290609,0.0711767
290610,0.24203187
290612,0.6448068
290634,0.3126685
290635,0.6500327
290644,0.80282575
290672,0.5835308
290681,0.38824973
290693,0.39569697
290695,0.1850693
290702,0.2393501
290703,0.05981058
290711,0.7759263
290713,0.6789383
290727,0.54412365
290730,0.2018015
290734,0.38377333
290745,0.5220523
290746,0.612665
290751,0.5248032
290758,0.11266443
290766,0.4465387
290784,0.6232998
290786,0.092237316
290813,0.76041734
290849,0.6298268
290852,0.07564737
290881,0.8121497
290884,0.14181869
290885,0.3394955
290889,0.1735757
290911,0.46638823
290913,0.5674893
290923,0.18885541
290926,0.0474704
290936,0.5529674
290941,0.51120734
290945,0.43013304
290955,0.14250287
290961,0.43144974
290964,0.31105235
290967,0.26540565
290970,0.23753405
290974,0.40877804
290976,0.16889545
290978,0.14437515
290981,0.12061226
290991,0.2680756
291005,0.24561968
291009,0.14179589
291011,0.4512737
291012,0.6683734
291018,0.80232793
291023,0.35308877
291028,0.31464282
291034,0.5779191
291038,0.29533598
291039,0.70300543
291041,0.78271437
291045,0.27894017
291048,0.62118036
291052,0.4009441
291055,0.14502476
291082,0.39167792
291085,0.64583504
291086,0.08636651
291094,0.22369526
291103,0.44062114
291108,0.46807295
291110,0.5290738
291113,0.17779613
291117,0.24831209
291124,0.48197678
291129,0.32967275
291142,0.5610574
291155,0.72399646
291157,0.5760652
291177,0.22676125
291178,0.27523026
291180,0.1568118
291188,0.8745266
291198,0.22557487
291200,0.081834406
291202,0.25987086
291207,0.15796356
291218,0.0882138
291231,0.6817073
291232,0.41201833
291240,0.23428102
291241,0.65752345
291245,0.2809077
291256,0.082835674
291273,0.48946592
291274,0.56819665
291277,0.64441556
291290,0.7873198
291303,0.53200465
291310,0.26787674
291311,0.46679398
291319,0.7363294
291324,0.6563739
291331,0.24489461
291334,0.1560322
291348,0.6823461
291349,0.7414443
291359,0.18577114
291365,0.08486452
291379,0.34416327
291396,0.11083351
291411,0.41289917
291424,0.38065
291425,0.058389477
291428,0.42183703
291446,0.6201928
291449,0.11366457
291461,0.6411842
291465,0.10227396
291480,0.65773815
291486,0.32503974
291487,0.08806398
291491,0.073948696
291499,0.08399689
291505,0.49448338
291512,0.4079448
291513,0.16121933
291521,0.062114082
291523,0.09144677
291543,0.7420156
291545,0.09718121
291546,0.4911422
291550,0.2554325
291552,0.2253645
291561,0.41188318
291579,0.34625486
291584,0.86962277
291586,0.18384884
291590,0.37344885
291592,0.93266237
291593,0.08807403
291599,0.42227253
291615,0.040087853
291617,0.11017531
291628,0.55813134
291654,0.3856325
291658,0.7605397
291659,0.19761613
291661,0.69947124
291671,0.53354245
291677,0.06978162
291689,0.40806326
291693,0.36630633
291695,0.46348548
291696,0.73791945
291697,0.42867732
291702,0.26222548
291711,0.099068224
291713,0.18052408
291715,0.43094447
291718,0.3817197
291733,0.21405788
291742,0.40264034
291748,0.3274927
291765,0.1341201
291771,0.4022037
291773,0.66269225
291788,0.21221203
291789,0.35372952
291796,0.4923833
291800,0.5459651
291817,0.14852807
291822,0.70930916
291840,0.71065086
291843,0.26838478
291855,0.6493437
291858,0.070609815
291870,0.48667565
291872,0.052887756
291874,0.17209852
291883,0.24012029
291888,0.35692427
291894,0.26167956
291901,0.1979698
291928,0.5978417
291930,0.12804452
291949,0.16033947
291951,0.3991352
291953,0.2062081
291955,0.24019136
291963,0.8365504
291969,0.36247957
291980,0.47750562
292010,0.14603896
292022,0.24804817
292023,0.2627859
292031,0.32216194
292034,0.26236966
292043,0.37560323
292049,0.32977962
292055,0.26280192
292062,0.49257502
292070,0.20969255
292072,0.75327253
292073,0.12970297
292082,0.5178931
292096,0.3080129
292098,0.5385994
292116,0.3726798
292118,0.4701401
292126,0.6464817
292128,0.299069
292137,0.5692611
292138,0.13011156
292142,0.5316327
292149,0.56596565
292181,0.7024199
292189,0.070915416
292191,0.42466792
292205,0.15913087
292219,0.61409134
292227,0.32434946
292231,0.4579891
292238,0.22229427
292246,0.1427095
292248,0.71301895
292259,0.37375227
292261,0.4364666
292266,0.33524588
292267,0.24714985
292272,0.41587162
292278,0.79929644
292281,0.3210871
292286,0.25287172
292288,0.6886259
292289,0.14938532
292304,0.3994993
292307,0.26243567
292319,0.35801506
292320,0.37025145
292325,0.40829474
292326,0.64878595
292331,0.20432496
292332,0.07756135
292333,0.053117152
292334,0.37176237
292337,0.30752823
292338,0.51699173
292342,0.241326
292347,0.24997741
292350,0.32729673
292355,0.13796924
292360,0.09429323
292362,0.057297595
292363,0.7044634
292364,0.2307727
292383,0.6402639
292397,0.41678548
292409,0.66888875
292417,0.4263907
292426,0.14230603
292428,0.21568471
292439,0.82694536
292443,0.6382967
292448,0.33990064
292451,0.25825593
292452,0.5010345
292456,0.095108934
292460,0.20986752
292463,0.3509081
292464,0.6465379
292476,0.4417008
292480,0.46770573
292483,0.20020139
292493,0.13627975
292501,0.67561674
292506,0.1606681
292508,0.14355719
292513,0.52675766
292525,0.5179911
292533,0.36216876
292540,0.5650197
292541,0.03471508
292544,0.06342412
292549,0.46052927
292550,0.3245161
292557,0.4711127
292558,0.12740938
292562,0.22490174
292564,0.040204708
292583,0.5706955
292612,0.3115371
292618,0.11296468
292623,0.653108
292631,0.0964888
292633,0.6402866
292641,0.326563
292643,0.2836174
292649,0.20344783
292650,0.4070442
292651,0.49842143
292655,0.22731861
292659,0.37168422
292677,0.19003586
292693,0.24843252
292697,0.17298222
292700,0.5162043
292702,0.45973358
292710,0.10978283
292727,0.75493115
292731,0.59118503
292732,0.15960784
292734,0.13744108
292735,0.12501675
292737,0.20251809
292739,0.39466205
292741,0.08376064
292767,0.0982464
292778,0.21877171
292807,0.70561737
292813,0.6819381
292834,0.7109609
292837,0.07088074
292839,0.17457741
292844,0.3481415
292869,0.20472479
292874,0.08900331
292892,0.44681412
292894,0.36306888
292916,0.584311
292921,0.6279129
292925,0.5184874
292929,0.7093711
292933,0.21733996
292935,0.50134414
292938,0.25430965
292945,0.585534
292946,0.5612475
292953,0.59968704
292966,0.58372575
292968,0.22366005
292983,0.2568073
292988,0.6337256
292992,0.069852576
292997,0.24870244
293002,0.2643279
293013,0.0980811
293030,0.6563587
293043,0.72276634
293070,0.8493625
293093,0.18153606
293103,0.3607992
293104,0.07042013
293117,0.9212314
293123,0.22676395
293126,0.599916
293128,0.08756003
293136,0.18217878
293142,0.31113318
293146,0.70339656
293149,0.68690693
293159,0.21667276
293169,0.26778555
293172,0.45353138
293175,0.30593693
293176,0.43640706
293192,0.10528245
293213,0.37533978
293218,0.53739685
293219,0.45908386
293224,0.64652675
293225,0.269085
293234,0.6074272
293243,0.5334995
293249,0.12782177
293256,0.2316153
293276,0.51253855
293283,0.87561804
293295,0.30960637
293308,0.31527796
293309,0.6150423
293316,0.35608357
293326,0.5101948
293330,0.12631525
293351,0.51915056
293361,0.18793261
293366,0.7555243
293376,0.4901867
293377,0.35097334
293382,0.5496067
293383,0.5811934
293385,0.4224013
293402,0.4758152
293403,0.44672114
293405,0.19863947
293412,0.38425726
293430,0.30812776
293435,0.07875895
293438,0.2586901
293445,0.3454147
293447,0.5276084
293451,0.40357336
293463,0.16324395
293471,0.20942487
293482,0.3906651
293485,0.17649643
293493,0.62929416
293496,0.08368017
293505,0.76807797
293507,0.21417768
293508,0.49545166
293518,0.32569072
293524,0.15293024
293527,0.44262174
293537,0.16823311
293542,0.58813053
293556,0.08070062
293560,0.72497666
293563,0.6651341
293565,0.04151278
293597,0.64450955
293603,0.19162942
293607,0.3385628
293621,0.25932562
293622,0.09185292
293623,0.69210744
293636,0.59401333
293643,0.36257756
293659,0.67513
293678,0.17369385
293679,0.5483737
293681,0.48619148
293684,0.3051993
293692,0.10720596
293696,0.15732388
293733,0.18555298
293734,0.17945118
293745,0.26188192
293751,0.28718948
293770,0.8291039
293778,0.52322805
293789,0.09669767
293809,0.12714906
293815,0.094286226
293816,0.58066875
293819,0.5537689
293822,0.35706142
293846,0.8003561
293849,0.043817796
293850,0.24775958
293851,0.6693395
293860,0.26123875
293863,0.68833154
293881,0.71312916
293900,0.47026497
293907,0.36660087
293915,0.17101702
293931,0.1423679
293935,0.2931869
293942,0.43020394
293944,0.90792996
293967,0.33864662
293968,0.5578882
293971,0.015022035
293972,0.3586437
293974,0.5792003
293976,0.47053102
293985,0.15454265
293996,0.8579194
294004,0.155113
294007,0.5824769
294010,0.18223874
294013,0.5177127
294016,0.7261403
294018,0.6340651
294028,0.6652754
294041,0.30492252
294047,0.12702082
294055,0.36083916
294062,0.40013364
294069,0.32128522
294075,0.6918577
294091,0.11162119
294108,0.3716666
294116,0.4808774
294125,0.25391555
294129,0.26773822
294130,0.06143937
294134,0.13516122
294135,0.58544195
294136,0.49058357
294141,0.2391041
294160,0.14586164
294164,0.4296701
294184,0.5744736
294191,0.26959762
294195,0.42863104
294199,0.041320268
294208,0.70701087
294221,0.06969807
294225,0.3604037
294230,0.39576223
294236,0.7108544
294256,0.20204647
294257,0.06538548
294258,0.73799366
294282,0.36114192
294287,0.38041723
294290,0.15328248
294300,0.48374864
294302,0.15470964
294313,0.06864678
294314,0.5034024
294322,0.08776383
294336,0.4549797
294339,0.8250566
294348,0.633788
294365,0.6844855
294373,0.3901637
294383,0.14401491
294403,0.18683486
294406,0.5442227
294417,0.9209994
294452,0.8069633
294463,0.55196834
294471,0.24871394
294486,0.3055383
294501,0.52214974
294504,0.74974316
294509,0.3376137
294511,0.22881244
294519,0.14823952
294530,0.5819735
294532,0.73303163
294547,0.7984349
294548,0.28461215
294554,0.064884774
294577,0.4902127
294578,0.06761639
294580,0.47653037
294583,0.46688122
294592,0.5240712
294595,0.2879016
294602,0.21668026
294613,0.73766285
294617,0.15169106
294631,0.8057137
294641,0.51702875
294653,0.581922
294657,0.4286613
294661,0.617572
294665,0.060343683
294668,0.14382942
294671,0.3036086
294682,0.30026734
294685,0.07120679
294688,0.6105283
294690,0.8742526
294698,0.4233671
294717,0.5398355
294724,0.15329653
294726,0.0959641
294738,0.48534945
294744,0.4833499
294758,0.5500231
294762,0.10323761
294776,0.586037
294777,0.1459
294807,0.2919921
294816,0.50910425
294821,0.09991244
294825,0.4104863
294834,0.1356088
294835,0.33938238
294836,0.36141962
294840,0.183804
294842,0.77578855
294864,0.10313444
294874,0.4588693
294880,0.451792
294881,0.1681712
294897,0.15001456
294898,0.39052483
294920,0.59701806
294923,0.5320091
294926,0.4558824
294937,0.50811535
294941,0.39667663
294951,0.6588868
294952,0.12132769
294953,0.25148398
294982,0.43081158
294989,0.38835824
294995,0.50259334
295009,0.5817216
295010,0.42853704
295013,0.30838227
295016,0.17489927
295022,0.37089887
295024,0.44676143
295040,0.79878414
295045,0.30766702
295047,0.442365
295056,0.5687362
295073,0.77337694
295080,0.334482
295093,0.3218579
295094,0.8194408
295095,0.31208003
295107,0.08229222
295116,0.45975596
295140,0.23897809
295150,0.71761626
295154,0.5362257
295155,0.67099
295162,0.401151
295163,0.20040037
295168,0.5297495
295176,0.09075897
295182,0.13365903
295183,0.63700217
295216,0.37062535
295219,0.40538847
295239,0.22440964
295246,0.11727237
295255,0.5741438
295257,0.67214316
295261,0.034086976
295263,0.1823299
295265,0.40734676
295274,0.6581869
295281,0.4643742
295286,0.2872848
295299,0.42947337
295304,0.07388069
295306,0.15666749
295321,0.46830574
295339,0.19281335
295342,0.2733994
295346,0.6877497
295348,0.5631305
295354,0.105531015
295367,0.48722106
295372,0.2792186
295373,0.24385896
295374,0.41492614
295387,0.1464494
295389,0.48871276
295396,0.45602018
295415,0.514755
295418,0.45177826
295421,0.10274385
295425,0.16613437
295431,0.24690488
295434,0.113693275
295443,0.662406
295453,0.2591136
295473,0.16669604
295476,0.12049462
295477,0.71307826
295488,0.48638904
295499,0.35732692
295504,0.049448583
295505,0.74528384
295524,0.19302835
295529,0.3577239
295533,0.5145127
295534,0.2030314
295549,0.18635197
295565,0.073195964
295584,0.27653915
295585,0.3539287
295597,0.41911605
295599,0.6682046
295604,0.093497016
295616,0.3467625
295635,0.3048605
295637,0.09568688
295670,0.14266947
295678,0.20551541
295701,0.21995246
295711,0.69779336
295713,0.45252985
295734,0.55063075
295739,0.24000812
295750,0.31661817
295773,0.7894309
295783,0.49175715
295787,0.11773259
295790,0.44370064
295795,0.5774889
295820,0.23520735
295821,0.31124493
295826,0.2534874
295836,0.37309784
295837,0.5004617
295842,0.38599768
295848,0.22391528
295850,0.4431907
295869,0.18050005
295871,0.57629436
295873,0.4056029
295879,0.30240172
295880,0.6214186
295892,0.31512183
295904,0.73111534
295907,0.13076134
295908,0.23330922
295913,0.16823752
295918,0.49161953
295921,0.7837416
295924,0.6603449
295949,0.16322143
295953,0.30565485
295961,0.052924644
295968,0.5796038
295971,0.5496669
295985,0.30249092
295986,0.4724192
295987,0.21912088
295993,0.5392812
295997,0.6545721
296005,0.4196871
296007,0.26859435
296012,0.6070021
296022,0.4256414
296024,0.085150816
296032,0.41264236
296034,0.13523404
296062,0.12662336
296070,0.2443995
296074,0.14082175
296084,0.24516451
296087,0.15801758
296088,0.4697383
296089,0.6172505
296143,0.16249931
296172,0.07997114
296183,0.32750857
296185,0.16637476
296194,0.27371207
296199,0.73659277
296204,0.6247642
296206,0.7602424
296209,0.5595479
296229,0.5858931
296239,0.037419025
296253,0.42064708
296259,0.8022503
296264,0.09248915
296270,0.8948066
296273,0.4608758
296284,0.45059025
296285,0.6579242
296287,0.16366309
296288,0.40787077
296292,0.5426102
296300,0.48543984
296301,0.24704681
296321,0.8296255
296324,0.4465967
296335,0.7226812
296348,0.08534907
296354,0.24863556
296369,0.7228594
296376,0.53943115
296391,0.42183477
296393,0.43977684
296398,0.42602605
296428,0.51987994
296432,0.51948524
296433,0.38230404
296449,0.38830942
296450,0.38902318
296490,0.51133966
296498,0.4652916
296499,0.32453033
296500,0.4573406
296509,0.5484993
296514,0.23348364
296518,0.26455995
296527,0.16079779
296532,0.16076007
296541,0.15124077
296544,0.48311645
296546,0.04271509
296573,0.6885194
296578,0.34985986
296589,0.37209508
296594,0.44524074
296616,0.40029165
296623,0.3481728
296624,0.4757885
296632,0.08154741
296633,0.31624928
296639,0.73117656
296647,0.40032345
296656,0.58839464
296678,0.23386031
296679,0.43089008
296695,0.17829931
296696,0.73377365
296714,0.21768129
296721,0.326835
296739,0.19238572
296744,0.89846766
296747,0.5491129
296758,0.29674035
296760,0.08686107
296766,0.27608985
296769,0.062287364
296776,0.17267063
296780,0.4069088
296782,0.6335382
296790,0.5591174
296795,0.30520064
296801,0.064406894
296803,0.7331824
296806,0.51703125
296811,0.4058289
296813,0.05940052
296818,0.81459093
296822,0.21331936
296839,0.47309834
296848,0.17622453
296863,0.6610094
296871,0.28634253
296872,0.73751163
296877,0.36490592
296882,0.64740765
296885,0.21544507
296903,0.67603225
296906,0.44679043
296912,0.21925998
296916,0.322356
296922,0.3901861
296926,0.6552628
296927,0.22421078
296935,0.35324654
296939,0.3341388
296942,0.44227785
296954,0.5953385
296968,0.26083
296971,0.32469398
296984,0.46671388
297004,0.091382876
297011,0.6895021
297017,0.3205328
297019,0.8025054
297021,0.14049634
297025,0.23396471
297033,0.44445518
297038,0.7877357
297042,0.8262145
297065,0.25002965
297089,0.29349285
297093,0.681647
297098,0.38343534
297100,0.15178196
297111,0.37703317
297115,0.62210864
297121,0.7147913
297123,0.6216455
297129,0.29122323
297132,0.101905994
297139,0.46500048
297147,0.6298559
297148,0.87253535
297161,0.58003616
297167,0.2040018
297171,0.35229722
297173,0.19164819
297179,0.14457394
297189,0.7894786
297200,0.09258479
297201,0.5182618
297220,0.56846184
297229,0.56939226
297234,0.17565912
297252,0.6828148
297266,0.60412145
297269,0.035710327
297276,0.6711551
297292,0.11547858
297300,0.717431
297303,0.27811995
297305,0.61837465
297307,0.38457084
297313,0.6240008
297336,0.4315885
297340,0.6880919
297344,0.13817306
297349,0.086202905
297358,0.2000729
297363,0.44300476
297369,0.4342697
297372,0.09009674
297380,0.62747157
297384,0.32098496
297385,0.6875558
297389,0.14938435
297390,0.5496729
297415,0.5633042
297419,0.7209762
297421,0.7578383
297424,0.15395924
297431,0.39297315
297447,0.23055243
297456,0.2771501
297457,0.16604872
297463,0.16704354
297464,0.5170022
297474,0.3620888
297479,0.30033454
297480,0.7757069
297494,0.12393792
297495,0.19943352
297507,0.09476279
297514,0.26324138
297515,0.07156528
297516,0.6367381
297521,0.49526674
297534,0.40453392
297553,0.05009796
297575,0.45272565
297584,0.5958033
297586,0.23505744
297606,0.103154846
297630,0.23090667
297636,0.18276075
297646,0.16605766
297650,0.22071257
297651,0.32214284
297656,0.14362012
297675,0.43418595
297681,0.49836043
297699,0.11610162
297702,0.568705
297712,0.5322214
297718,0.4569419
297730,0.5870746
297731,0.26788858
297745,0.15251043
297768,0.75319606
297771,0.27451113
297774,0.16837445
297781,0.17414673
297786,0.69265723
297798,0.7032351
297809,0.39301994
297822,0.30672225
297828,0.2124226
297840,0.29159257
297852,0.3758537
297859,0.06607208
297868,0.5014393
297883,0.4087179
297887,0.08943495
297896,0.4422439
297898,0.2560676
297917,0.7748078
297943,0.064178795
297954,0.7246158
297965,0.23569141
297992,0.18270549
297993,0.4053257
298001,0.45735392
298005,0.71438366
298010,0.06858014
298013,0.105255276
298014,0.7341272
298015,0.28834692
298025,0.8474303
298026,0.5465748
298032,0.63840824
298039,0.75898796
298049,0.30733427
298051,0.08462725
298058,0.2858125
298062,0.12202259
298070,0.45787206
298078,0.3977012
298084,0.5976446
298108,0.6676984
298113,0.20438142
298115,0.5408218
298126,0.22237892
298131,0.037132267
298134,0.3670116
298135,0.24181698
298139,0.08920815
298142,0.12375824
298152,0.15426517
298154,0.10779872
298155,0.2762018
298161,0.75632936
298165,0.67243016
298166,0.80803865
298171,0.35361686
298179,0.41789997
298182,0.25306115
298187,0.108863056
298192,0.21323234
298194,0.40990058
298213,0.68752366
298215,0.67099845
298216,0.23544908
298217,0.16167223
298223,0.5155022
298256,0.1975143
298275,0.12617852
298277,0.5627666
298279,0.2097659
298285,0.51349366
298286,0.82818663
298296,0.081544146
298309,0.6746117
298312,0.33957395
298323,0.32602528
298330,0.07131733
298340,0.34140226
298341,0.18435057
298349,0.33100313
298353,0.18831666
298363,0.39505798
298367,0.1744141
298378,0.5254206
298380,0.5080585
298392,0.7517674
298395,0.40799165
298405,0.759434
298426,0.72521824
298427,0.31697896
298444,0.24502127
298450,0.11236979
298458,0.109352626
298462,0.16738665
298463,0.09565945
298479,0.37168995
298480,0.5111841
298487,0.48317766
298499,0.55675584
298500,0.23090447
298506,0.37383467
298507,0.060003348
298512,0.5502302
298515,0.4869654
298517,0.5175668
298532,0.66721517
298533,0.47600028
298560,0.46643293
298564,0.3147138
298567,0.8864873
298568,0.28774014
298569,0.57551146
298570,0.7787464
298579,0.29941425
298583,0.20007905
298591,0.24986587
298593,0.6396547
298600,0.114666596
298609,0.14792453
298620,0.5795189
298622,0.31838754
298628,0.06764817
298633,0.1797255
298657,0.47923768
298669,0.5320963
298671,0.5823612
298677,0.24507782
298692,0.29150912
298703,0.16298665
298705,0.16903855
298711,0.33785295
298713,0.5670863
298757,0.63090473
298766,0.08401052
298768,0.706105
298770,0.44989407
298776,0.839815
298785,0.2629423
298787,0.37233108
298792,0.5493888
298795,0.27327964
298799,0.20688604
298806,0.5946465
298810,0.5065995
298818,0.6953201
298822,0.48305893
298823,0.12820537
298834,0.26252747
298837,0.5210537
298841,0.26040536
298845,0.24139173
298852,0.40803385
298855,0.12197744
298858,0.3756661
298860,0.23325668
298861,0.16075316
298863,0.06798698
298866,0.5210593
298873,0.71542937
298880,0.56325996
298889,0.30937675
298896,0.80234367
298917,0.70999277
298929,0.39893728
298940,0.41632885
298946,0.7130952
298949,0.11768941
298966,0.47588286
298984,0.2598473
298994,0.24470878
299004,0.809223
299012,0.30959302
299022,0.6718967
299024,0.1689377
299026,0.16308746
299035,0.17450915
299036,0.25056216
299039,0.16593885
299061,0.6779368
299064,0.5402628
299067,0.26339856
299074,0.67659724
299075,0.1749191
299078,0.4965112
299109,0.58675396
299117,0.53545135
299121,0.26238573
299127,0.69337296
299134,0.66827065
299136,0.2751619
299137,0.646051
299139,0.6728991
299168,0.14816426
299176,0.17780815
299184,0.50313544
299188,0.44648513
299191,0.6704551
299208,0.41179782
299229,0.23366518
299238,0.38026306
299241,0.6223012
299257,0.24191768
299260,0.43638283
299264,0.3955251
299279,0.48947456
299308,0.081239216
299310,0.21100774
299311,0.4664263
299317,0.5350964
299325,0.38851824
299329,0.41653398
299334,0.6233823
299335,0.54930675
299339,0.3438545
299351,0.34067377
299352,0.07762923
299365,0.49651718
299393,0.36245894
299400,0.33334628
299404,0.35820395
299406,0.30640915
299410,0.67076206
299413,0.42275503
299434,0.7872505
299448,0.2719837
299463,0.5288876
299464,0.5856706
299470,0.271305
299480,0.46542603
299488,0.14695464
299496,0.549394
299501,0.31870052
299504,0.7179088
299532,0.28234982
299536,0.46431386
299550,0.30588058
299554,0.40960974
299564,0.44823837
299577,0.39321432
299581,0.38550177
299594,0.5028674
299632,0.22499366
299633,0.51662636
299650,0.7255799
299678,0.4198391
299682,0.29168317
299705,0.4554159
299719,0.41687638
299720,0.25002888
299724,0.5615291
299730,0.13737223
299750,0.26594433
299766,0.33492813
299774,0.6716318
299787,0.19324356
299817,0.25061765
299818,0.5427319
299826,0.096823126
299833,0.3350904
299845,0.39477712
299847,0.9003136
299850,0.583907
299866,0.6460659
299869,0.35550228
299870,0.6150045
299874,0.17558572
299877,0.6939536
299891,0.5161982
299898,0.55721366
299900,0.6158733
299904,0.24372922
299912,0.21798584
299914,0.22775242
299919,0.1280238
299931,0.24111769
299934,0.6324044
299941,0.86633396
299946,0.07433151
299947,0.5781564
299972,0.6745287
299973,0.76945865
299975,0.27894363
299979,0.33086213
299981,0.36727214
299983,0.6176576
299985,0.54402065
299986,0.21180765
300011,0.6794893
300013,0.36806974
300028,0.13507134
300042,0.22930837
300043,0.54781765
300058,0.6294988
300073,0.24499473
300075,0.42584845
300087,0.093748815
300090,0.3373566
300107,0.5357743
300115,0.103123374
300119,0.10808865
300122,0.765611
300125,0.47800538
300126,0.22508849
300137,0.89903194
300139,0.3647459
300145,0.55949473
300155,0.22578882
300169,0.10878483
300170,0.36245808
300175,0.1803876
300177,0.46117544
300186,0.21447864
300188,0.12727979
300194,0.37004077
300207,0.6574452
300210,0.6399109
300217,0.4227039
300221,0.16048035
300235,0.20859455
300238,0.06889054
300240,0.72886765
300241,0.29085904
300249,0.089216046
300255,0.59923416
300259,0.29110664
300272,0.25009662
300274,0.59975
300276,0.6583837
300284,0.07125664
300293,0.17386004
300306,0.20019749
300310,0.59001875
300324,0.63157344
300339,0.057845812
300346,0.20029773
300348,0.36921236
300354,0.14045201
300356,0.103610575
300358,0.123213835
300363,0.38719758
300366,0.5666395
300368,0.23826177
300370,0.40424228
300385,0.48170364
300392,0.86423796
300393,0.17592435
300403,0.41982916
300411,0.41307873
300420,0.35448122
300421,0.26456657
300435,0.7241728
300437,0.40393883
300440,0.48143244
300443,0.37617394
300456,0.6651616
300458,0.4731889
300459,0.5837156
300460,0.16872323
300462,0.4058955
300481,0.21992919
300486,0.6976066
300488,0.34060898
300503,0.474093
300506,0.2881152
300517,0.42379206
300523,0.0815191
300525,0.059565578
300526,0.58351135
300552,0.20620053
300560,0.3983318
300570,0.2222583
300583,0.5931812
300585,0.50490606
300587,0.4575957
300598,0.5870405
300600,0.2927752
300608,0.599509
300612,0.08488793
300618,0.28895804
300621,0.5363403
300640,0.22408439
300641,0.55460733
300651,0.4015434
300653,0.17110847
300667,0.19107541
300678,0.16881852
300680,0.37367553
300687,0.37968463
300702,0.7057602
300717,0.21137062
300722,0.07591464
300723,0.35198632
300732,0.61862487
300752,0.5945213
300761,0.7175485
300775,0.46504727
300786,0.6703424
300787,0.111955896
300788,0.21317568
300789,0.63523746
300794,0.46804658
300808,0.5663594
300834,0.21635291
300842,0.49266466
300844,0.67157704
300850,0.3061673
300851,0.5539444
300854,0.23687421
300866,0.13630071
300867,0.22922215
300868,0.5274248
300882,0.41930905
300883,0.3210609
300891,0.4947549
300894,0.122175746
300901,0.6577168
300904,0.46754634
300910,0.57760864
300914,0.5112159
300918,0.28569245
300948,0.749547
300954,0.368591
300958,0.6778419
300959,0.22140105
300970,0.052595355
300971,0.42597133
300975,0.5991599
300981,0.41008508
300983,0.48504472
300993,0.84706146
300996,0.1872884
301001,0.06937302
301005,0.28915966
301010,0.74175876
301021,0.8841089
301026,0.16577798
301029,0.2026
301032,0.3673465
301061,0.71601534
301073,0.044247326
301083,0.2697288
301089,0.4639576
301093,0.6714062
301098,0.11319505
301103,0.5455248
301105,0.71302974
301112,0.6826124
301120,0.14728095
301122,0.1839786
301124,0.36928275
301137,0.20183755
301169,0.35126832
301173,0.29324567
301177,0.42853418
301179,0.08658248
301180,0.6959383
301185,0.27806908
301195,0.7601973
301199,0.2674327
301201,0.24191791
301206,0.2886963
301209,0.55994684
301210,0.39794323
301216,0.79481107
301224,0.8237356
301226,0.40940186
301227,0.38710305
301243,0.32230216
301246,0.07980298
301248,0.30632725
301252,0.08782396
301259,0.75814545
301260,0.2036706
301267,0.19149677
301268,0.30763978
301274,0.16863267
301281,0.19433151
301287,0.28092322
301288,0.25401974
301299,0.15946552
301304,0.18260847
301325,0.5980611
301327,0.50895
301331,0.63806427
301332,0.2668166
301336,0.36688828
301345,0.78180164
301348,0.074008964
301356,0.45677495
301358,0.37890643
301360,0.09942055
301364,0.45346445
301389,0.18311034
301415,0.074137956
301421,0.6881155
301422,0.23248404
301424,0.5205716
301426,0.1576491
301433,0.47331554
301459,0.7483882
301460,0.57377493
301478,0.31531733
301483,0.26387948
301493,0.124395505
301494,0.11760491
301503,0.36733502
301510,0.5337217
301516,0.11059964
301530,0.4737354
301531,0.29693195
301549,0.07329904
301550,0.3865542
301555,0.42576766
301573,0.18825793
301588,0.24273369
301593,0.579519
301613,0.4872084
301625,0.57824975
301643,0.3859282
301650,0.23415363
301651,0.5464687
301652,0.22329386
301653,0.5454109
301665,0.21353315
301684,0.2783805
301686,0.7747967
301694,0.45217785
301697,0.13755965
301698,0.4555406
301717,0.122554824
301725,0.09126848
301728,0.32790533
301734,0.18360579
301749,0.66117156
301761,0.81433976
301766,0.45093295
301775,0.68688005
301782,0.45985043
301784,0.6022305
301787,0.29910797
301789,0.6138799
301790,0.53189594
301804,0.70466775
301806,0.3239203
301817,0.4141909
301826,0.24319334
301837,0.4144968
301842,0.25537592
301848,0.2474846
301859,0.61097014
301860,0.20542482
301867,0.38101405
301877,0.17939907
301883,0.26072046
301902,0.29427093
301908,0.23776992
301916,0.1953933
301920,0.16975656
301921,0.29597914
301931,0.105886124
301939,0.43159154
301941,0.31178564
301943,0.15104637
301949,0.092208795
301955,0.496359
301963,0.22557487
301968,0.20575216
301975,0.58850086
301988,0.37235498
302000,0.375225
302005,0.2038133
302007,0.47493222
302016,0.75280875
302028,0.1763536
302038,0.43590346
302043,0.11181037
302051,0.10038184
302056,0.04275142
302063,0.26507774
302072,0.30877706
302074,0.54114866
302080,0.1419617
302093,0.4120158
302096,0.4331417
302123,0.08026183
302125,0.08645634
302128,0.16672917
302145,0.46687424
302146,0.49626702
302160,0.6567444
302166,0.3349836
302174,0.26097047
302175,0.4489165
302186,0.70756453
302190,0.47761944
302202,0.51821715
302207,0.5056894
302211,0.16737798
302215,0.26152587
302216,0.32993513
302217,0.14114022
302225,0.6725858
302231,0.39097646
302233,0.13260335
302259,0.18731467
302263,0.581659
302281,0.34491044
302285,0.21841115
302288,0.22517021
302292,0.8440545
302303,0.4883155
302306,0.3935707
302309,0.5486544
302332,0.14433403
302341,0.043871053
302350,0.6474429
302352,0.46873212
302356,0.5950546
302361,0.28657866
302364,0.66610396
302373,0.14232834
302378,0.46859905
302385,0.1861766
302389,0.4166641
302393,0.61796546
302403,0.19203432
302422,0.166445
302425,0.3758564
302431,0.7704735
302443,0.51718456
302448,0.1371946
302449,0.63160664
302455,0.48961014
302460,0.12060795
302462,0.25995722
302466,0.29950544
302467,0.2935997
302470,0.43806577
302472,0.2646344
302480,0.5864787
302481,0.18655129
302491,0.537101
302494,0.0730884
302503,0.7182104
302504,0.7478376
302507,0.66119653
302527,0.38919675
302571,0.58414984
302580,0.52548814
302583,0.2880801
302591,0.058993965
302601,0.41962087
302613,0.37144685
302621,0.24921189
302638,0.17138219
302639,0.61699355
302655,0.32045835
302670,0.37737498
302673,0.7050806
302675,0.19585815
302691,0.24595724
302701,0.22247949
302705,0.20771298
302727,0.30934942
302750,0.2479012
302751,0.42120174
302757,0.64916176
302758,0.7798084
302761,0.7420365
302767,0.54041094
302787,0.23511447
302797,0.18420039
302799,0.65682733
302800,0.42270315
302815,0.22983764
302826,0.7923813
302827,0.116690196
302842,0.07325662
302856,0.22645305
302877,0.2752333
302879,0.3773789
302881,0.4199613
302882,0.4560124
302885,0.3966388
302905,0.20700876
302911,0.10661703
302916,0.5198019
302919,0.6139594
302947,0.30472973
302957,0.57558763
302968,0.24331224
302978,0.5499229
302984,0.6370476
302991,0.07342672
303007,0.46708286
303010,0.22703739
303012,0.53056693
303013,0.7528067
303024,0.20971483
303027,0.4906847
303034,0.26556835
303036,0.5191168
303037,0.20301859
303050,0.30645645
303060,0.56608975
303062,0.25706223
303066,0.10173207
303068,0.6542871
303077,0.81982374
303080,0.08900408
303082,0.32795972
303083,0.2717082
303085,0.5096446
303087,0.35704914
303089,0.30170286
303103,0.12412544
303105,0.1450243
303106,0.62741286
303120,0.34688285
303121,0.08602471
303127,0.1966942
303130,0.33689508
303142,0.064910546
303162,0.4301507
303169,0.5238696
303189,0.12897632
303220,0.25381818
303222,0.7134597
303223,0.2579793
303227,0.28424883
303262,0.4991235
303264,0.22782259
303277,0.4165901
303288,0.084189594
303292,0.23767829
303294,0.7424382
303301,0.871915
303312,0.51517445
303328,0.49447885
303330,0.106746845
303347,0.17950653
303354,0.106934674
303356,0.07904188
303362,0.18507467
303377,0.52118254
303386,0.51729274
303393,0.10756903
303397,0.2256127
303403,0.6744339
303413,0.057956684
303416,0.5565694
303428,0.25132445
303429,0.60068923
303432,0.32509983
303446,0.7335396
303455,0.7195429
303464,0.27124673
303465,0.17403327
303473,0.54906255
303476,0.6377697
303479,0.395674
303482,0.16774139
303484,0.31527427
303492,0.5495086
303493,0.76308507
303497,0.40812856
303498,0.4174601
303499,0.19814414
303509,0.114110455
303513,0.27869555
303524,0.085797265
303525,0.7357621
303540,0.32628208
303544,0.17531435
303548,0.25983286
303551,0.34828624
303569,0.44908875
303584,0.42004073
303592,0.6982143
303602,0.68658805
303607,0.5659457
303619,0.37226897
303630,0.36077768
303643,0.8498815
303644,0.69109493
303670,0.5910274
303671,0.37036765
303678,0.31042072
303689,0.18668309
303698,0.3741975
303702,0.29097387
303704,0.40219292
303711,0.13361177
303727,0.26320976
303728,0.11330573
303741,0.7866964
303752,0.21069184
303755,0.19235842
303777,0.33128336
303790,0.6732948
303798,0.21632488
303804,0.7743469
303812,0.26926172
303814,0.5376875
303817,0.8238691
303818,0.5320914
303848,0.42023212
303850,0.0884638
303854,0.20027174
303857,0.17028272
303860,0.20417659
303870,0.57064474
303877,0.14538272
303884,0.6143758
303893,0.11221341
303899,0.40173244
303900,0.7975553
303902,0.31283206
303906,0.5610107
303920,0.6466697
303937,0.31743315
303939,0.20567885
303941,0.18038416
303962,0.42584482
303963,0.57063603
303971,0.30468106
303978,0.25664923
303980,0.6274029
303986,0.5202472
304018,0.703255
304025,0.073992744
304027,0.14776425
304028,0.64963955
304029,0.31687894
304030,0.15672491
304035,0.34166193
304040,0.59647876
304058,0.5913695
304083,0.3393003
304089,0.73791915
304092,0.531037
304093,0.24241738
304100,0.12777707
304121,0.476913
304142,0.3847832
304154,0.38987404
304158,0.8077359
304164,0.34389666
304173,0.74712175
304175,0.27491075
304182,0.2116874
304194,0.23118329
304201,0.36836714
304202,0.36347118
304206,0.41324177
304210,0.36798948
304226,0.09418327
304237,0.12848349
304256,0.47359446
304257,0.16598341
304265,0.1322432
304271,0.67987007
304274,0.5868335
304286,0.523098
304292,0.40527496
304299,0.29671595
304350,0.25082728
304352,0.11217399
304355,0.15175603
304360,0.28472382
304361,0.68676555
304363,0.5617791
304375,0.58893716
304378,0.17599075
304382,0.62998635
304385,0.7781641
304386,0.5113778
304387,0.51331514
304388,0.28310332
304391,0.4443872
304398,0.45949948
304406,0.19867878
304420,0.35240057
304431,0.35287204
304436,0.87690324
304438,0.12452326
304440,0.2691599
304441,0.16882665
304450,0.12856577
304451,0.81330687
304454,0.5100081
304462,0.65038353
304466,0.6056977
304469,0.79997987
304472,0.30108094
304475,0.7904102
304481,0.15781279
304483,0.21572095
304485,0.51345694
304486,0.1594517
304504,0.5260484
304505,0.21497212
304512,0.26332483
304516,0.566592
304517,0.124468215
304528,0.2526857
304530,0.50727737
304536,0.1493496
304549,0.06354013
304552,0.66305894
304554,0.5453029
304581,0.31205922
304593,0.14098695
304596,0.7014797
304604,0.2837993
304610,0.4731683
304614,0.17580955
304628,0.7493344
304629,0.269315
304637,0.3272327
304644,0.06729838
304654,0.37252498
304664,0.7534283
304676,0.21795033
304680,0.60259086
304687,0.11789526
304696,0.4348988
304698,0.50482374
304700,0.46185136
304703,0.42201474
304704,0.1847906
304710,0.425289
304717,0.3199413
304729,0.7478937
304732,0.36283746
304736,0.06672015
304738,0.5430026
304756,0.22917685
304771,0.0709953
304773,0.12023115
304776,0.3312549
304778,0.120739155
304779,0.70180047
304780,0.086094074
304790,0.5301683
304793,0.08142787
304805,0.763269
304811,0.1453525
304825,0.39930677
304828,0.644399
304829,0.4601479
304842,0.60343397
304851,0.51880914
304857,0.20062602
304884,0.40972695
304891,0.37060544
304897,0.480032
304898,0.3970747
304905,0.37890178
304907,0.48810655
304917,0.2565712
304931,0.22885346
304935,0.12171451
304942,0.5156907
304954,0.6431796
304959,0.052664764
304968,0.48902434
304971,0.24270076
304977,0.39811304
304982,0.30004954
304985,0.29058936
304991,0.29730037
304992,0.685495
304997,0.5311544
305004,0.19708319
305008,0.21415581
305019,0.2783955
305020,0.6432126
305025,0.21622103
305037,0.16266435
305046,0.74130636
305056,0.16310911
305062,0.2238152
305064,0.787247
305065,0.25746125
305076,0.6379613
305108,0.27919185
305110,0.13185799
305115,0.59745604
305121,0.6894842
305125,0.18224564
305141,0.1604064
305151,0.10587074
305159,0.19754592
305162,0.4307601
305165,0.3024111
305174,0.33280206
305178,0.4749398
305180,0.58709764
305182,0.370018
305183,0.2561761
305194,0.3056076
305199,0.7731683
305210,0.4100871
305214,0.8467304
305215,0.36125335
305218,0.5447535
305225,0.1603221
305229,0.19356064
305231,0.037832834
305233,0.2723135
305237,0.070435785
305260,0.19031222
305261,0.48007494
305278,0.4823463
305286,0.6240137
305293,0.1350476
305300,0.14050658
305301,0.6053224
305326,0.7118073
305334,0.22367069
305340,0.5641306
305348,0.31457117
305352,0.29279715
305359,0.24283801
305360,0.028150927
305362,0.2924853
305383,0.05258226
305406,0.3257609
305408,0.52636635
305412,0.5869103
305413,0.36312938
305414,0.6977707
305417,0.20713848
305421,0.23636822
305422,0.26901886
305447,0.2688045
305448,0.6524447
305450,0.28732216
305452,0.28560442
305459,0.24024525
305460,0.32823026
305474,0.31103227
305475,0.18158294
305481,0.77367324
305494,0.37730294
305503,0.6026343
305507,0.17551146
305508,0.5771972
305513,0.4389396
305518,0.30281484
305523,0.66946363
305526,0.5730286
305529,0.14508998
305532,0.50055516
305543,0.6950056
305555,0.103471436
305562,0.1605336
305571,0.11527163
305578,0.6645375
305579,0.029539842
305584,0.44415903
305603,0.23352556
305620,0.8495685
305626,0.33339882
305636,0.32865408
305640,0.28961572
305653,0.39922667
305662,0.4431752
305663,0.22342257
305667,0.16049114
305683,0.5360075
305698,0.20794351
305699,0.45480278
305707,0.35286242
305717,0.7820247
305723,0.15468691
305735,0.22301093
305738,0.7120937
305746,0.3418126
305766,0.44455704
305773,0.041429274
305776,0.1436507
305777,0.12425267
305809,0.27057165
305813,0.27187183
305816,0.2365823
305820,0.3497076
305826,0.607169
305838,0.5842148
305839,0.20019898
305846,0.60999364
305861,0.38452002
305863,0.80615026
305869,0.2873149
305872,0.25058246
305876,0.13899009
305881,0.72699994
305887,0.32517445
305894,0.16469635
305898,0.16620293
305905,0.3186581
305908,0.13830769
305914,0.6411022
305915,0.109653
305922,0.08206104
305938,0.72478855
305946,0.21247177
305956,0.27622205
305963,0.26515207
305965,0.16372514
305988,0.25902557
305990,0.1947397
305991,0.5345142
305994,0.2722635
305998,0.35037652
306003,0.19746685
306012,0.19219312
306016,0.2394318
306021,0.624602
306025,0.60746217
306030,0.70913684
306047,0.1060496
306051,0.21586902
306063,0.74360156
306066,0.3866352
306069,0.32129967
306074,0.45439017
306091,0.40076977
306094,0.4538304
306095,0.24515334
306114,0.35294813
306116,0.04410801
306121,0.1622602
306127,0.77252996
306128,0.52102387
306133,0.49001214
306142,0.32576457
306144,0.2929174
306150,0.280738
306153,0.12673025
306156,0.5859365
306159,0.791156
306161,0.15139094
306173,0.28223643
306175,0.57654613
306193,0.48072967
306194,0.4206624
306198,0.4519163
306203,0.4412052
306209,0.59666514
306212,0.114776455
306216,0.7593595
306233,0.11845685
306247,0.47632143
306264,0.31442168
306267,0.4197017
306293,0.29970533
306302,0.8479809
306305,0.11358413
306311,0.20387876
306345,0.31552693
306357,0.20072754
306368,0.1495811
306372,0.6948186
306378,0.75391567
306389,0.19100092
306398,0.53666174
306414,0.5772893
306419,0.4146001
306437,0.18039058
306438,0.5810017
306441,0.71179736
306443,0.37586153
306450,0.46860716
306464,0.43178365
306468,0.60448515
306469,0.0664031
306484,0.40912488
306527,0.28536487
306538,0.40774518
306547,0.7626432
306554,0.68724024
306557,0.6844113
306560,0.2399857
306561,0.22106577
306565,0.045068037
306569,0.27186596
306576,0.41021124
306587,0.31919873
306604,0.38271955
306624,0.39595643
306625,0.7628519
306628,0.5960536
306647,0.63479793
306651,0.3332089
306658,0.2554871
306660,0.8457143
306664,0.27458012
306670,0.78465486
306699,0.47851002
306701,0.24801335
306712,0.23023276
306716,0.38382983
306727,0.20744525
306729,0.3866433
306735,0.14617525
306739,0.5107026
306756,0.49426568
306757,0.29184636
306767,0.36281803
306775,0.33959436
306795,0.3088506
306799,0.6118996
306800,0.23478776
306805,0.3759212
306812,0.15063009
306820,0.34264693
306840,0.4656963
306845,0.5336085
306848,0.15027484
306856,0.41850734
306862,0.28448752
306863,0.3070203
306868,0.8034359
306873,0.5671682
306876,0.6509657
306893,0.09065661
306896,0.64061815
306899,0.24776496
306907,0.5694225
306908,0.35604775
306917,0.7060017
306927,0.5201847
306930,0.0969846
306935,0.27433833
306942,0.2994872
306951,0.11687525
306961,0.45646814
306970,0.82148767
306972,0.73142284
306973,0.164406
306976,0.1807478
306978,0.4341132
306990,0.5863757
306992,0.5057822
306995,0.1151837
307001,0.82730234
307004,0.81786186
307005,0.6352023
307006,0.16528636
307010,0.1533168
307011,0.51138365
307014,0.08508759
307016,0.21010798
307022,0.08060814
307027,0.7548631
307052,0.32652268
307061,0.4444175
307072,0.8883805
307078,0.08710278
307111,0.078070424
307112,0.12055078
307134,0.6369239
307143,0.39078477
307147,0.24002586
307148,0.45020908
307162,0.4595592
307166,0.12865266
307168,0.4195535
307174,0.16527492
307177,0.047481924
307197,0.4504771
307198,0.46594867
307199,0.44993567
307205,0.33210233
307207,0.2648913
307210,0.14005105
307212,0.14539082
307223,0.071049824
307224,0.11999395
307236,0.59489423
307241,0.5409422
307242,0.6006823
307259,0.510526
307271,0.70043766
307274,0.4775529
307281,0.5305447
307288,0.4677542
307294,0.1878818
307302,0.41061756
307308,0.24471314
307313,0.38011387
307344,0.62753874
307350,0.36178333
307366,0.46460614
307372,0.10244243
307373,0.39285287
307374,0.15608679
307378,0.21101423
307384,0.37022492
307398,0.4541121
307406,0.54544353
307416,0.2771826
307420,0.3220465
307424,0.22656429
307427,0.34906787
307429,0.30486977
307436,0.23149218
307456,0.4737201
307491,0.23944052
307494,0.13402325
307496,0.07079912
307500,0.21383075
307504,0.44401658
307509,0.66898906
307511,0.76806784
307520,0.19730699
307527,0.1764575
307537,0.50744414
307539,0.368576
307558,0.38740817
307561,0.34886643
307575,0.66437143
307577,0.2808095
307588,0.23570126
307636,0.43274853
307639,0.73250705
307641,0.11112515
307646,0.34748244
307653,0.47314495
307661,0.81384987
307669,0.60300344
307674,0.1488886
307678,0.23947442
307691,0.13257585
307697,0.13015695
307699,0.1258251
307702,0.16963224
307708,0.36214963
307712,0.62647444
307716,0.22145878
307729,0.13111135
307753,0.43287426
307765,0.87750304
307781,0.57196295
307787,0.44843268
307788,0.25583246
307798,0.30117634
307799,0.53695375
307800,0.5132944
307801,0.64495903
307804,0.15540399
307816,0.2327463
307820,0.071834475
307824,0.26718286
307828,0.13215321
307832,0.5391588
307836,0.389407
307842,0.40986457
307851,0.87162274
307856,0.109301016
307861,0.36754045
307879,0.46881846
307904,0.6167484
307911,0.41629627
307912,0.05227857
307913,0.8031542
307922,0.15145734
307924,0.36563733
307925,0.48462301
307929,0.3540621
307933,0.8058182
307945,0.22901955
307948,0.1306865
307961,0.7092475
307962,0.32064018
307963,0.23319256
307971,0.4032846
307983,0.5668714
307984,0.62906766
307988,0.43062723
307993,0.3974648
307994,0.44650346
308007,0.5465906
308008,0.29511446
308018,0.4786152
308023,0.07347951
308026,0.120395206
308028,0.3360825
308030,0.37127197
308034,0.66663146
308053,0.11063528
308065,0.4276609
308095,0.10344895
308096,0.56825775
308100,0.15895519
308114,0.24381633
308116,0.6884504
308120,0.2772919
308128,0.37674716
308132,0.30721593
308134,0.54802847
308140,0.5463613
308142,0.60498387
308164,0.15120155
308168,0.73157024
308169,0.72303045
308171,0.5676798
308176,0.17413366
308177,0.16652648
308179,0.14645119
308180,0.81405616
308184,0.2721594
308188,0.5399716
308189,0.04013075
308190,0.3488866
308200,0.6755016
308210,0.38668248
308211,0.6669291
308218,0.583971
308220,0.1031413
308228,0.21078375
308231,0.30444866
308236,0.11123164
308247,0.23125792
308251,0.49719167
308260,0.24834795
308266,0.29271275
308267,0.13414642
308280,0.6703831
308298,0.21353537
308301,0.07023832
308309,0.32479715
308312,0.71038866
308325,0.4590383
308334,0.65527034
308339,0.49686325
308346,0.55307895
308359,0.35822675
308360,0.39804283
308380,0.47719148
308391,0.50809866
308403,0.032878917
308408,0.401212
308410,0.83758456
308415,0.673445
308420,0.18169458
308427,0.225222
308442,0.067345895
308447,0.80840737
308462,0.40607098
308464,0.41956106
308465,0.46424973
308467,0.61058724
308468,0.37264067
308476,0.24728686
308488,0.43588942
308498,0.40796113
308504,0.17194141
308507,0.070847414
308509,0.09948837
308521,0.4270806
308536,0.5126232
308537,0.21580714
308543,0.108961225
308547,0.2565036
308559,0.47690088
308565,0.6527844
308569,0.4952897
308584,0.13799997
308591,0.5609049
308608,0.12424422
308610,0.31960088
308613,0.17551987
308618,0.4068985
308623,0.30660948
308632,0.15793277
308636,0.42102262
308641,0.21188842
308643,0.30692962
308664,0.6095997
308678,0.11447925
308679,0.5079049
308691,0.16927637
308692,0.42969364
308701,0.17893198
308709,0.8035905
308711,0.689238
308719,0.3939708
308723,0.2811532
308727,0.57980734
308732,0.3623175
308738,0.034586996
308747,0.07425871
308749,0.30211636
308755,0.2734922
308756,0.6897059
308761,0.07803371
308779,0.36298743
308780,0.70425606
308784,0.31536418
308789,0.5576403
308807,0.23491977
308818,0.8504203
308819,0.44474107
308822,0.82499415
308827,0.21542455
308831,0.30784693
308833,0.27573475
308842,0.37768283
308868,0.09711259
308871,0.17679127
308881,0.21448751
308889,0.12583284
308892,0.3337863
308900,0.17448863
308903,0.24520206
308912,0.5624382
308916,0.4203729
308919,0.5850454
308920,0.21793419
308921,0.16586195
308928,0.20613581
308929,0.77848965
308934,0.49943665
308940,0.47835645
308941,0.11536114
308946,0.22535849
308956,0.51817673
308958,0.16234756
308963,0.091006115
308965,0.21857007
308971,0.31853217
308977,0.18344264
308985,0.15288545
308987,0.37077507
308995,0.44708493
309005,0.46667436
309007,0.7785036
309015,0.08318545
309016,0.6845514
309018,0.4072809
309019,0.34674048
309035,0.29651907
309042,0.5335365
309044,0.11065067
309052,0.49903402
309061,0.3783006
309064,0.35160574
309072,0.45326775
309075,0.37539065
309083,0.16106588
309099,0.7047809
309124,0.13696344
309125,0.49392548
309146,0.12521762
309159,0.14749464
309161,0.26252964
309168,0.5921252
309180,0.19344503
309185,0.5362539
309195,0.44309443
309198,0.11016199
309200,0.411816
309202,0.518402
309204,0.4289941
309213,0.7554048
309227,0.5876506
309234,0.24625298
309241,0.46358973
309242,0.46292415
309244,0.3131288
309246,0.6053276
309250,0.33048043
309251,0.7083519
309274,0.75600314
309276,0.49482128
309280,0.62757236
309298,0.79696876
309301,0.35909644
309302,0.23266283
309326,0.20364915
309335,0.30574745
309341,0.37616447
309343,0.27696565
309344,0.22105092
309354,0.31784478
309362,0.41497195
309399,0.32043892
309406,0.7020973
309409,0.24489048
309411,0.59040886
309418,0.7678097
309421,0.42850545
309435,0.17576113
309443,0.68732584
309455,0.49975455
309462,0.47383168
309473,0.50542134
309476,0.8369204
309478,0.15769206
309493,0.1433283
309502,0.59193313
309508,0.71302897
309526,0.66164213
309536,0.094377585
309544,0.11734863
309547,0.4726707
309555,0.17204666
309562,0.20979723
309569,0.5859889
309574,0.50588405
309577,0.17302598
309578,0.59333634
309579,0.46814594
309585,0.1667115
309588,0.2936228
309603,0.48167247
309604,0.2461456
309617,0.6162212
309620,0.09327622
309623,0.15424535
309648,0.72489387
309665,0.56275004
309682,0.15084575
309694,0.30927315
309702,0.32928813
309711,0.1620141
309713,0.5991178
309729,0.058657065
309735,0.24353741
309744,0.30451047
309749,0.66718197
309750,0.15309551
309759,0.5409785
309761,0.3273307
309770,0.5732981
309776,0.33619875
309777,0.18474458
309789,0.12557489
309790,0.037354656
309800,0.4420731
309813,0.22086574
309814,0.5442259
309815,0.7406008
309825,0.38415703
309826,0.24600919
309829,0.2134091
309831,0.047361612
309837,0.075533815
309846,0.42138833
309849,0.71901375
309855,0.24958323
309860,0.6598056
309879,0.16831881
309882,0.8271453
309887,0.3469303
309892,0.47076148
309895,0.5637854
309902,0.13147956
309915,0.3640837
309923,0.11547197
309941,0.7960352
309942,0.6546737
309945,0.20073184
309950,0.6322821
309955,0.31825522
309963,0.2186082
309964,0.27335632
309967,0.75412226
309969,0.43494335
309971,0.093262464
309978,0.66015947
309987,0.5629335
309990,0.7985758
309992,0.32433462
309993,0.44917777
310010,0.545655
310012,0.1834984
310017,0.08961428
310018,0.26585624
310022,0.44015777
310031,0.21436833
310033,0.296563
310034,0.5397443
310038,0.51485455
310044,0.67407495
310062,0.18962255
310071,0.23890081
310075,0.35240012
310082,0.6652421
310093,0.61268574
310101,0.036879186
310106,0.0825363
310118,0.82022655
310123,0.1952161
310126,0.118829876
310130,0.28660354
310141,0.33491623
310145,0.6091913
310148,0.3508849
310150,0.4362484
310159,0.6859978
310162,0.3787952
310163,0.45559725
310166,0.06559719
310167,0.15979461
310170,0.45201904
310181,0.15660933
310187,0.3437914
310191,0.041983724
310192,0.29449362
310197,0.45875096
310200,0.14372411
310201,0.63000906
310203,0.14734894
310204,0.08825192
310213,0.2851577
310215,0.3841661
310218,0.7364852
310236,0.54189384
310238,0.1900438
310241,0.30210084
310245,0.8534583
310252,0.3137472
310259,0.28636312
310260,0.7241798
310261,0.14248967
310262,0.1878571
310274,0.25299516
310294,0.89014095
310296,0.7492216
310298,0.41885749
310306,0.36747405
310307,0.5346324
310316,0.059930973
310329,0.4751863
310338,0.6088451
310342,0.44728455
310343,0.66214985
310360,0.37031838
310362,0.93323493
310378,0.2484898
310379,0.22361507
310383,0.26640207
310385,0.3232693
310387,0.6728833
310388,0.20496793
310400,0.2561236
310408,0.6644334
310414,0.5522328
310423,0.063159466
310424,0.7016855
310428,0.5800708
310432,0.41123998
310456,0.13120076
310463,0.7359396
310475,0.5029243
310476,0.4472445
310482,0.34520128
310485,0.12823124
310490,0.27309245
310496,0.1166802
310505,0.548335
310519,0.13266058
310546,0.4768744
310547,0.34464386
310553,0.2835733
310555,0.12590227
310556,0.8060945
310568,0.104122736
310573,0.53304815
310574,0.15363277
310577,0.32441738
310580,0.4149758
310581,0.23186496
310583,0.48453215
310586,0.2202466
310591,0.35155398
310598,0.22706577
310606,0.5908763
310628,0.16272736
310634,0.4346788
310638,0.49375027
310646,0.12419282
310648,0.6333988
310654,0.12619926
310659,0.6519462
310663,0.4364789
310669,0.27945986
310670,0.53673655
310674,0.368122
310691,0.5249961
310693,0.4337142
310702,0.21315068
310706,0.30434677
310709,0.17906125
310711,0.49772432
310720,0.68304443
310739,0.7502838
310742,0.50645906
310743,0.34226185
310752,0.29646936
310753,0.6141612
310757,0.815454
310763,0.23381653
310764,0.24573119
310769,0.107231885
310771,0.57821536
310775,0.06662712
310779,0.38009518
310781,0.428207
310784,0.19315343
310793,0.45968994
310794,0.16812073
310816,0.6050099
310823,0.31520635
310837,0.2947501
310856,0.30816296
310865,0.3914453
310866,0.23589958
310872,0.4463545
310877,0.8387239
310879,0.50452375
310883,0.13950314
310884,0.67813456
310908,0.13114575
310928,0.1271351
310935,0.06913969
310954,0.29299483
310964,0.6931738
310971,0.49370915
310972,0.6413074
310983,0.60405755
310988,0.05293227
310994,0.3177545
311003,0.13764364
311020,0.20879124
311024,0.5460173
311037,0.3405304
311064,0.3393434
311070,0.20836052
311086,0.7510565
311087,0.55830973
311108,0.069084756
311110,0.18311337
311115,0.22366165
311116,0.8107928
311117,0.23964597
311128,0.507309
311136,0.4064753
311146,0.15816352
311155,0.44664073
311157,0.2842122
311159,0.60241336
311170,0.6291567
311184,0.3334654
311199,0.047175687
311208,0.3627397
311209,0.2462922
311220,0.8109301
311230,0.3406733
311233,0.056238245
311241,0.64499867
311261,0.09038761
311262,0.23961909
311268,0.21444215
311277,0.540081
311296,0.43791404
311298,0.1925461
311310,0.7917141
311313,0.6866498
311316,0.60878843
311324,0.19661522
311327,0.23795746
311331,0.3737875
311335,0.16117567
311343,0.2316869
311346,0.25990245
311357,0.6450139
311358,0.100182965
311365,0.119522944
311370,0.24970885
311376,0.30055746
311380,0.54771566
311393,0.15815881
311399,0.3267335
311404,0.30987617
311409,0.15124467
311425,0.3267675
311436,0.24848337
311455,0.15195546
311459,0.45257705
311475,0.64374167
311499,0.5797777
311509,0.10098535
311518,0.07118446
311535,0.4305705
311536,0.13172458
311540,0.477112
311542,0.63113695
311552,0.807366
311562,0.7891647
311580,0.04913299
311583,0.5721147
311588,0.68779457
311595,0.2090054
311601,0.35868326
311605,0.4627957
311609,0.8116979
311612,0.5031914
311621,0.497687
311623,0.065345295
311625,0.59273624
311636,0.2849647
311637,0.2556728
311646,0.5502663
311648,0.101996824
311654,0.2681751
311663,0.5091469
311676,0.5307911
311679,0.14493693
311683,0.39315167
311685,0.20448726
311691,0.1510975
311695,0.21341485
311700,0.23864955
311710,0.40962774
311714,0.29176503
311716,0.52789366
311725,0.49363947
311727,0.5438323
311728,0.17006175
311737,0.67805374
311738,0.32271057
311743,0.5274174
311746,0.07941817
311747,0.64631903
311761,0.76374
311765,0.11184147
311773,0.3328958
311776,0.20261148
311786,0.8405804
311801,0.43530035
311820,0.27995902
311822,0.68381464
311829,0.26118517
311835,0.13796759
311846,0.4257097
311851,0.58316076
311854,0.28537872
311872,0.24384049
311875,0.19846576
311888,0.3539866
311916,0.6024583
311928,0.19064568
311931,0.3188441
311933,0.77075773
311934,0.1756555
311948,0.1638514
311949,0.70650846
311950,0.23209809
311952,0.4358944
311954,0.5282352
311962,0.5623549
311965,0.2520729
311968,0.63908476
311976,0.54105496
311977,0.21873826
311983,0.45120206
311989,0.069136634
311996,0.6423318
311999,0.22880927
312007,0.8173218
312022,0.5045979
312023,0.454245
312034,0.1276665
312042,0.18594523
312049,0.2565877
312077,0.34024957
312088,0.39642814
312091,0.56687194
312114,0.46468186
312115,0.3284472
312117,0.6592057
312119,0.7449466
312126,0.80072284
312127,0.1471043
312134,0.614341
312164,0.24895684
312176,0.3396783
312178,0.23380105
312184,0.11552301
312185,0.6473118
312186,0.25275162
312191,0.40059587
312197,0.22386324
312213,0.8458748
312223,0.71561295
312224,0.7686504
312225,0.4463238
312226,0.48606062
312231,0.060906596
312239,0.59929323
312251,0.32026753
312271,0.0991851
312278,0.24774034
312281,0.101060115
312289,0.23592097
312291,0.32265505
312301,0.17572932
312302,0.26412955
312316,0.555842
312324,0.4252189
312338,0.03792467
312361,0.07228854
312363,0.756443
312368,0.1637673
312382,0.19397998
312384,0.49879164
312390,0.2518984
312395,0.51596653
312396,0.6415785
312400,0.41099328
312406,0.54819983
312412,0.122355975
312414,0.6378606
312417,0.3430309
312425,0.4648072
312428,0.107150786
312431,0.6194378
312437,0.63023895
312442,0.1840072
312451,0.6399371
312460,0.32899433
312464,0.7070531
312466,0.06447244
312470,0.32866418
312473,0.5869835
312490,0.2461171
312493,0.70123136
312503,0.09617589
312509,0.78631765
312520,0.40418944
312528,0.03060598
312543,0.31892145
312544,0.30300966
312553,0.20134072
312558,0.15171243
312565,0.61706716
312568,0.5840351
312579,0.29287827
312581,0.42679748
312582,0.35458374
312596,0.5451198
312597,0.19255917
312598,0.223562
312617,0.7421168
312627,0.55524176
312635,0.1608185
312637,0.60609263
312639,0.18329391
312640,0.8142616
312642,0.8605369
312651,0.44506896
312663,0.28960377
312668,0.52373844
312685,0.18912542
312691,0.34601513
312693,0.55464
312710,0.3692684
312711,0.1751915
312712,0.053738035
312720,0.34127158
312746,0.75450283
312763,0.08628509
312770,0.5256648
312791,0.7425001
312795,0.35004073
312796,0.3428195
312797,0.6398799
312804,0.3282204
312812,0.16018775
312813,0.21796858
312825,0.24568518
312827,0.56056166
312841,0.41654685
312842,0.8431461
312845,0.2132687
312856,0.22884786
312866,0.2156528
312870,0.80969095
312879,0.532242
312895,0.1378996
312901,0.26280174
312909,0.14351565
312910,0.27228916
312916,0.12813948
312926,0.20895292
312942,0.6199848
312946,0.5812808
312950,0.30442572
312952,0.38459522
312963,0.22278771
312968,0.4797337
312976,0.23181741
312980,0.5387843
312984,0.5294799
312987,0.5195312
312994,0.08761331
312996,0.566979
312997,0.5692448
313019,0.26935855
313020,0.0747125
313028,0.31236532
313041,0.68652457
313045,0.09556063
313048,0.6353095
313052,0.5802674
313062,0.5488237
313063,0.50304604
313066,0.23322529
313071,0.4639382
313085,0.34220517
313099,0.894248
313109,0.7195331
313131,0.12302162
313139,0.4259193
313141,0.29543793
313142,0.70773137
313145,0.72618294
313153,0.52756524
313157,0.113383375
313161,0.4700479
313165,0.5061305
313179,0.6780227
313208,0.6976872
313228,0.7561608
313236,0.1877416
313243,0.15864414
313245,0.089066714
313249,0.26276723
313275,0.26618743
313276,0.46156177
313280,0.25769904
313284,0.6684126
313285,0.32702798
313292,0.17275487
313297,0.4819309
313304,0.17227115
313322,0.2055401
313323,0.54060405
313325,0.06789873
313326,0.26098514
313334,0.19449398
313336,0.27845848
313337,0.75156206
313339,0.25101417
313340,0.49825978
313341,0.7607575
313343,0.7208919
313346,0.74729556
313348,0.8326516
313359,0.2347711
313365,0.3198749
313375,0.76665646
313381,0.36920458
313382,0.10680479
313389,0.2561201
313390,0.09716451
313391,0.6906736
313410,0.60271424
313416,0.3101935
313417,0.4523787
313426,0.53831804
313429,0.32931036
313469,0.10727838
313479,0.118004456
313485,0.7880244
313494,0.03377035
313496,0.3208036
313501,0.2226839
313506,0.22157463
313521,0.3251128
313524,0.29045162
313538,0.6003202
313550,0.54346615
313557,0.57457054
313573,0.14066254
313583,0.24320185
313592,0.44704825
313602,0.23633008
313604,0.60104454
313606,0.7075812
313617,0.5486329
313622,0.23514864
313625,0.4922669
313638,0.16590258
313639,0.3283975
313645,0.47553983
313655,0.31860772
313656,0.92774665
313663,0.42051408
313669,0.59118307
313670,0.35960498
313676,0.44574234
313689,0.8627885
313699,0.2862861
313711,0.124768615
313720,0.63313335
313731,0.77933186
313736,0.84721845
313741,0.23754825
313744,0.31273115
313749,0.7439552
313750,0.2535301
313753,0.52647275
313763,0.29116708
313765,0.7365111
313776,0.18971269
313778,0.6097901
313781,0.18642943
313786,0.8235648
313787,0.1477791
313795,0.229176
313809,0.45160365
313810,0.44594714
313811,0.8194029
313818,0.879649
313825,0.478874
313830,0.24591444
313831,0.41249374
313834,0.31917828
313837,0.8467913
313841,0.25423738
313859,0.09336954
313882,0.22413075
313887,0.82558894
313900,0.26250583
313902,0.57250386
313906,0.10590506
313930,0.26264966
313932,0.43181315
313943,0.34928188
313944,0.17281425
313957,0.19887322
313970,0.76128465
313980,0.15704997
313982,0.18384168
313999,0.68812495
314000,0.4296918
314003,0.67107916
314004,0.3537541
314005,0.8335307
314007,0.24248101
314010,0.8089622
314011,0.13148142
314016,0.700295
314023,0.39105377
314024,0.23097646
314031,0.2690006
314038,0.48545477
314041,0.26972324
314061,0.24872477
314073,0.2815399
314091,0.64089155
314097,0.7971387
314099,0.46601766
314107,0.45791915
314124,0.68859744
314127,0.473616
314131,0.07453826
314132,0.15992895
314137,0.5936642
314139,0.03938787
314143,0.26448983
314149,0.11912171
314153,0.18917489
314154,0.7973042
314160,0.32058716
314167,0.15744616
314171,0.09988924
314182,0.5491828
314190,0.09630242
314194,0.16326241
314198,0.5798911
314211,0.32434815
314220,0.6745536
314245,0.13274698
314247,0.21144141
314256,0.18519402
314259,0.4320934
314267,0.38654688
314271,0.35575393
314278,0.50577813
314282,0.08486843
314283,0.42782637
314294,0.5770042
314298,0.34700194
314299,0.7596774
314306,0.25045136
314307,0.4831464
314308,0.1895618
314309,0.12345888
314317,0.50605243
314323,0.44081014
314332,0.12383062
314334,0.28633544
314335,0.41096276
314337,0.24504489
314343,0.46953472
314344,0.123262025
314346,0.15201665
314351,0.33710292
314354,0.1768084
314355,0.14653727
314359,0.31661624
314364,0.32067612
314366,0.26194197
314367,0.6604095
314374,0.24695887
314376,0.27076837
314387,0.5087292
314405,0.6591915
314412,0.08214252
314418,0.5799035
314429,0.59209585
314438,0.814825
314442,0.36261952
314477,0.32475105
314480,0.35510457
314486,0.41749048
314487,0.73938644
314488,0.610127
314490,0.13315412
314523,0.10639671
314528,0.8465972
314535,0.20973764
314542,0.5611444
314560,0.36645085
314585,0.6325198
314594,0.49041572
314596,0.5563999
314601,0.30224264
314603,0.14601074
314612,0.7615613
314615,0.80700517
314619,0.13418104
314621,0.62045705
314627,0.5329818
314629,0.41253877
314635,0.864689
314639,0.2488676
314646,0.42990473
314650,0.7332624
314661,0.32209268
314690,0.13217491
314699,0.24635157
314705,0.5700114
314709,0.14239588
314710,0.13791981
314711,0.21744141
314714,0.37231424
314719,0.2930046
314722,0.28166804
314723,0.51164377
314729,0.27199668
314732,0.5251159
314734,0.6245352
314746,0.26763308
314761,0.87890345
314769,0.48457912
314773,0.6166393
314774,0.5125242
314776,0.39459997
314780,0.16563196
314785,0.55671304
314789,0.77449685
314796,0.55221003
314810,0.3338786
314812,0.17758358
314817,0.14525609
314822,0.44607413
314840,0.6356356
314843,0.13934337
314853,0.4108528
314856,0.2987498
314862,0.5280474
314864,0.113110565
314878,0.36896452
314894,0.21297462
314906,0.93017495
314912,0.10488058
314914,0.06423095
314933,0.57606155
314941,0.058283363
314949,0.13062423
314950,0.34655097
314952,0.36762834
314961,0.5928633
314970,0.5371908
314972,0.6258175
314975,0.6524003
314985,0.29810944
314986,0.19387749
314991,0.53985566
314995,0.32693362
314997,0.15325348
315003,0.09702755
315035,0.18132792
315038,0.59614116
315040,0.29264382
315046,0.2635063
315053,0.1279755
315054,0.44617796
315060,0.48568863
315061,0.09412351
315067,0.84824
315076,0.48742297
315079,0.2749367
315083,0.21967505
315084,0.27653667
315092,0.40636232
315095,0.7144994
315112,0.7875345
315122,0.26919138
315123,0.12725534
315125,0.44973594
315136,0.82746106
315143,0.7331032
315145,0.51209366
315153,0.26504558
315164,0.66224635
315169,0.06182223
315178,0.62012213
315179,0.6507112
315189,0.09477257
315192,0.6525471
315194,0.57894903
315198,0.16571741
315210,0.42858753
315211,0.34291354
315221,0.84297985
315222,0.2504298
315228,0.6537048
315231,0.6613386
315233,0.23755643
315235,0.47355306
315240,0.32324106
315244,0.37886423
315257,0.2813569
315261,0.56260407
315271,0.43279734
315278,0.2757609
315282,0.7871979
315287,0.32032502
315288,0.5343298
315291,0.74976826
315306,0.04142204
315309,0.08759803
315312,0.13705201
315330,0.63431805
315335,0.6560542
315337,0.5113894
315343,0.5939045
315344,0.86262864
315366,0.14931023
315389,0.51498234
315403,0.13289112
315414,0.66469073
315425,0.033394996
315430,0.22330947
315432,0.4491051
315436,0.35702306
315437,0.43168548
315445,0.3434857
315451,0.15916911
315460,0.14429072
315462,0.15392826
315476,0.57481426
315480,0.5493341
315489,0.217794
315494,0.09724791
315499,0.020810027
315503,0.3814327
315507,0.77328146
315540,0.06194967
315541,0.47664803
315546,0.43380007
315553,0.46030205
315569,0.8690225
315571,0.3155676
315574,0.5103133
315580,0.26552135
315587,0.19005236
315609,0.3926709
315610,0.38401294
315617,0.47094828
315623,0.17633997
315629,0.14982124
315635,0.39975122
315637,0.19070461
315641,0.25533321
315644,0.3272564
315654,0.73992765
315662,0.17669007
315663,0.5756851
315673,0.39638704
315677,0.31851086
315679,0.4266975
315680,0.8314305
315681,0.23293011
315682,0.51552325
315684,0.40908593
315693,0.3109163
315701,0.24167603
315705,0.5271134
315706,0.30745465
315711,0.62627107
315714,0.5644877
315725,0.40567964
315738,0.3378827
315740,0.53949815
315749,0.74047065
315753,0.14062516
315757,0.2713253
315778,0.4224231
315781,0.37846422
315793,0.31759948
315813,0.35983577
315822,0.19760637
315827,0.50404245
315831,0.14440636
315843,0.69492894
315857,0.4457117
315864,0.5342651
315869,0.34486017
315870,0.2993013
315878,0.57953113
315891,0.6984216
315894,0.7517338
315895,0.6518911
315903,0.3884164
315917,0.34431347
315920,0.1577937
315937,0.40897176
315938,0.42297825
315947,0.5517999
315970,0.82712364
315971,0.15844017
315974,0.17473021
315984,0.51672596
315985,0.5362634
315988,0.10396273
315993,0.625594
315995,0.78270996
315997,0.14296241
316000,0.2326011
316009,0.18825844
316011,0.5884419
316014,0.15306377
316021,0.23596247
316022,0.22239916
316023,0.35592046
316060,0.33513626
316063,0.37209395
316065,0.6546865
316066,0.20498966
316077,0.66591984
316083,0.10194652
316093,0.30923185
316100,0.055517964
316110,0.06859157
316118,0.19344945
316135,0.1433116
316139,0.7473178
316154,0.7985285
316156,0.16497007
316171,0.46306333
316173,0.18090741
316186,0.22608438
316188,0.14257418
316190,0.64807373
316195,0.47851896
316205,0.22911416
316214,0.3130618
316216,0.53519285
316220,0.46858537
316222,0.3287647
316224,0.5374614
316226,0.042920034
316230,0.18926258
316248,0.57994694
316258,0.69947976
316269,0.48346093
316270,0.17396495
316279,0.4587451
316286,0.31319466
316295,0.4548083
316297,0.1806582
316305,0.26603377
316312,0.14034408
316313,0.081340775
316314,0.58617187
316320,0.35816774
316321,0.22397071
316328,0.41710404
316329,0.25750595
316334,0.2084267
316364,0.117147915
316372,0.25699028
316382,0.0331647
316407,0.09603224
316411,0.71400684
316433,0.6446074
316435,0.28506762
316441,0.4848152
316456,0.055785693
316457,0.46122926
316462,0.44003966
316465,0.23760687
316466,0.4099266
316468,0.23457295
316469,0.25676617
316479,0.63572556
316481,0.4089957
316484,0.14195314
316502,0.53753704
316517,0.3866192
316525,0.5165392
316531,0.040805355
316546,0.24223185
316549,0.4724503
316557,0.050535318
316561,0.5341194
316564,0.45676887
316565,0.6416038
316594,0.71852416
316595,0.48199278
316600,0.11595329
316625,0.12931712
316645,0.30521074
316647,0.61102116
316659,0.556901
316683,0.5456613
316694,0.42060405
316697,0.09189099
316701,0.23116027
316702,0.14344226
316703,0.27920777
316718,0.6816597
316723,0.56702524
316748,0.69059026
316756,0.14508998
316758,0.38108426
316763,0.30430633
316764,0.6490538
316768,0.32645324
316769,0.27884868
316772,0.33946517
316777,0.52259
316781,0.060470644
316785,0.46584517
316786,0.15446801
316815,0.80404866
316816,0.52277774
316828,0.4246317
316831,0.14457516
316837,0.034600303
316843,0.63355196
316849,0.55403835
316854,0.10159414
316862,0.22850904
316867,0.08810724
316902,0.21481006
316903,0.102470726
316906,0.2231639
316914,0.33154437
316915,0.17129421
316923,0.1915116
316928,0.5419852
316930,0.37390965
316932,0.84114164
316940,0.2167264
316947,0.102741785
316948,0.2863406
316977,0.4429527
316983,0.56397194
316987,0.6320671
317003,0.48041153
317005,0.1628397
317035,0.28536534
317036,0.11593349
317043,0.6130391
317048,0.2889384
317056,0.25419015
317065,0.111576304
317079,0.14533399
317080,0.16138566
317083,0.43059593
317087,0.31330296
317103,0.15505628
317117,0.8051795
317119,0.33460674
317125,0.44490358
317126,0.405939
317134,0.55014473
317138,0.14810452
317142,0.10883999
317150,0.12140474
317184,0.59020686
317190,0.17880248
317196,0.17732914
317197,0.37702435
317206,0.274364
317210,0.36901245
317221,0.38543478
317226,0.56914055
317227,0.6525907
317236,0.10611502
317237,0.3857276
317241,0.100717634
317249,0.41857767
317256,0.2166062
317282,0.31471384
317294,0.2712696
317298,0.3471368
317300,0.09329798
317307,0.49254167
317311,0.23789342
317318,0.1516405
317322,0.32449088
317323,0.6129616
317332,0.23778458
317338,0.16895217
317346,0.16932853
317347,0.164419
317349,0.5158443
317354,0.7703176
317369,0.82402503
317386,0.22375426
317389,0.20463406
317410,0.43928668
317411,0.5895237
317422,0.33329114
317434,0.14068893
317446,0.28775084
317449,0.5275755
317455,0.62496793
317469,0.031379227
317475,0.30268028
317476,0.24795018
317487,0.47314167
317488,0.4102115
317499,0.58397716
317500,0.29460436
317506,0.40179777
317515,0.36297596
317518,0.22847857
317520,0.8344626
317546,0.35432526
317549,0.662178
317554,0.30413806
317565,0.26555628
317579,0.4166939
317591,0.28186575
317592,0.8122931
317593,0.49439982
317594,0.18608266
317601,0.6379116
317603,0.3546303
317606,0.52148336
317608,0.26089716
317611,0.40527594
317618,0.3516826
317628,0.4038607
317629,0.46114948
317642,0.36525446
317644,0.11053433
317648,0.6469474
317650,0.15224531
317665,0.56873375
317675,0.19109917
317695,0.56523544
317696,0.57587034
317704,0.561508
317713,0.25503835
317730,0.45904
317735,0.70862734
317736,0.39514583
317738,0.7460684
317747,0.5660601
317764,0.41413093
317765,0.5541335
317772,0.8166078
317774,0.16401134
317786,0.2368387
317788,0.24179825
317806,0.50497067
317809,0.7231244
317811,0.16420358
317814,0.43011877
317815,0.4773179
317830,0.7126326
317835,0.47206062
317843,0.6912081
317856,0.50915414
317863,0.7635496
317876,0.7933855
317889,0.32829106
317902,0.69220865
317910,0.15210973
317914,0.40634915
317933,0.2173651
317936,0.640128
317940,0.24608886
317944,0.23907794
317952,0.3514136
317955,0.5968309
317958,0.124494605
317965,0.29796472
317966,0.5482089
317978,0.3340821
318000,0.12632324
318007,0.55557966
318008,0.48583108
318012,0.23240262
318016,0.12204912
318019,0.3922219
318020,0.18055974
318021,0.15068457
318025,0.36890408
318036,0.13702165
318044,0.20519958
318055,0.026312605
318056,0.6859727
318057,0.5789333
318065,0.4650227
318075,0.13289158
318081,0.79149354
318094,0.20660383
318096,0.17670019
318104,0.45171955
318105,0.16631009
318109,0.5085686
318113,0.21856931
318121,0.5248775
318122,0.55497056
318126,0.33766
318127,0.3426963
318131,0.52993286
318135,0.48817807
318155,0.21577352
318156,0.14362337
318161,0.16693887
318164,0.64497966
318169,0.68719006
318173,0.6090073
318176,0.75792617
318177,0.49169385
318181,0.32997409
318187,0.14122887
318193,0.29746488
318203,0.25903356
318206,0.17795487
318214,0.20865564
318220,0.41739428
318232,0.38637152
318250,0.68461794
318251,0.49341723
318252,0.059527732
318254,0.19347022
318260,0.117375776
318261,0.042094998
318263,0.47674844
318264,0.53282523
318266,0.21163212
318267,0.34824473
318268,0.4117095
318270,0.26940984
318274,0.43103135
318282,0.4436754
318286,0.25493747
318292,0.05246442
318297,0.14823712
318320,0.37928122
318337,0.32574874
318343,0.41912952
318347,0.49869272
318351,0.6981978
318357,0.8423359
318360,0.08124379
318384,0.06298543
318385,0.23081619
318387,0.59466654
318390,0.3522662
318391,0.18789521
318393,0.12794594
318406,0.08314853
318408,0.80062366
318410,0.8006047
318424,0.40198228
318428,0.44156048
318432,0.299545
318433,0.7577322
318445,0.68698686
318452,0.83964026
318467,0.37407213
318473,0.6873049
318480,0.5232076
318486,0.6970399
318496,0.10967362
318505,0.781323
318511,0.69259465
318517,0.18034327
318522,0.36495742
318527,0.43380246
318530,0.2945472
318531,0.48932478
318533,0.16562445
318535,0.06669894
318536,0.2834907
318548,0.3658129
318551,0.19719863
318557,0.5809907
318576,0.21366288
318581,0.7527119
318607,0.515777
318609,0.23178785
318615,0.86235213
318634,0.6053046
318640,0.74467826
318651,0.6915663
318657,0.58705103
318669,0.50393397
318674,0.3620174
318675,0.23444867
318686,0.36573437
318694,0.15307508
318760,0.4015759
318762,0.04925238
318763,0.063784994
318765,0.30346525
318766,0.37324622
318769,0.7088698
318775,0.42045653
318782,0.17207287
318786,0.7838718
318792,0.075295955
318801,0.22337008
318802,0.34021547
318803,0.48253265
318805,0.45596793
318813,0.4786329
318817,0.6301529
318821,0.26955438
318827,0.3664411
318834,0.6268386
318835,0.0863777
318851,0.08420866
318857,0.043038733
318862,0.2823945
318874,0.5561511
318878,0.33059117
318897,0.13872387
318909,0.8315253
318924,0.3683794
318927,0.2733165
318942,0.60878295
318946,0.38589746
318957,0.7526306
318959,0.08446439
318975,0.094211124
318982,0.13710123
318987,0.11415376
318993,0.058215108
318995,0.3009432
318996,0.07185793
318997,0.39745292
318999,0.470007
319012,0.8785068
319014,0.4721803
319018,0.41929448
319020,0.5397278
319048,0.3564813
319052,0.5646131
319067,0.2993699
319083,0.35612395
319088,0.16062306
319089,0.54311013
319090,0.84678423
319096,0.31717527
319099,0.49329686
319108,0.1983606
319116,0.49127924
319117,0.30418774
319119,0.33952677
319126,0.74999243
319133,0.6741186
319135,0.48332494
319137,0.13665637
319143,0.5827734
319168,0.41539302
319170,0.29403934
319174,0.15461795
319181,0.098335996
319192,0.12857129
319193,0.20164439
319198,0.32803872
319211,0.2467341
319219,0.38756633
319220,0.23304978
319226,0.48259205
319240,0.28882667
319248,0.20338386
319257,0.25618628
319261,0.6172956
319264,0.19687718
319268,0.18414605
319289,0.52899104
319292,0.21913658
319295,0.56659377
319302,0.18929894
319308,0.7363926
319310,0.6145016
319313,0.20454551
319322,0.08267199
319329,0.14908637
319331,0.23957697
319334,0.39974663
319346,0.16550353
319352,0.7972996
319358,0.7304078
319363,0.29918414
319365,0.32612914
319370,0.08553175
319371,0.5900739
319372,0.14329001
319385,0.5550319
319387,0.10512494
319393,0.21319014
319396,0.4529847
319406,0.2548405
319439,0.09264866
319440,0.4514406
319441,0.855892
319462,0.3523567
319471,0.21509573
319475,0.12733416
319476,0.5099779
319486,0.4015907
319487,0.34859478
319489,0.6199541
319491,0.5714201
319494,0.25882974
319496,0.6596104
319512,0.20623803
319519,0.15542638
319522,0.10333769
319530,0.51406205
319540,0.124453135
319547,0.4526614
319549,0.25628936
319559,0.29142365
319561,0.2832745
319566,0.21986616
319569,0.28762603
319574,0.46075273
319579,0.33663562
319580,0.47440824
319582,0.12474856
319583,0.57604724
319585,0.41101402
319598,0.27382958
319600,0.31013715
319602,0.07398258
319603,0.30776682
319604,0.19333681
319608,0.2605242
319622,0.42239833
319623,0.6543506
319625,0.25622526
319628,0.37392724
319637,0.5722802
319639,0.446912
319658,0.25730354
319669,0.40073368
319677,0.44185174
319683,0.49372628
319688,0.2414603
319697,0.49363226
319700,0.29710382
319727,0.6395246
319747,0.4521998
319751,0.3018699
319758,0.12117191
319759,0.42348483
319765,0.11014907
319768,0.18619984
319774,0.5178952
319776,0.28634748
319777,0.22932135
319785,0.3996201
319789,0.29154998
319792,0.17310525
319799,0.10390657
319814,0.047071587
319815,0.13449463
319822,0.35322365
319829,0.33312896
319836,0.5507604
319837,0.19052888
319839,0.64069635
319843,0.22490193
319860,0.6939249
319876,0.8228473
319877,0.12467167
319887,0.32832736
319889,0.056303408
319892,0.47078833
319893,0.2563821
319897,0.4655711
319898,0.3210844
319911,0.48354152
319917,0.3228882
319923,0.2676261
319927,0.37496594
319929,0.45597586
319931,0.76381403
319948,0.44730923
319949,0.38262627
319992,0.34269178
319999,0.2235808
320001,0.6530116
320003,0.07856293
320004,0.8707195
320011,0.58341694
320012,0.23013014
320021,0.6690965
320026,0.27463132
320034,0.25884342
320041,0.7911848
320042,0.32071054
320046,0.30033976
320056,0.117644444
320062,0.27429625
320093,0.54483324
320094,0.5216349
320101,0.51177883
320114,0.3529006
320126,0.32174724
320128,0.2761247
320137,0.2834672
320149,0.33396545
320165,0.22356474
320172,0.53886014
320173,0.7530558
320175,0.78572625
320179,0.41388512
320181,0.2449367
320191,0.24309947
320192,0.1316252
320195,0.12011707
320199,0.4396586
320202,0.36451492
320203,0.78279394
320205,0.3484646
320224,0.70078886
320227,0.7111563
320228,0.2870659
320248,0.8639856
320252,0.09608246
320254,0.42441177
320259,0.34034574
320267,0.8488223
320276,0.19069667
320287,0.59854484
320291,0.17856655
320295,0.3056918
320297,0.21422406
320305,0.82066053
320321,0.85584897
320331,0.7037178
320336,0.63472074
320341,0.23917419
320344,0.353447
320356,0.08090795
320362,0.32664797
320369,0.14874317
320379,0.36215237
320387,0.20332038
320397,0.22550167
320412,0.28453538
320421,0.36717024
320428,0.8199412
320429,0.59648156
320430,0.43318355
320434,0.17512536
320453,0.26404777
320462,0.33119142
320469,0.07644217
320475,0.31343397
320478,0.5285782
320484,0.2804675
320494,0.14570642
320499,0.072169974
320541,0.74756664
320550,0.17023179
320561,0.1253113
320562,0.63817924
320564,0.39097235
320566,0.82509303
320568,0.38504744
320593,0.13784963
320609,0.21782647
320614,0.2653889
320621,0.16376588
320639,0.8103223
320640,0.63525516
320656,0.28372702
320657,0.40155917
320670,0.28690642
320672,0.07910589
320691,0.35273314
320693,0.060958035
320698,0.33969054
320699,0.4311977
320704,0.26785332
320709,0.10433021
320711,0.20954609
320724,0.40475222
320737,0.3288221
320744,0.19685365
320747,0.292098
320750,0.7208837
320752,0.336189
320760,0.6889057
320765,0.77956945
320767,0.27052245
320778,0.762044
320784,0.16332239
320789,0.5536636
320793,0.024386508
320795,0.7240897
320805,0.64081395
320806,0.76224315
320823,0.3593662
320828,0.663735
320833,0.6858886
320843,0.2139596
320846,0.116034895
320851,0.6485432
320852,0.3900261
320869,0.1968272
320873,0.67140335
320890,0.23739581
320905,0.71336114
320912,0.6386284
320914,0.08956514
320915,0.08934145
320920,0.37589762
320924,0.2968337
320925,0.2561362
320936,0.7097741
320937,0.15657096
320940,0.44462234
320943,0.43429753
320954,0.11402967
320959,0.51331943
320960,0.1208788
320966,0.22317646
320968,0.16333713
320975,0.2916658
320978,0.04969614
320979,0.35359806
320981,0.13451986
320987,0.3197299
320989,0.5343228
321009,0.74094677
321021,0.61978835
321035,0.69282347
321038,0.5374372
321039,0.70958894
321051,0.16594101
321058,0.23652023
321066,0.8396707
321075,0.7229492
321092,0.05313604
321098,0.7099073
321107,0.7549871
321116,0.8230983
321118,0.18840086
321124,0.33470824
321131,0.2970566
321134,0.70384514
321140,0.42563903
321143,0.423864
321145,0.12922174
321150,0.10656191
321151,0.19712411
321153,0.54449475
321154,0.38889867
321156,0.21145636
321160,0.20439269
321176,0.32030624
321183,0.47076333
321187,0.502887
321196,0.1470977
321197,0.44706902
321204,0.7245273
321208,0.3680454
321209,0.35238534
321223,0.47389513
321226,0.081237815
321227,0.27293828
321236,0.5336954
321249,0.6789277
321250,0.25301063
321253,0.29991987
321256,0.3656111
321276,0.6716517
321298,0.3789655
321303,0.10931267
321309,0.4654937
321313,0.5441569
321322,0.74999756
321345,0.21505007
321350,0.39635897
321355,0.24893793
321358,0.53299373
321370,0.6956488
321377,0.7714509
321385,0.69811046
321398,0.4391464
321401,0.11569267
321415,0.29930007
321416,0.88804126
321419,0.16496767
321427,0.10176711
321433,0.076954484
321439,0.67809165
321455,0.53781295
321463,0.5813369
321465,0.38383165
321480,0.088597246
321486,0.15830804
321498,0.54024404
321502,0.45792204
321510,0.25903234
321524,0.2618404
321526,0.69848895
321528,0.54395694
321533,0.79009426
321536,0.42019
321548,0.65355414
321557,0.37774312
321564,0.4527234
321567,0.25298172
321602,0.5101936
321625,0.7013266
321627,0.27355632
321640,0.25146487
321645,0.12607944
321648,0.4289322
321649,0.59370077
321652,0.50821966
321659,0.48852846
321667,0.122836575
321676,0.29525924
321696,0.3093892
321697,0.36480987
321702,0.3012826
321704,0.21199082
321706,0.31889218
321710,0.30883664
321722,0.39328924
321760,0.4283951
321770,0.51364225
321779,0.31011155
321784,0.5956512
321786,0.50613177
321792,0.2479199
321795,0.5498701
321801,0.43607885
321804,0.1218911
321806,0.3900793
321807,0.438458
321808,0.84212226
321809,0.5091458
321825,0.39654595
321828,0.41922146
321843,0.5127103
321848,0.19210392
321854,0.39342475
321869,0.32161397
321870,0.6414827
321887,0.06083485
321896,0.21041822
321898,0.44015366
321908,0.26949367
321910,0.18497193
321915,0.62431765
321919,0.5984972
321922,0.21919845
321928,0.7171542
321929,0.38688618
321932,0.64412546
321934,0.67325634
321936,0.82891834
321956,0.22700435
321957,0.46640638
321965,0.11719183
321970,0.2955542
321974,0.09212088
321980,0.25692546
321985,0.21350883
321992,0.22032759
321999,0.22762561
322005,0.06523072
322018,0.42127913
322020,0.28945768
322021,0.5632751
322023,0.19116358
322024,0.21461706
322039,0.05146658
322054,0.5352281
322061,0.2488131
322082,0.15766248
322088,0.7563039
322093,0.40471956
322105,0.5513176
322111,0.18947704
322113,0.6257108
322117,0.19863331
322120,0.1374581
322123,0.3888484
322132,0.41860428
322136,0.5397021
322141,0.42762825
322147,0.50273263
322169,0.45503595
322170,0.7110591
322172,0.41001794
322196,0.30660236
322198,0.77618676
322217,0.4042913
322226,0.5864261
322227,0.1949465
322229,0.133368
322242,0.25775015
322244,0.19322751
322249,0.20961966
322250,0.40788794
322253,0.23840788
322254,0.7014327
322267,0.0859317
322269,0.25541326
322274,0.8289929
322285,0.8012581
322309,0.36101842
322320,0.29349414
322327,0.2815047
322331,0.4717409
322332,0.42386585
322334,0.7687355
322339,0.5946123
322348,0.6980693
322350,0.8993095
322354,0.6765535
322356,0.23983508
322367,0.691618
322369,0.30997008
322372,0.5985522
322374,0.26196757
322383,0.45910105
322388,0.8619113
322393,0.35241222
322395,0.5290379
322407,0.10213634
322413,0.1876074
322416,0.057031702
322419,0.16550969
322424,0.33650234
322432,0.27296248
322442,0.14850764
322447,0.23798911
322448,0.7039928
322460,0.3222034
322461,0.8152335
322468,0.1825493
322472,0.7732852
322473,0.73303986
322488,0.26845777
322490,0.36254895
322491,0.35323983
322497,0.35538363
322503,0.60483134
322521,0.6670045
322525,0.653978
322533,0.58107126
322549,0.44407332
322561,0.38773438
322566,0.38591164
322570,0.7960116
322574,0.27332452
322578,0.051330224
322579,0.3166812
322586,0.2955968
322596,0.4930757
322598,0.4061239
322603,0.6328421
322614,0.38742778
322626,0.12361528
322630,0.54755706
322639,0.69236106
322640,0.23264267
322642,0.32905576
322651,0.33727717
322652,0.7998171
322656,0.08255817
322662,0.23328014
322664,0.43888137
322681,0.83681846
322684,0.17709611
322685,0.5333405
322711,0.74693626
322717,0.47111598
322719,0.35774645
322730,0.30730516
322740,0.106218085
322743,0.60670024
322749,0.055409685
322757,0.20788758
322759,0.5362686
322760,0.38166818
322770,0.17224519
322786,0.4656268
322797,0.5781346
322800,0.4943808
322815,0.059532896
322831,0.3681228
322835,0.6771395
322841,0.17400326
322845,0.15265329
322846,0.1501328
322851,0.5936183
322852,0.22053848
322877,0.31599072
322880,0.3385217
322893,0.47647846
322911,0.34976888
322928,0.823229
322934,0.48349866
322938,0.68786746
322950,0.41864994
322959,0.13317518
322961,0.30199492
322965,0.62206507
322966,0.22012958
322968,0.15938695
322977,0.33122888
322979,0.38008583
322986,0.72121215
322990,0.5780881
322998,0.28925806
323005,0.222733
323008,0.23056668
323014,0.3768629
323015,0.09832393
323025,0.48595378
323030,0.3092148
323033,0.32758287
323036,0.28478488
323043,0.60592085
323049,0.32209545
323051,0.7212397
323053,0.1771511
323056,0.41992995
323059,0.5673114
323076,0.4866277
323088,0.4520796
323108,0.89837116
323112,0.26846495
323127,0.23823562
323135,0.42885473
323137,0.32482314
323141,0.4401352
323142,0.22920723
323147,0.7258501
323150,0.6474024
323153,0.47048646
323156,0.37524214
323161,0.17775086
323171,0.19249575
323173,0.47920093
323176,0.18243366
323184,0.42488077
323189,0.54935867
323193,0.2816785
323209,0.46346012
323218,0.76221687
323224,0.80068463
323235,0.59443545
323236,0.32449073
323242,0.1679353
323252,0.27879015
323253,0.78127784
323254,0.038879566
323271,0.36686364
323276,0.58929884
323278,0.3323514
323281,0.09633708
323285,0.19842789
323289,0.492916
323292,0.0968643
323297,0.5117365
323312,0.1371564
323318,0.041045416
323319,0.13898851
323324,0.27290973
323325,0.47945642
323328,0.5957236
323334,0.48377645
323338,0.7096264
323340,0.3294854
323343,0.64583176
323354,0.17810604
323373,0.13897628
323376,0.27588776
323381,0.5421033
323382,0.23479539
323383,0.74859774
323387,0.27134928
323394,0.35480326
323398,0.16401131
323405,0.52235943
323407,0.5340029
323428,0.86564076
323436,0.49728996
323451,0.6270272
323455,0.43692204
323463,0.12125318
323466,0.58906305
323475,0.4424238
323477,0.18522513
323481,0.072562434
323485,0.25854644
323488,0.38603818
323493,0.39792493
323494,0.2015213
323505,0.46180588
323506,0.37644944
323509,0.17093779
323518,0.24088356
323530,0.58742404
323539,0.15447752
323549,0.27668673
323557,0.29920265
323568,0.46159524
323569,0.2142552
323571,0.34709218
323573,0.45213735
323585,0.26097786
323588,0.3778262
323599,0.81842583
323615,0.03309142
323617,0.3863644
323620,0.7141274
323636,0.46234244
323665,0.2917065
323670,0.11949931
323675,0.15015265
323688,0.39996254
323693,0.13297345
323694,0.32905158
323696,0.36003473
323710,0.20063828
323716,0.64519626
323718,0.38255224
323719,0.18472852
323720,0.38601467
323722,0.29266918
323729,0.48000184
323738,0.20816648
323740,0.28564674
323787,0.09576651
323795,0.20678979
323801,0.10251804
323810,0.19419025
323822,0.32250303
323825,0.32188058
323833,0.32714334
323860,0.058220085
323871,0.10925392
323879,0.4665645
323888,0.18996556
323891,0.8574626
323894,0.5315424
323909,0.24137457
323911,0.34992704
323920,0.65844214
323923,0.4542669
323930,0.22219223
323935,0.37449852
323937,0.6388416
323938,0.194734
323948,0.22079407
323956,0.5086205
323962,0.7587453
323964,0.21161126
323966,0.20437813
323970,0.114343055
323972,0.23128408
323977,0.41247678
323985,0.57884866
323989,0.18373707
323994,0.23491989
324010,0.31101462
324020,0.54858106
324033,0.37448636
324052,0.6350045
324055,0.2167391
324075,0.07148371
324087,0.6156309
324088,0.10338652
324091,0.32895494
324104,0.3686921
324109,0.5158594
324114,0.2334218
324118,0.41301668
324125,0.7365579
324130,0.73315114
324146,0.14799167
324149,0.33362764
324156,0.10493776
324170,0.5358553
324171,0.4678579
324172,0.23742001
324178,0.8750597
324180,0.40185183
324220,0.19209413
324222,0.2340497
324227,0.29206777
324229,0.5240763
324230,0.44713554
324235,0.3169246
324243,0.21980578
324247,0.8307365
324264,0.68344975
324269,0.45176628
324270,0.18487471
324271,0.5783875
324291,0.76535076
324293,0.18504083
324296,0.58373415
324298,0.6747712
324302,0.74430645
324305,0.10184993
324310,0.2949121
324325,0.3188003
324339,0.18649356
324345,0.44907853
324347,0.3419505
324356,0.16110857
324383,0.4942004
324387,0.508045
324393,0.59673345
324400,0.33168343
324401,0.18618025
324412,0.4183627
324414,0.13075206
324415,0.62573695
324416,0.39181802
324420,0.7784721
324437,0.049903717
324445,0.7549865
324464,0.56615883
324472,0.42827863
324496,0.43075782
324499,0.14956379
324512,0.30974507
324544,0.6203288
324545,0.3149931
324552,0.35348848
324553,0.39542374
324558,0.6114323
324559,0.19590472
324572,0.12078176
324582,0.5063206
324595,0.7450905
324596,0.83164275
324598,0.5109198
324614,0.57320464
324620,0.8436911
324621,0.1520122
324624,0.53123266
324651,0.54097396
324655,0.8015654
324669,0.06168457
324674,0.8803506
324677,0.32279557
324681,0.4377218
324689,0.061866686
324708,0.09976273
324714,0.7468655
324716,0.7071983
324719,0.3405956
324731,0.6656958
324733,0.5605488
324741,0.7259821
324745,0.34679002
324747,0.4720569
324748,0.05244782
324764,0.72895503
324772,0.4049659
324788,0.44708067
324795,0.238057
324801,0.17954078
324811,0.2863474
324816,0.86767626
324821,0.5565438
324825,0.15288869
324840,0.80469584
324841,0.61140233
324854,0.35815513
324866,0.21509604
324884,0.5562096
324894,0.58430547
324895,0.30831236
324913,0.29206717
324914,0.20874143
324944,0.5685048
324949,0.73432857
324978,0.37397042
324983,0.14492328
324987,0.18410653
324995,0.094673574
325000,0.23679736
325001,0.81447166
325005,0.1790018
325017,0.14241275
325019,0.61423254
325020,0.16189134
325021,0.75772214
325041,0.35812822
325063,0.8402152
325066,0.52173835
325070,0.5556337
325102,0.51084507
325117,0.13210104
325121,0.6976724
325136,0.26872367
325153,0.26028535
325157,0.25734785
325158,0.28085467
325163,0.42225257
325180,0.4142068
325181,0.42736495
325185,0.8118738
325194,0.4688213
325196,0.46683124
325206,0.28275046
325212,0.22662765
325217,0.6334478
325218,0.5900951
325223,0.32209373
325238,0.5882086
325254,0.5693469
325258,0.27849925
325268,0.2058853
325269,0.57042646
325275,0.26645127
325277,0.32177824
325282,0.16059947
325284,0.09172098
325289,0.2741749
325291,0.8184321
325300,0.5408454
325303,0.42825708
325306,0.1623783
325313,0.30392867
325316,0.33375216
325318,0.09687262
325332,0.38036466
325344,0.61762947
325354,0.41483667
325360,0.071383
325364,0.2656264
325375,0.6066981
325377,0.09205384
325380,0.109770454
325390,0.56854993
325392,0.07239216
325395,0.48373213
325411,0.2211964
325412,0.43933943
325420,0.5495908
325424,0.1624709
325433,0.50170076
325438,0.14229609
325439,0.13698691
325443,0.426344
325454,0.18806924
325464,0.43282002
325473,0.18916701
325476,0.17625268
325495,0.53683543
325525,0.19508694
325529,0.38074332
325552,0.3500924
325553,0.7316354
325564,0.19117673
325565,0.6510413
325580,0.44187564
325590,0.87834275
325591,0.22576834
325596,0.27370584
325601,0.23162368
325602,0.7435275
325623,0.17977983
325625,0.24549025
325641,0.85359776
325645,0.3442398
325657,0.5142428
325680,0.39286605
325691,0.30464023
325701,0.41742373
325710,0.47485822
325712,0.37679577
325714,0.5468347
325716,0.3975513
325724,0.81402934
325744,0.47448778
325751,0.60405064
325757,0.08244003
325765,0.43230292
325767,0.8043883
325770,0.7264716
325778,0.5128169
325784,0.4893491
325791,0.59153134
325809,0.6383212
325814,0.64972013
325817,0.6628859
325820,0.7980963
325822,0.52997303
325830,0.25125298
325832,0.7315514
325840,0.37489906
325849,0.33406013
325852,0.35484907
325859,0.2938237
325864,0.19098367
325865,0.7077232
325879,0.4505976
325890,0.1165488
325899,0.16716714
325908,0.26346946
325916,0.42362872
325918,0.2324005
325919,0.12646873
325922,0.3135604
325925,0.42934212
325934,0.16656661
325939,0.09865151
325942,0.19688044
325948,0.74147916
325954,0.35749486
325962,0.18255961
325966,0.631325
325969,0.15379775
325971,0.19093272
325972,0.07134231
325976,0.4405682
325981,0.089393646
325992,0.48092768
326013,0.34268683
326017,0.24236104
326019,0.2749858
326027,0.4375685
326028,0.19129032
326033,0.267155
326041,0.23276778
326043,0.5185667
326049,0.38528654
326054,0.35713962
326057,0.38043904
326074,0.15784311
326078,0.34439528
326083,0.23771596
326084,0.07408946
326085,0.5498054
326087,0.08034225
326088,0.71300864
326102,0.78060675
326117,0.20265412
326145,0.6992755
326150,0.41427746
326160,0.6544764
326166,0.38913226
326170,0.16493843
326180,0.25023735
326182,0.60140175
326186,0.058145914
326188,0.7422006
326190,0.826255
326196,0.6384006
326199,0.64456207
326201,0.6637282
326204,0.18978657
326209,0.15069978
326211,0.38351086
326218,0.38116813
326239,0.28700185
326259,0.38247058
326260,0.42608154
326284,0.61377966
326289,0.40664768
326290,0.33832315
326295,0.3808327
326299,0.42798543
326305,0.08912316
326309,0.37572777
326323,0.27844074
326364,0.22731669
326369,0.15587237
326385,0.28668723
326410,0.3679165
326411,0.0244085
326418,0.33922198
326428,0.4219744
326435,0.6262972
326437,0.2844246
326438,0.38662854
326451,0.20704985
326464,0.8156075
326471,0.31369495
326472,0.7973283
326475,0.5949742
326477,0.1786587
326480,0.14693274
326486,0.47878784
326502,0.46473473
326506,0.7009017
326513,0.29365918
326516,0.20111288
326528,0.31132418
326530,0.244431
326531,0.32534415
326532,0.12848648
326538,0.09568437
326551,0.37971523
326559,0.22138624
326576,0.6209972
326577,0.64904374
326602,0.32393825
326606,0.3510617
326618,0.6131076
326620,0.12835601
326624,0.3439786
326639,0.49691665
326647,0.85796934
326652,0.6649668
326661,0.5460219
326667,0.54617053
326670,0.5068829
326672,0.29923418
326693,0.699423
326704,0.27039337
326723,0.37832686
326734,0.39939833
326738,0.57539994
326746,0.39811987
326753,0.20261857
326754,0.11879859
326763,0.4700443
326779,0.22143157
326785,0.39601877
326786,0.15393196
326787,0.6609879
326789,0.2118902
326799,0.21322128
326802,0.2738319
326804,0.21084328
326823,0.28777897
326827,0.37081155
326833,0.5773224
326838,0.37100932
326842,0.24844661
326856,0.71104145
326867,0.120893896
326870,0.09873685
326871,0.35797817
326875,0.21054102
326879,0.54764247
326884,0.35516152
326900,0.4865098
326904,0.09317502
326905,0.61653733
326917,0.16136661
326919,0.2698565
326921,0.7075726
326929,0.33273342
326942,0.59626585
326944,0.12459958
326953,0.6231476
326968,0.36801466
326985,0.53676724
326987,0.4695913
326988,0.26499173
326994,0.2953657
327005,0.11388619
327010,0.3399059
327017,0.43561932
327026,0.67255235
327030,0.12434158
327031,0.16516857
327045,0.60595876
327054,0.0712138
327078,0.34727022
327080,0.09630923
327087,0.8912219
327137,0.42538714
327147,0.5579827
327150,0.527894
327153,0.5971977
327160,0.34564677
327164,0.08038961
327169,0.56765574
327187,0.6303558
327188,0.26090184
327189,0.1624501
327194,0.25426912
327196,0.6658324
327202,0.6979718
327207,0.1346495
327215,0.17222686
327216,0.53100634
327220,0.41352934
327222,0.2070377
327230,0.50114375
327231,0.74391824
327238,0.4027565
327247,0.069267064
327262,0.30451366
327265,0.21546555
327267,0.07361994
327273,0.12879796
327276,0.59229875
327280,0.6522471
327287,0.3211363
327301,0.5939784
327307,0.43635318
327309,0.5059098
327316,0.61410177
327327,0.70200473
327334,0.6731879
327335,0.6170624
327338,0.08024576
327341,0.4229038
327350,0.10083659
327355,0.18149751
327370,0.20977947
327386,0.24409176
327391,0.6969543
327393,0.6813868
327408,0.27794218
327415,0.7976572
327431,0.4788672
327445,0.075669475
327449,0.61706084
327457,0.56353223
327488,0.06506279
327489,0.24700588
327523,0.34987888
327537,0.18782482
327550,0.6296075
327556,0.17822428
327562,0.13804796
327567,0.73434734
327587,0.3541204
327594,0.36447373
327602,0.22180095
327604,0.31853598
327609,0.5405313
327618,0.3115405
327620,0.31498262
327626,0.6636223
327628,0.15642226
327629,0.36346808
327631,0.46750897
327633,0.21971564
327638,0.067017145
327665,0.07032635
327689,0.2194494
327697,0.2847974
327702,0.42466164
327704,0.45172966
327723,0.38463503
327726,0.10219815
327732,0.7339161
327739,0.51720804
327750,0.08135177
327751,0.1963174
327765,0.57787275
327766,0.09189626
327771,0.20167781
327772,0.82072437
327774,0.52422464
327784,0.17828563
327789,0.045890413
327794,0.1663621
327799,0.5503932
327803,0.5168891
327817,0.4307917
327819,0.21650963
327823,0.471621
327828,0.8997928
327834,0.63053876
327835,0.2600462
327866,0.8815697
327871,0.22865552
327886,0.3278526
327900,0.33353144
327901,0.73753256
327904,0.12138019
327906,0.7134494
327908,0.265679
327909,0.06862224
327914,0.8479486
327917,0.6279153
327928,0.4804013
327947,0.23220536
327949,0.18394168
327952,0.3882859
327954,0.15562156
327962,0.44210333
327964,0.6811914
327985,0.19127443
327996,0.45173272
327997,0.34046394
328013,0.11986396
328017,0.5580233
328027,0.3737302
328029,0.76894706
328042,0.52411634
328043,0.17244387
328064,0.6887456
328072,0.07591225
328074,0.7076098
328080,0.24629325
328086,0.47389704
328122,0.2596725
328126,0.028873881
328127,0.50650585
328142,0.05379048
328144,0.2446854
328150,0.5988821
328154,0.6336287
328160,0.28773245
328171,0.47367167
328179,0.43627644
328192,0.12693234
328195,0.42050385
328196,0.2030471
328201,0.11607993
328203,0.4271968
328217,0.29511422
328218,0.1790065
328228,0.5803827
328231,0.54411685
328246,0.34465036
328252,0.12697999
328255,0.320755
328264,0.17580725
328281,0.33584324
328282,0.08373817
328291,0.5130412
328303,0.13400514
328305,0.7280446
328313,0.33663276
328336,0.5730797
328340,0.3171525
328343,0.27442506
328368,0.84470683
328372,0.12651719
328381,0.5074538
328383,0.36632454
328385,0.1242974
328393,0.20058417
328395,0.4052416
328409,0.2620595
328424,0.302952
328427,0.6607122
328456,0.40946683
328463,0.63659185
328489,0.52525795
328491,0.27642813
328509,0.23595871
328516,0.7677498
328524,0.17661092
328535,0.34472346
328536,0.15307282
328539,0.21281293
328542,0.84217924
328545,0.78586364
328549,0.54706347
328554,0.14350542
328558,0.56585896
328571,0.49485862
328576,0.27194864
328578,0.31124225
328588,0.7776408
328601,0.1499635
328604,0.62770754
328624,0.029283589
328629,0.4141141
328632,0.10324927
328634,0.46901268
328636,0.46170363
328637,0.30745077
328647,0.2086909
328668,0.052773762
328669,0.20238768
328678,0.45018342
328684,0.3492078
328694,0.5035286
328705,0.2742929
328712,0.24008757
328720,0.4183879
328729,0.7644149
328730,0.24625842
328733,0.14866345
328758,0.63119507
328761,0.3269011
328764,0.20259444
328777,0.2648231
328783,0.5548826
328813,0.59136367
328819,0.30365348
328826,0.29141155
328829,0.5416843
328834,0.19686553
328845,0.06945599
328856,0.59120166
328865,0.37864798
328868,0.71118295
328878,0.7885121
328896,0.15413196
328899,0.09007581
328909,0.44416305
328914,0.029648935
328926,0.22852017
328934,0.298608
328935,0.0811429
328949,0.39875942
328954,0.27334028
328957,0.27606586
328968,0.5462713
328974,0.19462712
328984,0.062330928
328991,0.17396396
328997,0.21255252
329000,0.3585236
329005,0.2855015
329007,0.40390894
329018,0.4501426
329034,0.5311042
329051,0.78335685
329052,0.3936918
329055,0.6644838
329062,0.7628653
329064,0.6018236
329070,0.82175547
329075,0.22788438
329078,0.46359587
329081,0.11881208
329086,0.73779684
329101,0.2617198
329105,0.61841846
329113,0.6391782
329119,0.7184276
329133,0.44335794
329135,0.39660552
329138,0.21866204
329143,0.26710087
329157,0.53435737
329165,0.69219285
329170,0.27845782
329176,0.6363131
329177,0.42572248
329179,0.41422957
329196,0.68804765
329209,0.42510176
329219,0.75383186
329241,0.33963642
329245,0.577193
329248,0.23729849
329249,0.23167685
329251,0.11120765
329252,0.21294156
329256,0.26419747
329261,0.27560696
329264,0.85665387
329297,0.6689202
329310,0.5080476
329320,0.2890092
329328,0.10663455
329340,0.673504
329347,0.24913724
329351,0.49917
329356,0.18643439
329360,0.81887823
329364,0.26453295
329365,0.09554812
329381,0.36110842
329383,0.53760356
329385,0.31604698
329388,0.5290242
329390,0.25588447
329393,0.5064147
329403,0.3150839
329409,0.20366439
329418,0.8417599
329428,0.12203535
329433,0.28542563
329439,0.25852787
329459,0.192574
329463,0.6125107
329475,0.39161003
329479,0.38218173
329494,0.2389614
329500,0.7926613
329503,0.0526908
329512,0.06686579
329514,0.57730484
329521,0.5000159
329526,0.7642112
329531,0.042518377
329534,0.6099246
329545,0.4946599
329553,0.060060654
329569,0.3901389
329571,0.54859394
329580,0.16307347
329585,0.57378507
329588,0.6072178
329603,0.39874882
329605,0.2881228
329611,0.26361609
329613,0.5074267
329615,0.6294103
329618,0.24440466
329623,0.22473924
329626,0.43617916
329678,0.10504974
329690,0.33786482
329693,0.6067302
329698,0.65515435
329700,0.04544705
329706,0.10246236
329709,0.35504755
329713,0.68299496
329716,0.24899726
329717,0.21875079
329719,0.40785664
329720,0.2618688
329737,0.15895438
329741,0.36954638
329742,0.16707271
329749,0.45269653
329765,0.37988865
329771,0.37492782
329775,0.17103793
329779,0.18577164
329781,0.29204506
329788,0.29130718
329798,0.46130845
329799,0.082235426
329810,0.51161915
329811,0.20713885
329812,0.13111746
329819,0.45345023
329822,0.4985366
329826,0.35403234
329843,0.5005782
329846,0.091789536
329856,0.6550288
329871,0.39196077
329882,0.36545074
329885,0.29102543
329893,0.4075258
329898,0.27229378
329903,0.4237187
329916,0.36483145
329918,0.068610996
329934,0.17668931
329942,0.43766227
329949,0.18052663
329958,0.7171747
329965,0.4276165
329969,0.11735029
329972,0.34958535
329981,0.7884817
329988,0.27648628
329989,0.3910397
330004,0.7454608
330006,0.86172307
330014,0.66973436
330025,0.7179414
330040,0.25093517
330047,0.546176
330070,0.34736454
330074,0.12139518
330075,0.17454351
330085,0.22276708
330095,0.5058347
330106,0.32421467
330119,0.19682291
330122,0.24523112
330129,0.62912714
330145,0.6747978
330148,0.25439966
330154,0.3651323
330156,0.17267534
330162,0.53796405
330164,0.34505466
330187,0.5453128
330188,0.449802
330189,0.2334495
330192,0.24656312
330193,0.20434016
330200,0.46933535
330205,0.36130702
330207,0.4568127
330220,0.16196601
330228,0.8093679
330243,0.36370564
330245,0.3689374
330270,0.122897044
330272,0.3695027
330279,0.1939033
330288,0.800349
330289,0.29495224
330299,0.13434236
330308,0.32703555
330314,0.4820593
330317,0.34550565
330322,0.14549328
330332,0.26409143
330356,0.6842171
330358,0.41785195
330360,0.12801467
330363,0.329672
330364,0.5034654
330368,0.27123827
330376,0.13283549
330378,0.63532656
330381,0.44567183
330386,0.5421573
330387,0.12787877
330395,0.4245144
330396,0.15560552
330406,0.322671
330423,0.1710061
330430,0.25568855
330467,0.27092162
330469,0.22591692
330473,0.5502673
330479,0.43920353
330486,0.634275
330523,0.76229274
330524,0.5566199
330540,0.3342022
330564,0.51202595
330565,0.52716005
330567,0.6290389
330568,0.28273797
330602,0.39336312
330616,0.17992519
330617,0.15734237
330625,0.60987556
330635,0.23120935
330636,0.51571393
330639,0.4745888
330661,0.38316655
330666,0.19049065
330670,0.04706022
330682,0.29016998
330690,0.1338724
330708,0.42042145
330726,0.18364275
330730,0.10768845
330765,0.2011118
330776,0.26778767
330789,0.17895469
330791,0.07306887
330803,0.5341354
330805,0.079661004
330807,0.22886677
330821,0.19096623
330822,0.33797345
330836,0.26154882
330837,0.25410855
330839,0.28051737
330840,0.105855115
330861,0.45555866
330878,0.31867552
330881,0.08628952
330888,0.21973383
330890,0.6839841
330903,0.5920773
330904,0.34258643
330905,0.29238537
330907,0.44643167
330915,0.08320819
330921,0.6640924
330922,0.2650608
330925,0.09599687
330942,0.3861469
330945,0.37694913
330957,0.6368365
330965,0.6647059
330973,0.5159893
330979,0.11142314
330981,0.1917144
331005,0.36740303
331018,0.570629
331026,0.23757613
331032,0.039328683
331033,0.4018876
331036,0.0386685
331037,0.09727104
331048,0.29726785
331054,0.5889689
331058,0.3345447
331063,0.4875685
331077,0.4256011
331079,0.08746996
331081,0.7109968
331082,0.2170544
331090,0.21339224
331110,0.1117933
331127,0.767456
331141,0.35342526
331153,0.63811046
331165,0.45121506
331171,0.27599254
331179,0.47271097
331191,0.7436703
331193,0.5428425
331197,0.27881834
331204,0.23849835
331207,0.5638973
331212,0.18006992
331220,0.67073417
331242,0.4383305
331244,0.62584746
331273,0.23742276
331281,0.2690381
331289,0.18605351
331293,0.29777175
331294,0.3908012
331299,0.13070615
331300,0.122604415
331302,0.16207248
331322,0.23110642
331334,0.23315154
331347,0.13852295
331353,0.348979
331361,0.16120811
331370,0.10765825
331379,0.36518714
331382,0.41038647
331388,0.8480671
331390,0.23041737
331400,0.41687563
331411,0.3743628
331431,0.102459356
331451,0.19854553
331455,0.43090373
331456,0.046462554
331461,0.15746099
331468,0.47326308
331480,0.6144531
331491,0.11109279
331505,0.72200006
331508,0.11355331
331517,0.12193229
331519,0.67334735
331526,0.10101717
331530,0.14107959
331533,0.34782806
331554,0.47392884
331579,0.26800978
331590,0.12219653
331599,0.21582861
331604,0.49343187
331605,0.4735459
331611,0.11540593
331616,0.8810435
331620,0.1111407
331623,0.63916713
331641,0.20359255
331645,0.3756485
331657,0.6791213
331662,0.25134066
331678,0.04602446
331684,0.3108603
331686,0.5212386
331691,0.46946794
331697,0.7064198
331707,0.71963936
331709,0.0735182
331716,0.31759265
331719,0.2496617
331729,0.093552835
331735,0.21061452
331743,0.13409491
331761,0.60618836
331772,0.14636748
331777,0.20553935
331794,0.46417636
331813,0.5297009
331818,0.6366453
331834,0.22295572
331848,0.21330285
331849,0.41910166
331868,0.1708496
331875,0.25451237
331879,0.19224636
331886,0.12600471
331888,0.41878605
331891,0.24355517
331903,0.14154942
331905,0.17465368
331913,0.30293512
331914,0.10444706
331937,0.10887244
331938,0.328343
331939,0.5892173
331944,0.24152263
331948,0.5752249
331968,0.17427942
331976,0.83643955
331977,0.79487383
332007,0.38516343
332014,0.22089803
332017,0.18678325
332027,0.37795272
332033,0.25697377
332041,0.1859573
332042,0.6659219
332047,0.14194724
332050,0.5143899
332056,0.121221036
332071,0.04336301
332075,0.64510375
332076,0.2120615
332077,0.3364863
332083,0.4535822
332093,0.79440916
332111,0.2877536
332119,0.29300913
332121,0.62937915
332135,0.25271147
332144,0.589027
332147,0.29306203
332155,0.29159427
332156,0.20293714
332164,0.41152492
332166,0.079364896
332170,0.66526765
332180,0.7515661
332181,0.664067
332184,0.54167897
332192,0.52884865
332204,0.36278212
332225,0.42355147
332234,0.32730457
332243,0.5074662
332253,0.53677934
332261,0.39845988
332266,0.15826946
332270,0.4244194
332285,0.832758
332290,0.03796238
332296,0.21278831
332298,0.4217949
332302,0.2514071
332303,0.15667173
332317,0.19678015
332318,0.5273603
332327,0.40103206
332337,0.43065226
332351,0.6330894
332373,0.16352317
332377,0.1610415
332384,0.57102036
332398,0.14441122
332404,0.37094223
332405,0.29866835
332454,0.1799517
332456,0.46989143
332464,0.5703687
332468,0.3509068
332476,0.36875233
332482,0.24209334
332483,0.30821297
332508,0.3942808
332519,0.8474708
332529,0.7016454
332537,0.6493591
332545,0.73976815
332551,0.3284253
332552,0.6144508
332570,0.30233955
332574,0.49724418
332579,0.7226213
332607,0.116770476
332618,0.6112982
332626,0.6577327
332628,0.1124586
332645,0.23778506
332652,0.7414851
332666,0.29689333
332694,0.19556461
332697,0.56295073
332698,0.12291927
332700,0.30079406
332708,0.780627
332714,0.2828122
332722,0.18748203
332724,0.33006403
332730,0.2706037
332741,0.2196953
332746,0.19689894
332754,0.45450482
332756,0.73059386
332759,0.114412606
332764,0.88381815
332786,0.3115034
332790,0.21218349
332816,0.10096414
332821,0.43787602
332827,0.15787253
332829,0.13725446
332831,0.068696246
332833,0.7711231
332834,0.43889812
332837,0.1328676
332846,0.38875037
332860,0.5367495
332861,0.22613046
332865,0.2492929
332882,0.325802
332897,0.7186743
332901,0.3168288
332904,0.20114848
332910,0.8748909
332911,0.14389832
332912,0.8100573
332939,0.25436956
332940,0.10279165
332952,0.12348898
332956,0.18017334
332957,0.7109743
332958,0.09881721
332961,0.68339807
332967,0.5659715
332974,0.44373298
332993,0.13187163
333007,0.41722694
333012,0.7423509
333020,0.5082532
333021,0.47267145
333035,0.27740946
333040,0.6596704
333061,0.06307478
333073,0.09740687
333078,0.34683675
333085,0.23254967
333086,0.53276825
333096,0.8523702
333100,0.4024205
333112,0.4356031
333114,0.06649033
333120,0.6968207
333142,0.10035041
333152,0.09977761
333159,0.7109838
333178,0.14513327
333179,0.22828507
333187,0.34750697
333191,0.48113114
333192,0.2977173
333199,0.2578506
333211,0.43914098
333224,0.14156665
333237,0.7792568
333238,0.12191021
333262,0.08380318
333268,0.493209
333275,0.3744383
333289,0.6086891
333292,0.81553584
333303,0.3875061
333305,0.44783017
333312,0.14282545
333316,0.3701416
333335,0.47398427
333354,0.29717746
333356,0.055327285
333358,0.163697
333376,0.13953353
333378,0.36703226
333380,0.33050758
333381,0.69638884
333388,0.33265713
333392,0.08318584
333406,0.911144
333410,0.3844146
333411,0.30804318
333412,0.585758
333428,0.3317684
333432,0.09624412
333435,0.33104226
333442,0.34975407
333452,0.41106272
333455,0.6840316
333456,0.4301252
333459,0.48800394
333464,0.80485755
333466,0.624538
333469,0.3010356
333475,0.15514196
333476,0.07816707
333477,0.5463575
333487,0.2569609
333490,0.26871204
333497,0.82324725
333499,0.08761952
333500,0.48580238
333501,0.29507115
333503,0.14353487
333513,0.62598646
333518,0.32968172
333544,0.4106428
333546,0.72390527
333563,0.78397745
333566,0.53028035
333568,0.6367854
333570,0.3304708
333573,0.06452882
333574,0.10449896
333584,0.25509137
333589,0.2115419
333594,0.4610409
333596,0.06970568
333597,0.37633607
333615,0.22536892
333621,0.32497397
333622,0.16762571
333629,0.42266846
333651,0.40593013
333653,0.5997755
333664,0.15008156
333680,0.10221694
333687,0.6996043
333688,0.24997354
333689,0.80611455
333693,0.4954604
333695,0.09386243
333706,0.13416125
333709,0.56152916
333713,0.5363014
333734,0.26093712
333745,0.73687005
333752,0.36086708
333764,0.20439999
333780,0.4168782
333789,0.68317544
333791,0.19982131
333795,0.44231835
333799,0.62402016
333801,0.5441515
333802,0.7243368
333803,0.33556923
333810,0.42238048
333837,0.25465882
333842,0.74125725
333843,0.2794045
333845,0.2261329
333852,0.81681085
333859,0.24370421
333885,0.69769555
333896,0.53305084
333904,0.37741226
333908,0.11309267
333913,0.15942127
333927,0.31994453
333930,0.29134163
333935,0.12156921
333952,0.3348959
333953,0.64354897
333966,0.43847924
333968,0.047913145
333988,0.38911572
334013,0.16163717
334027,0.66737103
334030,0.2709472
334032,0.55645585
334033,0.21530075
334042,0.15739045
334045,0.5527379
334053,0.11896802
334055,0.13708237
334058,0.18687864
334063,0.5862683
334070,0.24275897
334074,0.15955849
334080,0.5487929
334086,0.29437298
334092,0.50791323
334099,0.18953912
334101,0.12048681
334103,0.29316798
334104,0.75984377
334109,0.7521392
334125,0.5335892
334130,0.737463
334138,0.7674144
334161,0.20093936
334164,0.355608
334169,0.2601077
334171,0.1275759
334185,0.43719822
334186,0.29610682
334209,0.43230042
334211,0.45909342
334230,0.09354999
334231,0.6387351
334237,0.6614474
334241,0.7518969
334244,0.81385535
334247,0.08731674
334250,0.2020609
334252,0.25787064
334273,0.116557084
334282,0.16265978
334285,0.3388877
334286,0.35440305
334292,0.44317356
334296,0.19018006
334299,0.27607092
334300,0.33529615
334305,0.15182978
334307,0.6701096
334311,0.26771086
334315,0.41632503
334343,0.675772
334344,0.19683385
334345,0.63077337
334350,0.4866237
334353,0.040328816
334365,0.4069
334372,0.23227963
334374,0.23399384
334375,0.26884183
334382,0.66539496
334387,0.06653064
334391,0.7342436
334397,0.17261909
334407,0.18464573
334415,0.09180096
334417,0.25929156
334419,0.54213536
334431,0.2825903
334435,0.8961693
334446,0.8769402
334447,0.5171187
334457,0.19709606
334459,0.5699916
334471,0.12624244
334474,0.48912972
334481,0.12166953
334483,0.13094029
334486,0.53079647
334490,0.76031935
334492,0.66592765
334494,0.43816748
334512,0.38847458
334522,0.09292724
334527,0.1567763
334534,0.09734504
334537,0.12025853
334539,0.30279183
334552,0.543016
334555,0.67960465
334565,0.48319933
334580,0.2611498
334585,0.3935786
334589,0.45881373
334594,0.60558885
334600,0.1140474
334603,0.16856134
334613,0.2409579
334621,0.4317008
334628,0.3216612
334631,0.51688653
334634,0.24067031
334635,0.5829629
334659,0.19016705
334660,0.16643322
334664,0.27836907
334671,0.13930638
334693,0.29444265
334695,0.56230557
334703,0.75349754
334718,0.51308036
334728,0.8598369
334732,0.6385843
334733,0.55650103
334735,0.26982433
334748,0.16066167
334756,0.648671
334764,0.45057708
334766,0.43085086
334787,0.13130897
334803,0.16608325
334806,0.6538502
334817,0.76434976
334825,0.23633295
334831,0.34464997
334836,0.34897834
334845,0.34505096
334857,0.2220459
334868,0.25234285
334871,0.22991002
334873,0.34762636
334881,0.45246506
334886,0.18386242
334898,0.5061831
334899,0.36507592
334901,0.29664046
334916,0.51966673
334923,0.7047287
334933,0.44454035
334938,0.697934
334955,0.68149203
334963,0.8070763
334974,0.53312284
334986,0.22740968
334994,0.2762579
334995,0.5989531
335001,0.28296667
335005,0.56565315
335009,0.23406734
335014,0.22942546
335015,0.17180805
335017,0.81482863
335025,0.77778137
335027,0.73600274
335055,0.4357539
335058,0.50357574
335072,0.40944597
335073,0.12096599
335081,0.32059535
335091,0.05569993
335096,0.04208991
335097,0.21635808
335099,0.13844122
335113,0.06960141
335136,0.373375
335140,0.32463267
335141,0.080334194
335143,0.83843833
335155,0.40090594
335170,0.30277476
335176,0.26247892
335181,0.37432766
335183,0.5305833
335192,0.14655876
335196,0.8264517
335198,0.17954595
335203,0.47049633
335204,0.7822293
335218,0.17919275
335222,0.31264994
335223,0.7958875
335229,0.44131318
335231,0.55630094
335236,0.32532057
335253,0.6651478
335257,0.41119224
335262,0.18737048
335263,0.5943829
335273,0.54595506
335276,0.6193294
335278,0.120329745
335295,0.1667481
335301,0.13397335
335303,0.07973342
335305,0.73513633
335310,0.51334685
335313,0.05313269
335314,0.260707
335319,0.26917997
335321,0.5110967
335331,0.2038836
335332,0.24218571
335333,0.3783339
335337,0.47320867
335342,0.36455616
335347,0.3651498
335351,0.3876238
335356,0.18953612
335366,0.39046466
335369,0.17349055
335377,0.6265265
335388,0.7217795
335395,0.55822057
335397,0.104052626
335411,0.3301595
335419,0.17302193
335425,0.46937364
335427,0.33426288
335443,0.110853456
335446,0.05107771
335448,0.252022
335451,0.6752231
335458,0.24722677
335459,0.6092778
335460,0.778706
335463,0.40067255
335471,0.29345918
335477,0.07490377
335478,0.5582634
335484,0.11074952
335490,0.7917533
335495,0.36444965
335506,0.6298502
335507,0.5784722
335518,0.33499768
335533,0.17637923
335537,0.59286064
335538,0.5469832
335549,0.54432297
335553,0.6158968
335561,0.5788829
335564,0.11101183
335573,0.30390903
335577,0.19955379
335579,0.1115801
335585,0.42027983
335590,0.38124043
335594,0.24254811
335598,0.234138
335601,0.21012953
335608,0.4564317
335616,0.542994
335640,0.33765975
335645,0.5363931
335653,0.35070235
335683,0.18385257
335692,0.46695456
335713,0.11146062
335726,0.107506365
335727,0.871979
335728,0.3618753
335732,0.20935063
335736,0.40712303
335747,0.19079591
335754,0.35532886
335755,0.16659386
335761,0.5977323
335775,0.36065766
335778,0.7146618
335779,0.4750413
335787,0.064018585
335805,0.112747915
335807,0.23686981
335808,0.49145597
335815,0.59235615
335818,0.08984062
335835,0.44222954
335849,0.29160118
335850,0.38510132
335851,0.41125953
335852,0.09332087
335856,0.26311454
335857,0.5119564
335863,0.6162484
335871,0.29869425
335879,0.38427597
335885,0.32164234
335887,0.7158673
335893,0.76093936
335906,0.28086796
335912,0.119963996
335921,0.25443614
335944,0.5964513
335952,0.65481985
335955,0.1443831
335956,0.068311065
335957,0.662587
335958,0.3721168
335962,0.26645452
335963,0.26020622
335964,0.19296692
335971,0.09299114
335973,0.26927665
335975,0.6263072
335981,0.28377372
335983,0.529655
336016,0.4358328
336038,0.24545215
336039,0.18015605
336041,0.51584524
336061,0.37494048
336063,0.2553956
336067,0.18585046
336071,0.3033597
336089,0.6174364
336095,0.4068675
336096,0.51827455
336101,0.17075284
336117,0.23236966
336118,0.3348651
336120,0.748306
336137,0.09278374
336155,0.28388393
336156,0.89278996
336159,0.12924261
336178,0.6524354
336183,0.75623316
336194,0.15849379
336195,0.6230835
336199,0.07587922
336209,0.3540882
336213,0.3788923
336214,0.28343004
336215,0.089639306
336220,0.1804148
336253,0.07014064
336260,0.8007959
336263,0.34264004
336265,0.42598754
336273,0.18878463
336277,0.23713991
336280,0.36079147
336295,0.5423718
336308,0.12203151
336309,0.24795508
336316,0.4282152
336319,0.54455805
336321,0.100746505
336322,0.7670749
336323,0.48396662
336340,0.35194772
336344,0.46809453
336352,0.313478
336361,0.61860526
336367,0.14851178
336382,0.47496337
336383,0.5427199
336393,0.3739862
336407,0.3592531
336413,0.13256115
336418,0.6085187
336426,0.25284356
336427,0.21836203
336436,0.24146055
336443,0.3136777
336445,0.23599164
336447,0.059183348
336451,0.37075332
336464,0.15560043
336484,0.54656154
336491,0.35901228
336492,0.2398786
336493,0.40689287
336494,0.18138546
336499,0.11168076
336524,0.022002257
336527,0.320957
336534,0.7925421
336544,0.17465436
336553,0.6181352
336558,0.18556483
336565,0.16602269
336569,0.602603
336580,0.55032486
336586,0.06459771
336592,0.52750564
336604,0.41185156
336610,0.3691837
336623,0.5996925
336634,0.41343448
336635,0.3403511
336641,0.25084943
336660,0.17388579
336673,0.4346666
336686,0.2764557
336693,0.17911342
336701,0.2556289
336704,0.43972677
336711,0.43988717
336715,0.38974604
336717,0.09126733
336722,0.23985022
336724,0.1680064
336741,0.45215192
336745,0.04482298
336757,0.6763319
336764,0.68239975
336767,0.39452136
336783,0.18002512
336786,0.38864514
336791,0.08784267
336792,0.76939976
336813,0.5497793
336822,0.7581361
336823,0.5569043
336832,0.41888183
336843,0.41233793
336858,0.49437037
336870,0.5089253
336876,0.11665673
336885,0.27196723
336887,0.41322875
336891,0.12078768
336903,0.18359424
336916,0.4923344
336917,0.20811632
336922,0.19195688
336925,0.08457639
336931,0.79982716
336938,0.14960133
336950,0.82632965
336955,0.4181442
336956,0.51259404
336959,0.45124707
336966,0.79541147
336971,0.2966108
336978,0.20459968
336983,0.28639123
336986,0.037448294
336996,0.7000347
337003,0.8164681
337007,0.28117707
337029,0.3882627
337034,0.39843404
337039,0.14820488
337057,0.4862084
337058,0.34727678
337062,0.48045203
337080,0.32841384
337087,0.041468177
337105,0.123660386
337108,0.21838954
337120,0.4223057
337125,0.5987321
337142,0.25831997
337159,0.39290765
337160,0.18864612
337168,0.43042368
337170,0.1905488
337171,0.1050565
337178,0.6410782
337188,0.34597608
337191,0.4058377
337200,0.12099312
337207,0.1434774
337210,0.17789628
337218,0.10754077
337221,0.30792007
337237,0.11310155
337241,0.82255894
337244,0.5734058
337273,0.43591577
337294,0.1972672
337295,0.15734133
337298,0.319232
337310,0.07882197
337326,0.11727663
337338,0.8280168
337343,0.5704675
337360,0.30186954
337369,0.7321574
337375,0.7395649
337386,0.37399703
337388,0.8719787
337405,0.5352507
337408,0.26644707
337412,0.05640149
337416,0.28491625
337418,0.6660693
337442,0.7545357
337449,0.35350654
337457,0.07927752
337460,0.25957033
337474,0.33428824
337499,0.30591312
337506,0.34693342
337512,0.58336836
337527,0.30112672
337528,0.23350866
337530,0.19276327
337539,0.63912785
337546,0.11742965
337551,0.56949455
337569,0.17737092
337576,0.13253033
337582,0.27929062
337590,0.69971097
337599,0.28981113
337600,0.8345663
337601,0.8945953
337608,0.19295014
337614,0.7224292
337619,0.69781053
337625,0.5957587
337629,0.46386668
337635,0.34144458
337642,0.37133095
337663,0.7676202
337665,0.69212687
337668,0.06116165
337700,0.5505003
337746,0.10813422
337761,0.1143485
337779,0.64935213
337788,0.33831713
337790,0.40092
337793,0.3353361
337802,0.43863755
337807,0.4777312
337821,0.47194389
337840,0.252433
337846,0.71308947
337848,0.8242209
337864,0.38220522
337866,0.41673595
337868,0.14969292
337878,0.07915878
337890,0.5970423
337896,0.44945094
337901,0.4002474
337905,0.56574893
337914,0.4198757
337953,0.22951299
337969,0.11744135
337984,0.1736263
337995,0.39455578
338009,0.24990645
338018,0.2663759
338022,0.17357299
338028,0.6308835
338029,0.41387603
338044,0.046245296
338050,0.3826655
338052,0.15884069
338073,0.5927795
338076,0.13514794
338084,0.11569845
338086,0.066768825
338094,0.29294533
338097,0.48322594
338099,0.4676481
338126,0.19133058
338127,0.7674037
338137,0.75412595
338146,0.05907933
338161,0.3235516
338164,0.52091235
338174,0.09176606
338179,0.8863594
338181,0.5370856
338188,0.079293676
338189,0.40980306
338193,0.121075146
338199,0.12233222
338202,0.6579827
338204,0.53337324
338210,0.38058534
338229,0.37227738
338240,0.18681702
338250,0.3233219
338253,0.69355285
338254,0.086682945
338268,0.57815266
338290,0.35627192
338293,0.3105638
338297,0.35519657
338301,0.21199732
338306,0.28182662
338314,0.27391812
338318,0.20101361
338325,0.15599671
338340,0.6399089
338341,0.3214348
338351,0.10262152
338352,0.59668845
338368,0.13709791
338381,0.10378228
338404,0.1567535
338409,0.306934
338417,0.091771424
338418,0.23898625
338426,0.10070172
338431,0.37772483
338435,0.25418678
338463,0.61519325
338465,0.19693525
338467,0.30489308
338479,0.7121347
338495,0.33156708
338510,0.44944093
338526,0.21290568
338528,0.48982912
338530,0.2803991
338539,0.08939731
338543,0.23582233
338554,0.111922994
338557,0.45776206
338581,0.83084184
338589,0.21464482
338595,0.66244507
338597,0.2993737
338604,0.59321094
338607,0.10816131
338613,0.027725507
338615,0.13413426
338628,0.45711377
338636,0.5596226
338642,0.02698858
338669,0.18467592
338671,0.4354029
338675,0.28773305
338676,0.74461114
338690,0.25145572
338696,0.5316937
338702,0.7960285
338703,0.0520785
338709,0.53261787
338719,0.6308709
338725,0.51538795
338727,0.2409197
338732,0.16438447
338749,0.26977387
338773,0.14615864
338774,0.26608086
338784,0.63015306
338789,0.33249682
338792,0.5875386
338804,0.6126234
338808,0.62764084
338822,0.1326177
338824,0.1523527
338833,0.43711257
338836,0.56003225
338840,0.5556623
338842,0.6316572
338843,0.48358545
338847,0.2280646
338849,0.71835977
338857,0.47190878
338860,0.7873413
338872,0.45407546
338874,0.35086462
338878,0.48308873
338895,0.43754953
338896,0.6133703
338904,0.73225737
338920,0.53840125
338931,0.18273643
338938,0.12390088
338955,0.27997354
338962,0.17971432
338969,0.5775349
338976,0.35996082
338994,0.15134941
339011,0.18940811
339014,0.31592268
339017,0.16498734
339018,0.8980164
339030,0.20826234
339038,0.06059341
339060,0.08090038
339079,0.6800239
339082,0.12605079
339099,0.24164411
339103,0.30920464
339105,0.3499753
339107,0.07228958
339121,0.7619228
339148,0.37435466
339152,0.19750579
339154,0.47155336
339170,0.7442346
339186,0.2099856
339187,0.34322396
339193,0.23146561
339196,0.211355
339199,0.202085
339203,0.70851266
339216,0.55587983
339228,0.4038851
339232,0.5556006
339237,0.1760059
339240,0.43197495
339242,0.121964216
339245,0.22334315
339252,0.39352357
339256,0.12519807
339258,0.57455486
339260,0.22720277
339263,0.4054533
339268,0.34626618
339269,0.5237853
339286,0.69137776
339304,0.24360165
339307,0.38087204
339317,0.26647577
339330,0.75417954
339346,0.7697969
339380,0.19206977
339381,0.16504443
339382,0.41130483
339391,0.1574249
339396,0.34280998
339406,0.13018018
339407,0.35751343
339409,0.47630423
339410,0.45622578
339425,0.3121694
339427,0.2534275
339433,0.66754603
339443,0.09497743
339449,0.44569814
339452,0.29511994
339453,0.3641831
339455,0.30453944
339457,0.3628297
339477,0.39375386
339483,0.2960085
339487,0.6322321
339490,0.14573947
339518,0.43733707
339523,0.55183285
339529,0.17066464
339541,0.54377633
339544,0.65949947
339546,0.70322
339559,0.70263374
339563,0.08469368
339573,0.4122486
339591,0.29247335
339593,0.36893594
339599,0.26486728
339604,0.7409203
339615,0.2702897
339621,0.11619928
339625,0.7775696
339642,0.49788195
339647,0.8238548
339650,0.41689494
339656,0.23352832
339659,0.28844333
339681,0.45547178
339683,0.51935875
339684,0.52413195
339689,0.49845138
339694,0.16506371
339699,0.5235277
339718,0.63661355
339727,0.72331107
339735,0.2755424
339736,0.15873872
339745,0.10204411
339755,0.36518615
339758,0.19882375
339770,0.06521858
339772,0.2847483
339778,0.17377415
339786,0.29608813
339787,0.8474756
339788,0.5565831
339799,0.4534267
339814,0.36111045
339837,0.17908652
339842,0.32853946
339845,0.30578142
339852,0.4102242
339857,0.821698
339864,0.38616136
339872,0.45814142
339873,0.036453944
339874,0.30220854
339875,0.3908297
339879,0.7994617
339884,0.22677493
339888,0.3716206
339891,0.5522582
339905,0.5299195
339920,0.36756435
339934,0.43036243
339938,0.53260887
339948,0.109090045
339949,0.11991748
339953,0.24957289
339954,0.2842658
339957,0.29042843
339958,0.691524
339971,0.25768957
339975,0.19396795
339978,0.1312639
339984,0.331524
339993,0.19541857
340009,0.3132328
340012,0.19426964
340019,0.21406911
340031,0.39401975
340041,0.741574
340045,0.28895548
340046,0.7245515
340067,0.14500408
340079,0.5054503
340081,0.48006698
340082,0.1790013
340090,0.21508631
340091,0.52144796
340099,0.26126242
340104,0.4335461
340109,0.28717804
340123,0.74633163
340146,0.17585625
340162,0.30610585
340167,0.5892279
340181,0.24409807
340194,0.15371792
340195,0.116419755
340198,0.49979648
340202,0.8225069
340203,0.8568394
340219,0.284555
340221,0.3130832
340224,0.16018052
340239,0.25705314
340248,0.441879
340262,0.5443118
340264,0.5500898
340277,0.8159973
340285,0.101515986
340292,0.3310833
340356,0.67591465
340365,0.63522476
340375,0.52527905
340377,0.067808814
340378,0.74052954
340385,0.70146924
340387,0.1678988
340388,0.3646718
340405,0.30361238
340407,0.3467855
340408,0.20993547
340416,0.29251376
340420,0.12970558
340421,0.82151675
340425,0.23035759
340430,0.32793513
340448,0.6258382
340451,0.4529486
340456,0.33932087
340457,0.39151
340459,0.43035716
340460,0.54876876
340463,0.14703144
340464,0.38490024
340486,0.08297931
340503,0.6420237
340504,0.24770327
340505,0.2743363
340507,0.37015057
340509,0.265851
340511,0.7034992
340513,0.3554721
340516,0.62490886
340529,0.20581289
340535,0.14502922
340542,0.75946856
340545,0.5212257
340546,0.8766676
340556,0.6293291
340567,0.070720844
340576,0.47789678
340577,0.2572302
340586,0.12592342
340587,0.74990255
340594,0.36467552
340610,0.8870403
340611,0.42744038
340614,0.4482342
340625,0.18556765
340630,0.70838696
340640,0.30299675
340667,0.58163315
340674,0.09314072
340679,0.65991086
340683,0.41132995
340686,0.65314966
340698,0.08113347
340708,0.144071
340717,0.37242392
340718,0.07024825
340720,0.157482
340726,0.14545871
340746,0.2725602
340747,0.047557842
340768,0.3098097
340769,0.33061317
340772,0.8265538
340774,0.65101606
340778,0.0777214
340806,0.4702037
340816,0.28944367
340823,0.2394084
340826,0.18069431
340838,0.84000033
340840,0.44852832
340842,0.27487662
340844,0.49926305
340845,0.37353313
340853,0.79927117
340855,0.7723215
340857,0.64134705
340858,0.35516062
340864,0.6126642
340899,0.49647263
340901,0.35131443
340909,0.37339452
340921,0.1177769
340925,0.34025326
340953,0.18183538
340954,0.57333815
340961,0.27148944
340963,0.6179742
340975,0.7359885
340977,0.2233432
340996,0.24248719
341009,0.36344606
341013,0.48870867
341020,0.3516925
341024,0.45722947
341031,0.37360802
341038,0.71760756
341042,0.20571338
341050,0.4208817
341063,0.7408344
341066,0.10085683
341067,0.034535073
341070,0.7025107
341075,0.45993707
341089,0.120490104
341091,0.107431374
341122,0.51897997
341132,0.34486222
341135,0.6423225
341150,0.81596917
341168,0.4091282
341172,0.73378825
341182,0.2789546
341183,0.056018848
341187,0.55249935
341192,0.5940445
341194,0.34160933
341201,0.22980085
341226,0.17036472
341228,0.21170662
341231,0.25436604
341235,0.23937348
341237,0.14477591
341251,0.5183749
341278,0.45564902
341284,0.068276234
341285,0.69363296
341294,0.22865935
341296,0.37007707
341297,0.3179873
341298,0.25831655
341302,0.29292426
341304,0.27074316
341307,0.5579261
341314,0.5528559
341324,0.25945848
341332,0.82523346
341342,0.18863168
341347,0.28681558
341356,0.46396017
341358,0.41860688
341365,0.27413815
341368,0.3327808
341372,0.44372895
341374,0.18664397
341380,0.24611405
341381,0.57397926
341390,0.60071796
341398,0.7262556
341401,0.60096365
341406,0.10751338
341413,0.50083977
341419,0.12077449
341421,0.18868783
341427,0.25822055
341429,0.37390453
341434,0.094434895
341437,0.123599365
341444,0.5310738
341447,0.102651685
341452,0.35574257
341458,0.7731737
341475,0.384552
341478,0.2701312
341495,0.20442776
341503,0.19862601
341520,0.15693603
341525,0.4236339
341544,0.23871513
341545,0.099592805
341548,0.11191947
341551,0.080794185
341552,0.4253482
341562,0.5706858
341574,0.46937498
341577,0.19419795
341585,0.6295386
341616,0.45694274
341630,0.31095022
341631,0.27261034
341640,0.5974325
341651,0.2015657
341653,0.42925695
341655,0.79120123
341659,0.17788212
341696,0.8666642
341705,0.7933178
341717,0.10455538
341720,0.20533314
341728,0.38500786
341729,0.14805833
341737,0.15950431
341758,0.070954196
341765,0.48317772
341780,0.7458652
341785,0.614775
341787,0.3565559
341790,0.33492342
341796,0.2197202
341805,0.24632156
341811,0.28338918
341823,0.20664044
341828,0.9251389
341841,0.10540433
341865,0.46972147
341873,0.35009536
341891,0.25601736
341899,0.15588658
341906,0.22108163
341917,0.13533749
341926,0.33260798
341931,0.35426062
341934,0.20932782
341939,0.6847233
341943,0.6811693
341962,0.12616643
341967,0.39387536
341971,0.46630806
341990,0.13784306
341997,0.34938136
342001,0.20501326
342010,0.19772713
342042,0.5637777
342052,0.44772482
342084,0.29866546
342089,0.12492657
342091,0.17770477
342099,0.13796179
342109,0.20915565
342111,0.33109692
342119,0.17267822
342120,0.56654173
342125,0.19468094
342127,0.7725145
342128,0.60465825
342135,0.24535827
342136,0.4940309
342138,0.3161289
342148,0.6129308
342153,0.7269392
342154,0.60428244
342157,0.14603838
342163,0.22023323
342168,0.26413837
342173,0.75240415
342182,0.38774437
342185,0.1772424
342194,0.4227489
342198,0.42073905
342210,0.31489223
342214,0.40313607
342220,0.3184084
342222,0.027311804
342223,0.5291858
342230,0.2538534
342239,0.31747746
342247,0.4604073
342248,0.66238564
342252,0.17946558
342257,0.7237883
342271,0.8354992
342272,0.15580885
342290,0.43201002
342295,0.16511472
342297,0.32843763
342298,0.2562951
342301,0.27612475
342305,0.4456975
342308,0.06823523
342314,0.34594664
342322,0.45524156
342340,0.5683824
342350,0.31636065
342353,0.44097716
342358,0.36515963
342377,0.17990632
342378,0.09231603
342382,0.7041121
342390,0.18670084
342396,0.559883
342439,0.4811805
342442,0.32146755
342447,0.3234988
342449,0.18852158
342450,0.67285657
342451,0.35279617
342454,0.6582638
342455,0.8129151
342467,0.38183805
342476,0.79909384
342481,0.6629499
342498,0.15751362
342503,0.08404599
342510,0.12950952
342513,0.38234383
342523,0.13965183
342527,0.76849437
342555,0.67444825
342566,0.5585939
342584,0.088358216
342593,0.16503389
342600,0.20372577
342611,0.2715722
342614,0.3177547
342637,0.52573144
342639,0.104386434
342656,0.76592916
342669,0.1929506
342684,0.7852558
342686,0.6897345
342690,0.78375614
342693,0.20022139
342701,0.76658714
342702,0.7933474
342703,0.41196874
342706,0.24186094
342711,0.28742954
342730,0.35415253
342744,0.53376496
342753,0.79165244
342769,0.15557884
342779,0.62674636
342788,0.18899596
342792,0.22040354
342794,0.49252218
342795,0.26120007
342799,0.21333335
342802,0.8217994
342803,0.83547294
342812,0.52862155
342820,0.51833737
342824,0.100660846
342835,0.5903153
342836,0.22302672
342851,0.5157543
342860,0.39312762
342862,0.5895867
342870,0.40049365
342873,0.40428975
342894,0.067486845
342916,0.13251548
342950,0.60801095
342970,0.41332272
342971,0.62527543
342980,0.1347874
342981,0.13283926
343004,0.70748526
343044,0.051274367
343045,0.7771382
343072,0.26833782
343078,0.5276494
343080,0.7650929
343085,0.36693504
343126,0.53503424
343137,0.34197518
343139,0.38877624
343144,0.6452873
343155,0.2863538
343163,0.1382709
343165,0.27350527
343190,0.21189862
343205,0.13995206
343221,0.28201059
343226,0.12278301
343233,0.4721768
343236,0.29299372
343241,0.58181334
343245,0.5509653
343256,0.48012766
343260,0.48867103
343276,0.25313643
343298,0.36102632
343299,0.24210872
343310,0.70300674
343312,0.53701895
343317,0.30668274
343319,0.14661507
343324,0.13296278
343345,0.11502103
343348,0.45104456
343354,0.71808916
343363,0.080509424
343365,0.7379458
343376,0.20227486
343380,0.774288
343401,0.23149517
343412,0.17954545
343414,0.18083271
343415,0.52085304
343418,0.4704495
343419,0.40206274
343421,0.268922
343423,0.27837223
343432,0.036518414
343436,0.2717411
343440,0.8691561
343458,0.13619006
343470,0.45493892
343471,0.27564028
343480,0.22311094
343484,0.27139565
343492,0.74249923
343500,0.31532288
343503,0.2878419
343522,0.40890104
343525,0.10595938
343562,0.6947067
343577,0.6241131
343580,0.74531245
343591,0.19713375
343594,0.35878485
343602,0.3160509
343611,0.18984461
343615,0.6863527
343639,0.16562548
343643,0.20001209
343645,0.40226495
343647,0.13251843
343669,0.054176603
343683,0.40907508
343702,0.87905866
343703,0.4549039
343704,0.12628227
343710,0.061162427
343724,0.6989227
343730,0.5920761
343742,0.60008055
343743,0.2862825
343745,0.18359038
343775,0.69260424
343783,0.35645694
343794,0.5767076
343795,0.20189391
343816,0.13563977
343820,0.2976381
343823,0.6868345
343836,0.14501046
343845,0.49481764
343888,0.7664484
343893,0.20773959
343898,0.44250122
343914,0.11305019
343918,0.13445617
343920,0.2854279
343928,0.4218936
343931,0.42458564
343968,0.24312776
343990,0.55608624
343991,0.34699106
343996,0.45979315
344002,0.73529446
344004,0.5717269
344008,0.6882312
344011,0.3171286
344013,0.7402283
344014,0.43278503
344015,0.46310407
344016,0.31844357
344019,0.4260953
344026,0.12483054
344027,0.37821284
344029,0.36060902
344039,0.6679196
344041,0.8527125
344042,0.22454703
344047,0.6104995
344053,0.8016294
344055,0.27297345
344060,0.24181327
344064,0.16336511
344067,0.35274917
344080,0.22933525
344083,0.29663938
344088,0.085132256
344090,0.3616565
344093,0.40550873
344099,0.20568396
344113,0.51131845
344114,0.48340344
344119,0.14631325
344121,0.2830353
344135,0.58773845
344138,0.28209013
344159,0.39190957
344172,0.20682421
344176,0.4489856
344192,0.114651084
344202,0.4666523
344219,0.38645256
344225,0.2279762
344229,0.8036533
344240,0.19015506
344241,0.3465014
344249,0.12558545
344252,0.8989013
344256,0.64079857
344260,0.19170564
344264,0.12307169
344267,0.27664456
344275,0.26505464
344283,0.09897888
344292,0.2084717
344296,0.21239279
344297,0.121201195
344299,0.31751764
344303,0.45682043
344313,0.34745306
344315,0.1692443
344317,0.2879498
344323,0.45898342
344328,0.5717214
344339,0.47204235
344343,0.41261113
344345,0.27770653
344356,0.22706786
344358,0.18090415
344359,0.27054992
344366,0.6256685
344370,0.32961124
344382,0.055346377
344383,0.291294
344386,0.3876306
344388,0.6759894
344393,0.11264377
344395,0.3586046
344401,0.4291057
344402,0.59565365
344404,0.6064184
344422,0.039983165
344427,0.17096767
344433,0.1362937
344444,0.5444221
344454,0.23746285
344460,0.43782136
344480,0.08620082
344483,0.15901846
344488,0.5917286
344496,0.7492414
344504,0.56317073
344516,0.39896902
344524,0.3714165
344540,0.7182451
344542,0.2390519
344550,0.25933513
344558,0.06929581
344561,0.2004452
344568,0.6861697
344571,0.43422762
344621,0.18583828
344633,0.72687876
344635,0.7758436
344660,0.27060476
344662,0.33452606
344681,0.051691648
344683,0.8262098
344685,0.5193915
344716,0.84971595
344726,0.25115615
344749,0.35918286
344750,0.8415423
344752,0.2403827
344760,0.2806075
344762,0.6436922
344768,0.24650905
344770,0.77789044
344772,0.73007107
344778,0.3182317
344783,0.4238039
344793,0.121799834
344814,0.2697549
344815,0.1370003
344818,0.18594414
344819,0.1882382
344826,0.77169216
344828,0.9016646
344835,0.216589
344864,0.24442685
344869,0.60355276
344875,0.8101729
344883,0.10283542
344885,0.14138372
344887,0.40241906
344889,0.6231145
344892,0.7751482
344895,0.41363508
344913,0.15027411
344934,0.08826502
344939,0.7085188
344947,0.7047958
344964,0.69994533
344969,0.26831037
344973,0.26279312
344977,0.5587833
344978,0.628729
344991,0.43523252
345010,0.4500112
345011,0.38185996
345012,0.59415585
345020,0.20628594
345021,0.18410033
345042,0.0955444
345046,0.13416812
345070,0.22227229
345078,0.6509629
345085,0.6710691
345087,0.75308704
345093,0.28503615
345094,0.6788443
345097,0.4649541
345107,0.15271267
345109,0.74096245
345117,0.30440047
345118,0.21354857
345126,0.80987656
345142,0.21131282
345143,0.059871033
345149,0.12712976
345150,0.1499091
345154,0.89787364
345174,0.2504969
345184,0.41593727
345193,0.25969875
345196,0.3686542
345202,0.2622745
345207,0.45510194
345209,0.7528279
345211,0.31230423
345212,0.604181
345213,0.57998097
345218,0.17496832
345228,0.15479858
345234,0.17890006
345251,0.17343448
345252,0.3385735
345260,0.425864
345269,0.07219161
345275,0.55127525
345300,0.04443246
345305,0.2316589
345306,0.7483668
345310,0.15648001
345315,0.77426016
345324,0.22338016
345329,0.3488262
345359,0.74542415
345360,0.5889127
345364,0.1096512
345385,0.3900885
345387,0.11743049
345390,0.35755634
345402,0.7677362
345404,0.2757372
345405,0.17668119
345416,0.53429186
345425,0.67617905
345432,0.4083981
345437,0.6731071
345442,0.14721918
345450,0.27588126
345458,0.36684668
345467,0.46600214
345468,0.78227496
345470,0.46413413
345478,0.22913699
345479,0.7209825
345482,0.34036472
345489,0.52636397
345492,0.31937146
345499,0.5540487
345502,0.0979481
345515,0.40870684
345538,0.08011733
345542,0.47139946
345548,0.101258084
345550,0.30985463
345552,0.15686822
345557,0.18404104
345560,0.10090972
345563,0.28114212
345564,0.78334284
345580,0.22462456
345582,0.35110608
345583,0.1585962
345604,0.6075388
345622,0.18644246
345630,0.35539913
345634,0.36645854
345643,0.33701375
345646,0.15456715
345685,0.5483306
345687,0.1366814
345694,0.35313454
345717,0.30107176
345718,0.71378595
345726,0.3999587
345733,0.22069883
345738,0.39950836
345754,0.44011593
345761,0.33639213
345771,0.4888853
345778,0.2532423
345780,0.7994108
345788,0.46906728
345796,0.7001788
345800,0.6835695
345808,0.54537785
345812,0.06469687
345821,0.52759933
345822,0.60943395
345843,0.7408477
345853,0.39740044
345854,0.15328048
345857,0.07526485
345858,0.52694356
345867,0.15048262
345884,0.2712941
345892,0.24804457
345893,0.20562418
345896,0.25167635
345902,0.14186625
345906,0.47636637
345913,0.23423661
345916,0.5158276
345922,0.3990981
345923,0.67398775
345924,0.16389473
345935,0.4920351
345941,0.1528033
345948,0.56709325
345953,0.29568616
345958,0.25162822
345962,0.08441824
345966,0.77140075
345973,0.22478819
345976,0.44807646
345989,0.25450423
345999,0.34773996
346003,0.19676565
346014,0.52204955
346027,0.3167992
346036,0.45278904
346048,0.15105622
346052,0.19256368
346057,0.54359466
346058,0.57420635
346064,0.6793205
346076,0.68989027
346079,0.3725291
346081,0.46016473
346091,0.12505645
346099,0.63902354
346104,0.18077742
346111,0.24912083
346117,0.794284
346118,0.4779523
346126,0.66329324
346135,0.5509432
346141,0.44194064
346150,0.47026238
346153,0.48612556
346155,0.2351574
346164,0.35870954
346166,0.69923633
346173,0.20220457
346179,0.17106979
346184,0.25780153
346188,0.22381854
346201,0.5570552
346207,0.53943515
346213,0.47262064
346219,0.053132895
346245,0.16598292
346271,0.14868143
346273,0.64665055
346290,0.4149052
346300,0.6561983
346314,0.24512655
346328,0.19938372
346329,0.5355929
346338,0.08167985
346340,0.392316
346341,0.26491868
346347,0.27877977
346358,0.8444577
346362,0.4220256
346373,0.0608897
346377,0.67963725
346379,0.9195612
346384,0.45948887
346387,0.27487093
346392,0.33434084
346396,0.26109686
346402,0.4142551
346405,0.33121535
346407,0.2549046
346409,0.4991959
346414,0.40466172
346423,0.32004106
346424,0.19277303
346428,0.11363132
346443,0.41048253
346444,0.108553275
346446,0.66729987
346449,0.52386653
346456,0.21640383
346476,0.18267235
346477,0.2741986
346480,0.31163618
346492,0.5002613
346526,0.51840717
346536,0.45455253
346539,0.08452001
346543,0.5760424
346544,0.107148826
346546,0.1236052
346591,0.7218843
346598,0.49452245
346599,0.17686515
346618,0.3790018
346620,0.14840832
346623,0.27637044
346631,0.1592714
346639,0.1182271
346657,0.09655704
346661,0.68918973
346671,0.5772167
346672,0.3571553
346694,0.11593577
346712,0.7920083
346714,0.28943163
346723,0.19286126
346727,0.3918852
346729,0.2613615
346747,0.08233769
346765,0.4569252
346775,0.5512862
346784,0.5688979
346797,0.26284605
346799,0.41871735
346802,0.13870177
346807,0.07396467
346822,0.39769346
346828,0.5112504
346836,0.65563685
346838,0.19757874
346841,0.52622956
346843,0.31426713
346848,0.47772825
346850,0.33436024
346851,0.310573
346855,0.42531902
346856,0.31413144
346860,0.28063142
346870,0.60807127
346881,0.7184199
346884,0.33868343
346887,0.1159074
346890,0.027771596
346904,0.4869226
346912,0.10376563
346914,0.7354306
346923,0.1267779
346924,0.48829612
346926,0.4528585
346934,0.24630484
346936,0.05704187
346951,0.37784508
346952,0.23694177
346970,0.052245125
346982,0.60623395
346993,0.09245052
347013,0.4753557
347018,0.2949586
347021,0.5626207
347031,0.22466215
347033,0.8432069
347039,0.52212644
347045,0.52647763
347046,0.6323355
347058,0.12869254
347071,0.6152081
347078,0.691071
347079,0.40750462
347097,0.15302682
347101,0.45144242
347120,0.39283717
347121,0.3001162
347133,0.10583677
347161,0.6556707
347163,0.22458336
347173,0.0864055
347175,0.32523087
347181,0.08891241
347193,0.80109614
347196,0.7857012
347204,0.5477387
347205,0.544683
347217,0.70850784
347229,0.20767286
347255,0.24619375
347261,0.37031853
347266,0.5170269
347283,0.4335758
347286,0.37095168
347302,0.23182233
347304,0.36658734
347321,0.506473
347323,0.18865103
347331,0.7747374
347340,0.30662897
347350,0.4172507
347374,0.10062129
347379,0.42520693
347404,0.6778861
347415,0.5098179
347438,0.8057513
347439,0.30546108
347443,0.64798564
347450,0.7095464
347456,0.07545211
347458,0.794059
347463,0.3934891
347471,0.27054927
347476,0.26935303
347482,0.47871783
347483,0.22129065
347492,0.23086663
347498,0.25213757
347499,0.20020647
347501,0.45055375
347521,0.35096675
347527,0.0727218
347531,0.13473412
347540,0.2238881
347556,0.28173938
347575,0.23055868
347579,0.12266756
347581,0.4991257
347583,0.47033682
347611,0.24113505
347614,0.46555766
347621,0.42647934
347629,0.61346406
347639,0.6645716
347642,0.3852884
347650,0.43032956
347665,0.40906742
347674,0.15231702
347678,0.8406919
347689,0.2408294
347690,0.10692335
347708,0.5441169
347712,0.798474
347722,0.78570294
347728,0.3335053
347734,0.34246615
347736,0.7289562
347747,0.4767699
347748,0.20897605
347753,0.56727445
347755,0.70664257
347756,0.36119232
347757,0.24601735
347763,0.47320697
347770,0.51570594
347771,0.50151736
347784,0.1677343
347792,0.3845713
347793,0.54387164
347801,0.30264765
347808,0.67578244
347821,0.24861135
347824,0.6593556
347829,0.66787225
347841,0.84580296
347845,0.111005284
347846,0.8523707
347853,0.69286734
347854,0.2820301
347858,0.40603969
347859,0.16574802
347864,0.030381229
347869,0.17384782
347876,0.48729035
347880,0.46164742
347884,0.110583946
347888,0.112255774
347893,0.18275666
347900,0.34228396
347902,0.16666013
347910,0.32676265
347912,0.09360477
347915,0.35491058
347916,0.5107036
347919,0.11034772
347923,0.5974507
347952,0.91854876
348002,0.8570181
348003,0.10532751
348008,0.5155741
348014,0.1494307
348027,0.69633555
348031,0.24403995
348051,0.32295498
348060,0.39558965
348064,0.36011082
348066,0.3707859
348069,0.61715734
348077,0.5528063
348081,0.10349526
348087,0.55100596
348088,0.16038783
348094,0.6779558
348100,0.1423447
348119,0.3215479
348122,0.38897893
348141,0.8063368
348145,0.19810711
348154,0.17199673
348158,0.28466237
348163,0.78212166
348176,0.65401506
348177,0.09824784
348181,0.7675048
348190,0.5129541
348195,0.6423082
348197,0.47921753
348200,0.054494876
348209,0.33434063
348216,0.14837743
348217,0.36591157
348223,0.66363555
348228,0.17880552
348230,0.4577785
348249,0.21374989
348251,0.5035944
348261,0.6861208
348264,0.22879346
348271,0.12443154
348273,0.3771032
348280,0.63913465
348283,0.29772544
348285,0.63597405
348306,0.5595236
348312,0.59335536
348327,0.35792372
348328,0.6775695
348344,0.18529977
348358,0.7576527
348361,0.18856677
348362,0.72809637
348364,0.13451383
348370,0.2311704
348380,0.42865294
348400,0.40933284
348420,0.7049094
348428,0.4286957
348430,0.24171102
348445,0.25098884
348460,0.6108588
348462,0.17763588
348465,0.5449715
348481,0.13082424
348482,0.18996617
348485,0.16142155
348491,0.52271116
348492,0.8154889
348522,0.810289
348531,0.4361475
348536,0.23247366
348546,0.7902889
348547,0.2684894
348548,0.52653533
348551,0.19322605
348554,0.86925006
348564,0.34978947
348571,0.5408202
348577,0.64726
348593,0.55377436
348595,0.75178397
348606,0.22409612
348621,0.05368017
348630,0.4658163
348633,0.8559258
348644,0.5341178
348646,0.105196014
348680,0.23892353
348692,0.3752556
348698,0.4647282
348703,0.5809953
348712,0.39247307
348726,0.7596417
348727,0.1141226
348731,0.20346536
348733,0.42647296
348747,0.61813843
348753,0.118997395
348756,0.2648755
348760,0.4303321
348771,0.30550104
348785,0.1723864
348789,0.5482984
348793,0.078223765
348797,0.05408557
348799,0.14642522
348811,0.38631034
348812,0.2803391
348818,0.24847932
348822,0.434331
348833,0.58388567
348849,0.26765803
348875,0.44904655
348878,0.09180378
348879,0.23639521
348884,0.89234096
348887,0.18011715
348890,0.2756173
348901,0.10282496
348911,0.34259006
348936,0.10855632
348941,0.096116714
348949,0.25153247
348950,0.16311371
348952,0.06816906
348954,0.2786218
348971,0.3659911
348979,0.69352514
348985,0.5585015
348989,0.50907886
348999,0.33830768
349006,0.44206083
349013,0.7984174
349015,0.21929117
349024,0.15715499
349033,0.29689318
349047,0.22048074
349060,0.15262245
349065,0.45730942
349071,0.8394069
349081,0.3992699
349088,0.36020184
349093,0.14271525
349101,0.17455588
349107,0.4701753
349113,0.32329804
349123,0.48356515
349125,0.31703162
349129,0.256547
349131,0.5096378
349132,0.28361714
349163,0.20225382
349168,0.19991748
349172,0.1969887
349187,0.066874936
349192,0.6920155
349193,0.36058494
349203,0.23594691
349227,0.53346735
349234,0.62102395
349248,0.28299278
349249,0.26806426
349254,0.16807552
349259,0.5003629
349265,0.66711813
349276,0.24193862
349281,0.30413637
349283,0.42564172
349288,0.48483446
349297,0.6719819
349299,0.23139113
349304,0.07050312
349306,0.31148276
349310,0.52292186
349314,0.20836648
349320,0.50368553
349326,0.6202882
349329,0.183481
349337,0.4227096
349357,0.35031405
349363,0.074350916
349374,0.11656281
349375,0.33952886
349394,0.32961175
349399,0.31536284
349404,0.2124464
349419,0.28385538
349422,0.70442396
349425,0.812256
349432,0.18896353
349433,0.60550064
349436,0.028147796
349437,0.21095188
349439,0.24457638
349484,0.25319198
349488,0.35635996
349490,0.4603556
349538,0.65471315
349541,0.12670052
349543,0.07319034
349552,0.27338183
349560,0.6130672
349565,0.53802884
349570,0.40942279
349586,0.27894646
349589,0.24541304
349592,0.36189735
349596,0.5144151
349598,0.13872038
349601,0.21050984
349608,0.86814046
349615,0.64026654
349645,0.3857377
349654,0.58042616
349671,0.38433117
349679,0.48457092
349693,0.50002986
349706,0.6854261
349707,0.5818447
349708,0.28723863
349719,0.35547933
349727,0.7240576
349730,0.2804535
349735,0.6027318
349744,0.682908
349745,0.3540473
349760,0.7816241
349765,0.40529183
349778,0.5519904
349787,0.504345
349802,0.44946924
349812,0.79682314
349815,0.13611835
349847,0.43872482
349854,0.30298337
349855,0.74045175
349872,0.07988202
349873,0.5907835
349874,0.3205203
349886,0.11809072
349887,0.79288584
349911,0.34840846
349916,0.27532014
349920,0.74349093
349921,0.16945615
349929,0.39988345
349931,0.27702057
349935,0.07421735
349939,0.30239978
349960,0.27554086
349967,0.41260222
349969,0.57149976
349971,0.5336373
349977,0.21795046
349979,0.46282935
349981,0.5115741
349982,0.6143716
349992,0.16582322
349994,0.2861637
350005,0.037383568
350006,0.08815244
350009,0.55398864
350017,0.18676443
350021,0.64419043
350023,0.46349117
350032,0.46899408
350033,0.5369011
350036,0.64732397
350037,0.20855862
350048,0.8235171
350052,0.63772315
350063,0.2857677
350077,0.46563545
350078,0.6464518
350086,0.64408106
350087,0.29451147
350107,0.052541908
350110,0.3737004
350114,0.35855684
350119,0.8142899
350139,0.2206993
350154,0.34884337
350174,0.65863025
350177,0.48050135
350190,0.86589366
350193,0.35962874
350203,0.07141283
350206,0.70022213
350210,0.416196
350225,0.3989837
350242,0.08307217
350264,0.31441727
350273,0.065588444
350277,0.37024635
350283,0.20092939
350286,0.17220384
350288,0.14648046
350290,0.45481655
350293,0.2839311
350310,0.7197056
350327,0.70665115
350330,0.22994493
350334,0.7143689
350340,0.1720846
350342,0.67038757
350344,0.57081115
350370,0.20214184
350372,0.75341994
350376,0.5326059
350387,0.2903194
350389,0.4731963
350395,0.8561
350397,0.7237337
350433,0.35396752
350436,0.7375971
350442,0.040219378
350445,0.22068
350446,0.66280043
350457,0.7071478
350480,0.124974854
350481,0.13833405
350484,0.5202135
350494,0.17247812
350511,0.27777976
350529,0.10402402
350531,0.14222167
350535,0.15040608
350539,0.11692531
350543,0.3670511
350544,0.38311103
350550,0.3914492
350558,0.33472076
350569,0.7129281
350571,0.5943414
350577,0.33674628
350582,0.49060825
350585,0.29790995
350596,0.13885097
350598,0.3592438
350599,0.62063736
350602,0.39696485
350612,0.111261904
350621,0.61069363
350626,0.2752606
350628,0.21779875
350638,0.49713758
350646,0.5369837
350652,0.14214896
350665,0.19355777
350671,0.35087857
350677,0.2169054
350694,0.7176616
350697,0.5629276
350699,0.6455288
350703,0.49719846
350705,0.7758353
350708,0.07734776
350724,0.28356808
350731,0.20906834
350740,0.21653609
350745,0.491531
350749,0.15618105
350754,0.5697577
350757,0.058042895
350764,0.33640778
350766,0.48622987
350779,0.65782654
350794,0.4243261
350805,0.1857338
350810,0.4104871
350817,0.47108445
350825,0.13122258
350829,0.20005426
350832,0.09515916
350841,0.0793278
350855,0.08548825
350862,0.16952148
350867,0.37858158
350871,0.13136914
350874,0.39154327
350891,0.15798666
350895,0.43840277
350898,0.49353847
350899,0.1415222
350902,0.23445293
350913,0.33963108
350916,0.14370525
350933,0.26249447
350944,0.21765597
350954,0.71091235
350959,0.10858246
350965,0.042959955
350969,0.37739417
350984,0.31070557
350997,0.15939811
350999,0.68964577
351002,0.6966998
351008,0.3096366
351014,0.48915133
351025,0.4011692
351026,0.33734053
351046,0.5189056
351048,0.059411883
351070,0.30392635
351073,0.2898203
351079,0.21522854
351085,0.5641896
351091,0.41161376
351094,0.4209932
351115,0.16478568
351117,0.296335
351126,0.42778525
351142,0.08694722
351151,0.07889005
351171,0.18447696
351178,0.15962781
351186,0.053795043
351194,0.45484784
351201,0.15944603
351223,0.6749222
351225,0.6732694
351226,0.41123176
351227,0.5058369
351240,0.6899502
351243,0.10788826
351244,0.74430597
351245,0.23935512
351248,0.3513822
351252,0.17057237
351259,0.6744744
351265,0.34007204
351291,0.3938446
351292,0.263486
351294,0.3473401
351298,0.11768165
351303,0.60799164
351311,0.12662186
351326,0.40746403
351331,0.5357806
351338,0.32002363
351339,0.2109973
351364,0.4119277
351380,0.38825604
351383,0.34979537
351385,0.1584473
351386,0.19249117
351389,0.58450186
351392,0.7114425
351393,0.50055456
351407,0.7572194
351419,0.11830656
351422,0.18219337
351423,0.70788664
351430,0.36883888
351446,0.12680551
351454,0.4242261
351458,0.17240901
351461,0.18796001
351489,0.109213844
351495,0.19435622
351520,0.59493756
351526,0.66457444
351535,0.18346076
351541,0.15001601
351567,0.20937943
351580,0.47969836
351581,0.84527516
351584,0.2050299
351587,0.42052782
351589,0.51446134
351593,0.7306291
351616,0.45191652
351619,0.37397355
351625,0.43611023
351626,0.17312288
351635,0.27765504
351641,0.3123417
351655,0.21770574
351658,0.52054584
351669,0.6286015
351670,0.24782364
351671,0.23522878
351680,0.15246692
351687,0.045082867
351699,0.064022906
351722,0.38853034
351725,0.6757508
351740,0.3950408
351747,0.43585044
351758,0.3010135
351771,0.2096484
351780,0.30559194
351786,0.12193581
351789,0.2910182
351796,0.40229836
351801,0.38795403
351814,0.13491237
351817,0.48208374
351819,0.66416913
351825,0.700982
351830,0.674462
351831,0.50797963
351834,0.31481692
351836,0.43168423
351837,0.42640674
351838,0.46306512
351839,0.6879829
351846,0.72792137
351863,0.5572339
351864,0.17125563
351880,0.41198987
351887,0.66417116
351891,0.32176483
351892,0.57500136
351898,0.66559726
351907,0.5166143
351916,0.3003613
351936,0.26895002
351937,0.5189455
351945,0.6205035
351957,0.22925803
351958,0.3286352
351962,0.13253401
351967,0.34329274
351970,0.517239
351973,0.5973422
351978,0.124417126
351984,0.2082356
351989,0.6601145
351992,0.53977984
352015,0.42220938
352036,0.064274825
352043,0.20395204
352049,0.2801113
352053,0.1998209
352056,0.08229803
352058,0.40347522
352064,0.09537793
352065,0.22569825
352075,0.12654282
352092,0.3598909
352096,0.17884968
352097,0.11010002
352102,0.13636814
352103,0.030238323
352117,0.29052565
352119,0.11452245
352139,0.5247203
352145,0.044122707
352158,0.25007278
352198,0.5880479
352199,0.14898597
352200,0.6517347
352205,0.5859363
352241,0.16066015
352244,0.73060435
352258,0.47062123
352260,0.2451475
352266,0.28752854
352273,0.32294777
352283,0.16623354
352303,0.7293434
352304,0.7454073
352351,0.41709217
352353,0.32705262
352379,0.18056826
352389,0.69513416
352390,0.36259452
352391,0.43889567
352403,0.4770611
352407,0.1916476
352409,0.7197871
352421,0.08469444
352425,0.3520194
352447,0.17407875
352450,0.47711554
352451,0.5751459
352457,0.25404018
352468,0.7401336
352482,0.26162246
352495,0.1104444
352501,0.6420578
352506,0.8852797
352508,0.57902175
352522,0.6920704
352528,0.5313471
352539,0.5349586
352540,0.086042404
352551,0.4848722
352560,0.13284697
352561,0.7106796
352565,0.41231176
352566,0.21199885
352584,0.6852505
352592,0.3194928
352626,0.6972491
352650,0.055686876
352655,0.16932014
352668,0.7481329
352670,0.16856796
352685,0.7211409
352690,0.5994565
352692,0.23551163
352694,0.3686179
352700,0.3753253
352701,0.22670923
352708,0.46994096
352711,0.65399367
352734,0.48567647
352738,0.52527684
352742,0.1370254
352745,0.74098283
352746,0.30359265
352751,0.39637253
352762,0.5531988
352767,0.12112123
352768,0.22726887
352785,0.108221434
352788,0.17037615
352795,0.28828493
352814,0.37450945
352825,0.3552527
352827,0.3199645
352828,0.18291374
352830,0.4904841
352850,0.32289952
352890,0.122119084
352901,0.082864046
352907,0.32973486
352909,0.7079099
352913,0.104211986
352925,0.29118004
352927,0.2202926
352928,0.46132264
352938,0.6254094
352942,0.37809616
352943,0.8353155
352952,0.16436084
352958,0.42693177
352962,0.3653752
352967,0.40767834
352972,0.3590469
352988,0.047334287
352991,0.25147045
353002,0.42786166
353008,0.40769315
353011,0.23030892
353014,0.59741944
353018,0.046853296
353023,0.13478534
353029,0.18944763
353031,0.31974423
353035,0.58179283
353037,0.5351381
353042,0.34445933
353054,0.43722457
353078,0.22665595
353122,0.596969
353123,0.36880887
353140,0.12102337
353145,0.4132492
353167,0.5563638
353177,0.5308735
353179,0.80544454
353185,0.26381192
353194,0.7481813
353195,0.4460507
353208,0.7217642
353210,0.39820054
353214,0.6019833
353215,0.36041087
353240,0.5824681
353241,0.4296681
353247,0.25204626
353259,0.4975335
353262,0.6013459
353264,0.55871964
353278,0.44416407
353279,0.5358921
353280,0.5404822
353287,0.70356584
353288,0.24779749
353290,0.3844457
353299,0.10553701
353314,0.67820543
353328,0.5268877
353340,0.23611386
353350,0.13340297
353352,0.042622946
353364,0.41684425
353371,0.14838514
353373,0.21373864
353374,0.65187144
353389,0.10854704
353395,0.5303923
353419,0.9383954
353427,0.07840294
353441,0.45824844
353454,0.13200428
353469,0.6146801
353475,0.7380814
353481,0.032072525
353483,0.51820713
353484,0.5829808
353488,0.40106183
353496,0.059336036
353504,0.15853117
353505,0.56372815
353509,0.14349969
353527,0.2765423
353574,0.37182727
353585,0.49348667
353595,0.42525953
353598,0.10203712
353602,0.47169194
353610,0.75485814
353618,0.2677299
353625,0.12102229
353626,0.7332749
353631,0.056552775
353635,0.2792324
353654,0.3282368
353682,0.6837171
353688,0.56585103
353695,0.31714487
353711,0.08048662
353724,0.65644664
353729,0.33831838
353732,0.12155843
353749,0.61039275
353750,0.16825508
353752,0.6209731
353761,0.2650976
353782,0.043295067
353784,0.54000527
353801,0.11861046
353809,0.37837872
353812,0.35098943
353814,0.35695416
353821,0.23104873
353832,0.46209309
353845,0.48320466
353860,0.48088306
353863,0.12668331
353867,0.34798992
353876,0.29477215
353905,0.33382747
353923,0.17970788
353934,0.20199087
353943,0.26564533
353945,0.27539408
353973,0.2502797
353995,0.082688875
354001,0.36232713
354003,0.47336888
354011,0.061676778
354020,0.37815085
354024,0.6877173
354027,0.28468406
354031,0.4047909
354036,0.17928918
354037,0.34798396
354039,0.20701069
354044,0.32615808
354058,0.17611276
354071,0.10278822
354080,0.5932554
354084,0.22293559
354085,0.23598081
354089,0.19314504
354099,0.20368226
354100,0.18355514
354104,0.14931452
354106,0.39361775
354107,0.65007925
354111,0.18162481
354114,0.71665853
354115,0.6711783
354122,0.72662526
354130,0.4379029
354139,0.4524226
354140,0.2568227
354145,0.23942895
354149,0.0858021
354167,0.10293895
354173,0.8843981
354176,0.23409186
354178,0.3045907
354182,0.30123603
354184,0.12991124
354186,0.3510753
354192,0.07313974
354209,0.26123098
354214,0.27698895
354218,0.7070394
354230,0.81665355
354251,0.11423493
354257,0.46479747
354264,0.74780864
354265,0.15621841
354267,0.3536188
354272,0.17223284
354273,0.56397307
354285,0.29260057
354298,0.54800844
354309,0.24773751
354312,0.5341938
354320,0.1854276
354322,0.4154408
354327,0.19163764
354333,0.57879436
354335,0.5980809
354344,0.7287887
354355,0.35342488
354358,0.22050379
354365,0.40900415
354368,0.50568336
354377,0.3484718
354386,0.32286447
354390,0.33952245
354394,0.12131842
354398,0.10754906
354402,0.30984995
354403,0.05938222
354406,0.80120176
354414,0.55439454
354421,0.16736163
354430,0.31181663
354445,0.46993598
354470,0.11686173
354479,0.24646759
354481,0.109591
354483,0.6875422
354497,0.40162268
354511,0.3831157
354533,0.10511548
354549,0.84381
354561,0.78480184
354570,0.46109524
354571,0.41904882
354577,0.56880575
354586,0.38617003
354598,0.6375276
354601,0.3649473
354602,0.1798824
354603,0.32456368
354606,0.2839311
354612,0.07765983
354613,0.07161561
354616,0.539575
354624,0.5019923
354625,0.87192744
354636,0.28729793
354639,0.5785439
354640,0.15145732
354644,0.29309845
354650,0.09886726
354666,0.62277615
354673,0.40994766
354674,0.28622022
354677,0.377056
354684,0.49892586
354694,0.69089353
354698,0.24706629
354708,0.33742574
354709,0.38844275
354720,0.28536776
354738,0.27908283
354740,0.36457035
354757,0.35943916
354768,0.2819214
354775,0.63332117
354776,0.49314722
354792,0.5184668
354803,0.6074402
354809,0.20051731
354817,0.18598169
354818,0.06399988
354830,0.0986798
354832,0.5609945
354838,0.68672276
354839,0.26926848
354851,0.30515558
354861,0.40091616
354865,0.6138257
354890,0.5744713
354893,0.70604515
354898,0.41052014
354900,0.72794867
354910,0.7424267
354913,0.26813883
354937,0.26078743
354942,0.14489093
354953,0.06412061
354956,0.33973348
354958,0.42326286
354960,0.67458254
354984,0.5249085
354993,0.29977527
355017,0.7065313
355025,0.48758233
355026,0.35958344
355041,0.69675314
355043,0.18983324
355048,0.17809254
355057,0.27859437
355071,0.30927998
355075,0.4280019
355081,0.29255006
355083,0.6235213
355090,0.25735486
355105,0.684288
355107,0.1666026
355108,0.66607594
355109,0.54383916
355114,0.3556512
355117,0.5337015
355127,0.11978329
355148,0.20094603
355174,0.6618218
355180,0.4069425
355181,0.31943783
355184,0.7335314
355201,0.12079664
355207,0.42284828
355209,0.4360258
355217,0.3816719
355218,0.1619335
355237,0.10163994
355239,0.2529637
355241,0.6674249
355243,0.70783275
355250,0.74899685
355275,0.11144205
355282,0.22523963
355284,0.16726087
355287,0.5505439
355293,0.42119342
355296,0.30302894
355305,0.5066731
355312,0.58551157
355320,0.49192798
355327,0.24369586
355328,0.060924333
355333,0.15344897
355335,0.2501111
355336,0.516515
355337,0.66719013
355338,0.58308977
355341,0.16056913
355355,0.60192645
355358,0.6015193
355360,0.79558444
355372,0.60668737
355382,0.101175815
355385,0.3527817
355393,0.8653116
355404,0.1614256
355408,0.36392587
355417,0.14941098
355418,0.22780263
355431,0.1407041
355434,0.13985445
355445,0.58462507
355502,0.2863349
355503,0.563523
355511,0.38710928
355517,0.7336623
355519,0.5642681
355524,0.35527876
355536,0.16948603
355549,0.08536591
355550,0.49639872
355560,0.4498164
355569,0.07180308
355571,0.09104392
355572,0.4173736
355575,0.33362827
355578,0.52212656
355584,0.52954787
355588,0.43784213
355592,0.69313985
355604,0.20028068
355638,0.4510399
355646,0.4358024
355649,0.31950644
355656,0.112333216
355657,0.34519607
355666,0.27753618
355681,0.7174165
355697,0.26635355
355700,0.39758193
355701,0.49009094
355703,0.5320612
355704,0.6065849
355708,0.12911493
355736,0.47936672
355743,0.556737
355769,0.19500223
355773,0.54285383
355781,0.29619777
355785,0.3273723
355786,0.8026085
355798,0.15404956
355817,0.523629
355819,0.35454395
355826,0.23620753
355842,0.6359256
355846,0.35250235
355855,0.24740419
355870,0.3314572
355873,0.05975159
355874,0.86721474
355876,0.7530009
355877,0.22757639
355880,0.115517385
355920,0.41914105
355922,0.09237429
355930,0.16339007
355935,0.1305036
355942,0.59866554
355963,0.31167468
355971,0.38433725
355973,0.1383586
355980,0.34968415
355981,0.43236548
355984,0.45038325
355987,0.7546579
355996,0.6894624
355997,0.15393087
356013,0.32968706
356016,0.36091214
356025,0.47299063
356027,0.10351007
356035,0.31640124
356036,0.61471164
356038,0.3660465
356041,0.12783892
356057,0.28816718
356063,0.3811903
356077,0.17437436
356080,0.7016043
356086,0.11470924
356102,0.15891723
356106,0.49146986
356118,0.37673956
356140,0.2779767
356150,0.7590119
356153,0.34977338
356159,0.46817902
356163,0.50090647
356164,0.19968748
356168,0.65915525
356169,0.104315735
356170,0.08831803
356199,0.29373384
356211,0.11187937
356220,0.4138886
356246,0.16112801
356249,0.17878014
356255,0.6119398
356258,0.4498048
356262,0.6482451
356273,0.029041538
356279,0.735844
356281,0.16615658
356308,0.45426282
356324,0.5471452
356327,0.40422025
356328,0.028928565
356331,0.4496209
356336,0.39294586
356345,0.29141456
356382,0.27958527
356395,0.52165747
356399,0.6116553
356400,0.09274646
356413,0.3176491
356414,0.38634562
356418,0.36643475
356427,0.27962273
356433,0.12453269
356439,0.14344303
356444,0.30416232
356475,0.5777484
356480,0.5511156
356482,0.7387547
356497,0.05693368
356512,0.34786642
356517,0.78963363
356536,0.47983214
356539,0.3512181
356551,0.29005638
356556,0.72711444
356558,0.7724607
356559,0.1933658
356563,0.18511362
356578,0.48569435
356583,0.812947
356584,0.6396555
356592,0.22881274
356594,0.22158708
356596,0.3677291
356597,0.05440988
356598,0.18197627
356602,0.25870946
356609,0.52050227
356624,0.50058806
356626,0.38140476
356627,0.20051482
356641,0.25533354
356648,0.60786074
356649,0.4536248
356650,0.17780825
356651,0.07546233
356659,0.20075199
356676,0.5798904
356687,0.765525
356689,0.18572776
356698,0.09965966
356726,0.25213012
356732,0.30025342
356741,0.8198375
356742,0.092024975
356746,0.2708509
356750,0.59315884
356754,0.5320606
356760,0.24434471
356762,0.080968715
356763,0.38769156
356777,0.5382786
356784,0.5789445
356795,0.5166835
356801,0.18571267
356802,0.19233158
356808,0.22413976
356813,0.389687
356816,0.4130952
356818,0.78330415
356825,0.47288674
356828,0.24145861
356836,0.2760851
356854,0.3953694
356857,0.38176182
356865,0.22473419
356873,0.22078073
356879,0.05698617
356880,0.2683421
356885,0.49664745
356889,0.20041995
356903,0.1811503
356905,0.14879845
356913,0.45439088
356916,0.091274805
356939,0.3523048
356944,0.277534
356952,0.80962497
356958,0.5350649
356963,0.18724477
356967,0.046194337
356970,0.31341022
356977,0.048430696
356980,0.3774834
356981,0.22018874
356983,0.35173398
356998,0.91286564
357005,0.37961867
357022,0.2549545
357032,0.46393883
357033,0.69281995
357035,0.32634085
357047,0.41248575
357054,0.08169357
357057,0.69707143
357069,0.40962243
357096,0.6167828
357102,0.6248119
357118,0.26903126
357124,0.4298617
357137,0.40156856
357138,0.35821307
357149,0.24151972
357151,0.32307953
357157,0.38525632
357158,0.70563525
357162,0.117734596
357163,0.37805697
357171,0.22866026
357175,0.09736437
357192,0.16310118
357200,0.52824295
357204,0.4131692
357206,0.37485248
357215,0.52575755
357221,0.2045545
357228,0.10456157
357247,0.1983512
357249,0.29412934
357268,0.34763852
357270,0.21918039
357279,0.5927938
357287,0.1901372
357293,0.24013044
357306,0.24162763
357308,0.80853826
357321,0.3629189
357326,0.64572495
357340,0.08425659
357342,0.6975327
357352,0.23365945
357361,0.32025576
357368,0.41261646
357370,0.31020182
357377,0.24377052
357382,0.04684469
357383,0.24054371
357384,0.42859462
357398,0.31428996
357415,0.1832718
357420,0.6406966
357439,0.4261283
357440,0.056237508
357458,0.19273277
357464,0.3979911
357467,0.14578743
357469,0.722015
357472,0.64613134
357489,0.5051466
357504,0.82637656
357522,0.19704892
357527,0.21778804
357547,0.56455725
357550,0.3217303
357558,0.2367062
357559,0.6802808
357562,0.26683652
357572,0.30161768
357583,0.8020092
357585,0.5935897
357598,0.2057673
357607,0.16514352
357613,0.124688186
357627,0.3544826
357630,0.37933993
357631,0.76708215
357680,0.04453219
357694,0.13047239
357698,0.6297508
357699,0.36702237
357707,0.18567899
357732,0.15224865
357748,0.70766574
357755,0.6989306
357767,0.57411903
357786,0.15534796
357791,0.39374596
357799,0.0784897
357824,0.09899748
357830,0.06099081
357832,0.22576715
357840,0.51237786
357863,0.57519174
357865,0.19750825
357868,0.7321828
357869,0.073854335
357878,0.35370064
357886,0.59335893
357891,0.25732422
357897,0.13864961
357915,0.7878734
357927,0.20898317
357947,0.2414347
357958,0.19253121
357959,0.2069492
357976,0.4095836
357992,0.65312034
357995,0.123369806
357996,0.3833372
358020,0.59325635
358022,0.72210443
358023,0.19389366
358029,0.15697052
358040,0.5623555
358059,0.15869616
358071,0.21911822
358076,0.27851495
358095,0.37786788
358096,0.23387991
358104,0.26361468
358110,0.2907388
358122,0.49284613
358137,0.17644842
358147,0.60610217
358149,0.33242226
358155,0.5935201
358161,0.4529844
358163,0.43225712
358172,0.41507813
358178,0.45374563
358183,0.5903561
358186,0.065417424
358189,0.40541708
358198,0.35216084
358211,0.5645755
358219,0.3112836
358220,0.37229925
358225,0.7022642
358231,0.18766475
358233,0.11413102
358247,0.80487305
358258,0.5337316
358264,0.2888816
358271,0.8154991
358273,0.2975815
358275,0.2807496
358278,0.40261227
358287,0.5098056
358309,0.38285565
358327,0.33180493
358342,0.21329309
358348,0.4189641
358352,0.06652933
358373,0.64134836
358384,0.19090413
358394,0.17152438
358405,0.79344326
358409,0.062139016
358412,0.65890944
358424,0.46291384
358427,0.050411597
358434,0.4225941
358444,0.7576354
358448,0.17805804
358449,0.34789032
358458,0.05179808
358472,0.23968813
358483,0.46477166
358490,0.34230503
358503,0.20426628
358504,0.19333963
358505,0.2595451
358512,0.83642095
358513,0.38673103
358528,0.1986765
358532,0.2134746
358536,0.49893144
358538,0.3630062
358559,0.4638234
358590,0.53066856
358601,0.6134871
358627,0.17013353
358631,0.6082067
358632,0.30283555
358640,0.4940661
358649,0.58009696
358650,0.06969492
358653,0.064227864
358676,0.10101669
358679,0.2851648
358695,0.5191338
358703,0.36105365
358705,0.26173258
358710,0.10934055
358730,0.17779857
358731,0.3178052
358735,0.76067626
358744,0.49009678
358748,0.52629703
358750,0.13697107
358752,0.043361634
358764,0.57043743
358777,0.29755726
358786,0.7408051
358789,0.45519042
358805,0.5224368
358809,0.12781969
358810,0.20342986
358824,0.3884864
358829,0.60690624
358838,0.63444847
358840,0.4852907
358841,0.5658862
358854,0.4293967
358873,0.86954594
358879,0.39044347
358884,0.5138353
358885,0.06113069
358886,0.1539417
358892,0.41348654
358895,0.42004997
358906,0.103707306
358910,0.21268971
358911,0.123243265
358924,0.75293416
358929,0.32107124
358937,0.6385142
358949,0.66309005
358955,0.27703628
358956,0.62990856
358959,0.26693907
358960,0.15964673
358969,0.19514136
358983,0.12439147
358990,0.62658244
358992,0.07987618
358994,0.14868237
359004,0.24584427
359015,0.3370974
359023,0.4890228
359030,0.15278833
359032,0.18930195
359038,0.47553954
359044,0.6145515
359049,0.36176744
359050,0.33598205
359064,0.14718907
359095,0.3633873
359100,0.66772044
359105,0.2001519
359116,0.6513883
359134,0.45769724
359136,0.7053107
359143,0.30234453
359147,0.1730101
359175,0.28560954
359182,0.24572983
359188,0.10248777
359196,0.23722465
359198,0.44319192
359202,0.2977508
359212,0.3047391
359229,0.51113594
359232,0.63584924
359247,0.25057122
359258,0.6918543
359260,0.752574
359261,0.69492626
359262,0.832563
359268,0.2899921
359285,0.120492406
359293,0.34629366
359294,0.110414065
359297,0.24372827
359299,0.28239772
359311,0.09742652
359319,0.31756508
359320,0.2507654
359322,0.63714325
359353,0.24574089
359355,0.5031039
359360,0.5892388
359367,0.14490771
359369,0.19475545
359372,0.11983439
359377,0.4168245
359381,0.15082695
359382,0.3824999
359387,0.53111994
359389,0.13757712
359392,0.46472862
359437,0.7726888
359438,0.13874403
359440,0.43614796
359442,0.22202444
359455,0.3454384
359474,0.7611899
359475,0.5439126
359480,0.8294057
359485,0.51513183
359493,0.07428641
359497,0.09170585
359505,0.16094267
359506,0.15298694
359516,0.18892589
359518,0.14625368
359523,0.3177179
359547,0.8358178
359548,0.44850308
359556,0.36511606
359577,0.36705232
359580,0.78633344
359588,0.2918074
359590,0.20429254
359592,0.41229707
359599,0.25209934
359609,0.57165325
359611,0.27929705
359619,0.2816683
359623,0.6364206
359654,0.4956994
359666,0.12544158
359669,0.5603212
359672,0.2046448
359673,0.91473114
359677,0.2113559
359685,0.37681866
359690,0.4029128
359697,0.21673109
359702,0.08469665
359707,0.5306112
359711,0.45278
359719,0.34525368
359722,0.30252486
359726,0.6718977
359730,0.3103336
359731,0.4339061
359741,0.771125
359743,0.7219953
359748,0.1015446
359753,0.1836283
359758,0.88192093
359773,0.30092233
359780,0.3262249
359785,0.37257448
359800,0.08405792
359806,0.7296804
359809,0.5953931
359822,0.29372615
359828,0.6464151
359847,0.48723975
359855,0.26145804
359858,0.26787794
359864,0.23361729
359884,0.51754993
359886,0.24962494
359898,0.7211553
359908,0.76655424
359921,0.77504784
359945,0.3317572
359958,0.04916886
359964,0.5876384
359980,0.23620588
359992,0.20198126
359994,0.4359431
360001,0.23016928
360004,0.22294953
360009,0.5608572
360020,0.39065427
360049,0.839809
360058,0.21822971
360063,0.2970038
360064,0.09870506
360074,0.20457064
360095,0.34128258
360098,0.19066592
360099,0.024169788
360100,0.4623722
360103,0.40330994
360106,0.23356862
360107,0.5262039
360124,0.63072485
360126,0.11471163
360138,0.6291619
360140,0.26504096
360141,0.038714107
360149,0.75000983
360152,0.7089192
360165,0.22437017
360171,0.14154854
360176,0.7962885
360183,0.27631158
360186,0.03631335
360189,0.6868174
360191,0.6791259
360199,0.82747126
360204,0.25111526
360205,0.4585724
360217,0.53084654
360225,0.3716832
360231,0.29008803
360238,0.2593574
360248,0.8706198
360249,0.15004165
360254,0.75683993
360256,0.51289487
360257,0.30276135
360258,0.5236929
360277,0.66170657
360279,0.73268723
360280,0.80307084
360281,0.58611125
360283,0.22354808
360290,0.44940302
360312,0.23084733
360316,0.1863719
360320,0.18956716
360324,0.5737713
360333,0.28070533
360339,0.19164032
360347,0.20424716
360359,0.8183348
360360,0.7558067
360367,0.26236334
360372,0.22793414
360382,0.3253264
360386,0.4519319
360400,0.14571974
360411,0.35212243
360412,0.3975254
360415,0.30556047
360419,0.53936315
360421,0.22914024
360427,0.08911973
360429,0.66662097
360438,0.15077746
360439,0.09880392
360445,0.59961313
360454,0.74244624
360458,0.4502325
360467,0.13645074
360469,0.19949493
360471,0.23095988
360472,0.20276986
360475,0.22695996
360478,0.5872149
360479,0.316773
360480,0.52534676
360484,0.352447
360496,0.24886358
360504,0.3062186
360517,0.3051943
360518,0.5498601
360526,0.40725288
360530,0.47482437
360535,0.51470715
360538,0.28521746
360539,0.4583545
360545,0.082138956
360569,0.42307732
360579,0.5252904
360580,0.41065454
360611,0.24761587
360612,0.25043458
360626,0.14358413
360628,0.1449655
360631,0.46667594
360633,0.16786319
360640,0.20886056
360643,0.7903066
360645,0.19622847
360663,0.046549637
360666,0.25553474
360678,0.2376812
360683,0.5056517
360707,0.52829444
360715,0.5730847
360723,0.6666736
360727,0.10733745
360733,0.6718473
360746,0.069823116
360759,0.1216185
360767,0.51634985
360769,0.26040816
360770,0.12415793
360779,0.27874884
360791,0.50641525
360792,0.14903945
360801,0.61830646
360812,0.49525064
360814,0.103844546
360828,0.36949062
360830,0.74197936
360837,0.37418377
360838,0.5978927
360844,0.38335803
360860,0.108047545
360864,0.30198076
360871,0.288521
360872,0.5792226
360877,0.61337924
360880,0.3124043
360881,0.1651239
360882,0.41728523
360884,0.09638296
360885,0.27478477
360889,0.6484203
360893,0.5628933
360898,0.47079593
360933,0.8477815
360941,0.44101095
360942,0.35730538
360943,0.14188838
360960,0.26842666
360973,0.7498755
360979,0.26199874
360987,0.1790778
360988,0.19444315
360999,0.5764638
361001,0.080224
361005,0.5912228
361007,0.51812583
361024,0.14139046
361028,0.34286255
361051,0.37433535
361072,0.106053844
361086,0.55517465
361093,0.69721097
361098,0.23891006
361124,0.3076117
361130,0.22229798
361132,0.50476545
361133,0.12455222
361135,0.49258927
361148,0.7166124
361150,0.16144733
361152,0.29178116
361154,0.40202886
361158,0.16467936
361171,0.43037003
361175,0.40855977
361177,0.11693526
361195,0.5371233
361200,0.13901219
361203,0.6702584
361205,0.20102282
361214,0.3948719
361217,0.3132539
361226,0.22961904
361232,0.33557072
361236,0.46222478
361249,0.13297455
361251,0.7540409
361252,0.39191908
361284,0.503405
361289,0.39717036
361297,0.09256444
361304,0.58721095
361311,0.45092314
361334,0.5661902
361339,0.29853502
361340,0.25265124
361348,0.5196749
361352,0.1445043
361354,0.38765064
361355,0.5992381
361370,0.5994979
361390,0.31495878
361392,0.36412832
361397,0.6406405
361402,0.25935525
361405,0.5750765
361406,0.22042412
361426,0.099191576
361431,0.53986126
361440,0.14399071
361451,0.80779004
361469,0.77525383
361473,0.5091956
361497,0.3305019
361511,0.115520716
361515,0.057332583
361525,0.08632333
361540,0.12863743
361557,0.46916106
361560,0.3753536
361565,0.29320672
361569,0.35627633
361570,0.38601673
361578,0.1640361
361580,0.60791224
361585,0.19089064
361589,0.20656069
361591,0.06063714
361599,0.30756894
361603,0.18691488
361605,0.37518513
361606,0.81523716
361615,0.6305844
361622,0.16872637
361627,0.12967889
361632,0.39611942
361636,0.20224336
361637,0.56004655
361638,0.46212348
361639,0.1981225
361651,0.29812476
361662,0.76584667
361684,0.14956732
361693,0.3713297
361697,0.5011957
361710,0.18302263
361713,0.6879274
361729,0.47536537
361785,0.11284762
361796,0.36750644
361805,0.42177683
361811,0.2775336
361812,0.3325387
361819,0.7952026
361828,0.22168908
361833,0.10338957
361836,0.40502974
361839,0.26368642
361855,0.19251198
361866,0.5227289
361870,0.33043525
361873,0.29197887
361885,0.5065804
361896,0.41426298
361913,0.40656573
361919,0.21973042
361932,0.77086097
361933,0.44481727
361935,0.6494999
361939,0.42798135
361946,0.08352604
361947,0.33097655
361949,0.3343304
361951,0.63079894
361962,0.44358647
361972,0.37267876
361975,0.31230578
361989,0.25433546
362004,0.53682286
362012,0.049826205
362014,0.28731692
362016,0.08139173
362028,0.3220754
362033,0.20686252
362034,0.7254506
362038,0.13823277
362052,0.4484044
362061,0.33102787
362063,0.6588535
362070,0.405949
362072,0.0725521
362075,0.19369696
362079,0.4729707
362086,0.16018726
362091,0.70252746
362094,0.41353357
362101,0.042517807
362112,0.33632708
362115,0.8067631
362117,0.43916035
362121,0.8646721
362128,0.6185996
362130,0.29228026
362135,0.6074618
362142,0.30657095
362146,0.40081987
362149,0.34446552
362157,0.37823778
362165,0.14191489
362166,0.26576763
362167,0.19609135
362173,0.2816255
362187,0.36519897
362197,0.38421902
362206,0.37683237
362207,0.1833686
362210,0.14782417
362216,0.35740918
362219,0.7212295
362221,0.41024262
362224,0.16712806
362228,0.20858154
362236,0.18501341
362242,0.19711763
362251,0.36164308
362252,0.31820303
362257,0.33196107
362284,0.2890391
362286,0.23217258
362298,0.46825346
362300,0.5922682
362306,0.19969988
362308,0.8047415
362315,0.23743317
362318,0.26049495
362322,0.120985776
362332,0.41944474
362338,0.5310554
362341,0.7409474
362347,0.87091005
362348,0.4510215
362361,0.77825737
362365,0.29172263
362369,0.714844
362373,0.21464075
362376,0.5650686
362384,0.20559902
362386,0.3617934
362387,0.18883091
362389,0.20965411
362393,0.2603023
362412,0.18234594
362420,0.42430362
362426,0.656199
362432,0.19690752
362445,0.8905613
362450,0.15533777
362452,0.6578705
362465,0.29978997
362468,0.6838572
362474,0.57124865
362484,0.1900813
362487,0.6837922
362512,0.1826599
362530,0.22788316
362531,0.42579743
362552,0.28985956
362555,0.49777412
362556,0.42454782
362563,0.56278944
362572,0.1912043
362579,0.24268213
362580,0.75834036
362597,0.27921504
362635,0.07837486
362637,0.34062204
362641,0.43299118
362652,0.31676605
362657,0.24140768
362660,0.07538451
362661,0.22885503
362671,0.22562408
362675,0.44452038
362680,0.25489014
362682,0.2356887
362685,0.45129895
362697,0.062014483
362700,0.81799376
362702,0.21642168
362705,0.4863659
362707,0.4818456
362710,0.4840192
362711,0.6841366
362718,0.43974504
362723,0.23363832
362730,0.22807917
362742,0.6176962
362781,0.25885952
362789,0.7118725
362790,0.2922911
362795,0.09828663
362799,0.36961234
362800,0.64513314
362803,0.17214897
362808,0.44875738
362814,0.3261665
362820,0.19145916
362826,0.22867216
362831,0.49834087
362833,0.5170021
362839,0.68444663
362852,0.3662192
362872,0.36613363
362882,0.2835966
362885,0.7425438
362889,0.15852208
362890,0.501654
362891,0.55307806
362900,0.52487034
362907,0.25439835
362908,0.2374461
362953,0.13341255
362967,0.72099584
362982,0.05868501
363015,0.12362941
363027,0.23715495
363035,0.18833922
363039,0.6267138
363045,0.3818898
363048,0.70279837
363057,0.83434755
363059,0.5393883
363063,0.4485818
363080,0.21312095
363082,0.68385625
363090,0.57403684
363094,0.31451803
363106,0.09544924
363114,0.7718553
363118,0.80716753
363121,0.27746832
363128,0.37152383
363136,0.30638152
363141,0.098226994
363142,0.24154353
363147,0.11089818
363151,0.237173
363153,0.36221433
363158,0.028226264
363171,0.13636017
363174,0.36127946
363180,0.19430897
363187,0.18458562
363191,0.4016568
363192,0.14917587
363196,0.26298165
363199,0.27647546
363209,0.24305145
363210,0.5781513
363212,0.52801853
363227,0.4028811
363231,0.5183951
363232,0.20966998
363243,0.3371149
363253,0.32490787
363285,0.31044525
363299,0.27238092
363310,0.20359164
363311,0.20944226
363316,0.6332827
363322,0.8270008
363329,0.14398935
363331,0.40878353
363334,0.43428165
363339,0.083280034
363340,0.85059375
363341,0.09397859
363343,0.8127583
363347,0.3981735
363350,0.17945464
363377,0.65013266
363379,0.5207255
363382,0.37546086
363386,0.41141766
363387,0.23701483
363388,0.09244321
363391,0.06502213
363394,0.3409124
363397,0.29183516
363405,0.42139605
363422,0.06591021
363427,0.58964086
363455,0.29802278
363467,0.43705508
363493,0.59314555
363508,0.46626452
363514,0.8701696
363525,0.34115505
363530,0.56037986
363531,0.12710847
363538,0.3401421
363539,0.13353868
363542,0.22806841
363543,0.46201274
363551,0.8749664
363568,0.31400058
363576,0.6331068
363580,0.71484524
363582,0.2519239
363598,0.33788508
363601,0.35551438
363611,0.4911819
363612,0.15041456
363618,0.11933507
363623,0.56976116
363624,0.68160343
363642,0.33570054
363645,0.7830785
363651,0.88119555
363657,0.29197598
363663,0.43488237
363667,0.16929924
363687,0.49164924
363704,0.1119508
363705,0.52368647
363717,0.31965208
363725,0.25145158
363728,0.07959864
363733,0.3920761
363744,0.3498705
363745,0.23027478
363756,0.3341191
363759,0.46623743
363760,0.2930109
363762,0.10549042
363768,0.514822
363777,0.4915885
363782,0.11995365
363785,0.10958416
363797,0.23781294
363815,0.11609813
363822,0.18073158
363834,0.61785966
363842,0.6049008
363845,0.87175846
363846,0.40245193
363849,0.27268723
363850,0.41938862
363853,0.16567156
363859,0.51701087
363860,0.21596904
363877,0.29851538
363881,0.33022106
363893,0.16466643
363902,0.62833107
363903,0.4485135
363916,0.31670102
363924,0.4738838
363940,0.4318387
363944,0.3691514
363955,0.69598246
363960,0.13269731
363984,0.17369917
363990,0.49376744
364009,0.45245597
364014,0.6362819
364035,0.21090406
364043,0.13572673
364065,0.112606384
364067,0.22569929
364068,0.51441747
364072,0.74322844
364079,0.4815156
364094,0.7243207
364096,0.19815865
364105,0.71473396
364109,0.2447334
364122,0.6471184
364141,0.36645108
364146,0.731252
364147,0.40675667
364151,0.54111385
364152,0.05998252
364156,0.27472273
364160,0.61973673
364171,0.13423143
364183,0.059744053
364199,0.19539985
364206,0.286654
364220,0.44223374
364222,0.20921065
364224,0.72570455
364232,0.3115673
364248,0.2664604
364251,0.24337478
364274,0.3565971
364286,0.343143
364289,0.07636215
364290,0.22845076
364291,0.36846223
364292,0.12460776
364308,0.20251563
364310,0.45747858
364311,0.6170431
364312,0.7885224
364314,0.6054186
364337,0.31804293
364339,0.46008608
364357,0.8897271
364359,0.42731708
364371,0.45252344
364374,0.5374332
364378,0.4683211
364382,0.6722025
364397,0.33275196
364401,0.31703302
364403,0.12399179
364411,0.58585095
364413,0.29291654
364414,0.18085054
364415,0.27724552
364418,0.19700275
364428,0.30140904
364430,0.029615263
364436,0.59833044
364451,0.26804367
364457,0.21921323
364461,0.36592543
364471,0.5928453
364472,0.3434042
364481,0.91256714
364482,0.15060863
364484,0.8572155
364492,0.5665021
364494,0.35669678
364507,0.3490225
364508,0.7374131
364537,0.41175053
364538,0.3061157
364539,0.785837
364547,0.8073403
364561,0.5515776
364586,0.61410314
364603,0.1907274
364622,0.104189016
364660,0.17990208
364662,0.33154738
364669,0.6986865
364698,0.4214643
364699,0.21872716
364700,0.23055847
364702,0.61097777
364710,0.68379277
364714,0.19607559
364731,0.39874956
364738,0.077883825
364739,0.264038
364743,0.11768198
364762,0.47668552
364767,0.7191227
364775,0.15623415
364781,0.4589603
364783,0.2047256
364796,0.07138085
364810,0.28136656
364815,0.8307129
364823,0.24162279
364826,0.21652354
364837,0.38485298
364839,0.73476386
364844,0.28151616
364851,0.39057082
364853,0.45255464
364854,0.27442488
364858,0.12589245
364872,0.43302444
364875,0.29478127
364877,0.49714547
364878,0.25355813
364884,0.12737525
364907,0.5767507
364911,0.62304246
364916,0.628777
364920,0.31997526
364927,0.36324403
364944,0.4637167
364948,0.7527019
364950,0.4842256
364953,0.09000735
364955,0.5663362
364959,0.34944203
364966,0.48953515
364971,0.33058622
364979,0.63831407
364980,0.19150697
364982,0.57929957
364984,0.4623536
364993,0.059184205
365001,0.1013393
365030,0.39029455
365035,0.4855516
365044,0.17717169
365046,0.36523998
365050,0.24170756
365051,0.53488916
365054,0.5566102
365055,0.26037562
365064,0.42141113
365069,0.71988714
365092,0.21892342
365102,0.4294761
365109,0.24585482
365110,0.39831424
365117,0.09670561
365120,0.40742254
365128,0.56761664
365131,0.44482833
365136,0.40310675
365151,0.47509676
365153,0.5488808
365154,0.26082566
365160,0.10998791
365166,0.23314756
365171,0.31890908
365181,0.37643424
365194,0.60425913
365210,0.50419205
365221,0.4814761
365234,0.1318106
365252,0.3194369
365254,0.7274822
365264,0.43496925
365276,0.16608924
365282,0.06760549
365284,0.5035992
365290,0.117454514
365317,0.24162169
365329,0.5506639
365353,0.2923771
365356,0.5941026
365358,0.17946325
365374,0.6551121
365392,0.4610193
365396,0.263304
365408,0.3256808
365412,0.12858765
365429,0.15925978
365431,0.5612072
365435,0.6295239
365439,0.36056307
365473,0.36352593
365476,0.31637424
365486,0.22948034
365497,0.30867526
365518,0.4822764
365519,0.2927291
365520,0.8280861
365523,0.29765767
365531,0.48060519
365532,0.1412938
365534,0.2270235
365544,0.7020197
365552,0.5346932
365564,0.21932125
365569,0.21053419
365570,0.45785627
365575,0.84956014
365576,0.49566847
365585,0.49079585
365595,0.30569082
365612,0.3011146
365613,0.7277539
365624,0.17052941
365631,0.46533763
365634,0.35702366
365643,0.2553707
365644,0.3615523
365663,0.42041764
365666,0.34277546
365672,0.46989375
365676,0.5957679
365680,0.15493739
365696,0.39845732
365699,0.5839277
365706,0.12393014
365707,0.2634563
365711,0.34147155
365716,0.11573493
365717,0.12435771
365718,0.07094648
365757,0.29671827
365770,0.59214574
365776,0.25193113
365781,0.6963073
365784,0.049831904
365787,0.17293344
365805,0.6456515
365820,0.044630103
365831,0.43587196
365836,0.7134962
365837,0.607685
365859,0.9391033
365861,0.18673798
365863,0.36488563
365872,0.33521244
365877,0.16693087
365882,0.560925
365893,0.5095666
365894,0.6577914
365900,0.35345098
365910,0.2630414
365913,0.15517223
365916,0.3620462
365923,0.6659185
365946,0.7067372
365948,0.53836447
365951,0.2943294
365965,0.5905902
365966,0.46469462
365975,0.3740012
365979,0.8952435
365989,0.5846318
365991,0.8059345
365992,0.43363425
366001,0.59480107
366010,0.6597396
366013,0.6619901
366028,0.17419113
366036,0.11171405
366038,0.2462479
366044,0.1968093
366048,0.6259351
366060,0.19683996
366067,0.5580564
366071,0.5662118
366078,0.27365166
366081,0.20224679
366082,0.3083842
366093,0.58078825
366099,0.20657575
366103,0.2669262
366105,0.3176858
366111,0.3230077
366112,0.3592621
366125,0.27789974
366144,0.5649486
366147,0.15390894
366149,0.7623825
366166,0.1466288
366168,0.85467374
366173,0.23139216
366178,0.29026082
366180,0.5603906
366209,0.084794424
366213,0.37402633
366214,0.44998473
366215,0.20151697
366220,0.16411792
366226,0.24128853
366230,0.8256164
366236,0.8384279
366245,0.2238292
366282,0.7281059
366286,0.38542464
366295,0.29324326
366296,0.33134472
366297,0.73029274
366300,0.28109926
366303,0.1971732
366307,0.5668179
366314,0.4458649
366320,0.12792145
366321,0.1942364
366327,0.102704234
366330,0.26107943
366332,0.7133352
366334,0.11640944
366341,0.32224876
366363,0.17702007
366367,0.34261322
366369,0.5897231
366382,0.21137252
366394,0.69639844
366396,0.13178308
366398,0.3628031
366406,0.396341
366414,0.14184645
366417,0.34765968
366419,0.42154
366422,0.1835376
366436,0.072323166
366442,0.7276998
366451,0.73044324
366455,0.53931266
366458,0.27409282
366460,0.26085892
366466,0.46892643
366473,0.57622284
366502,0.19247471
366505,0.8759184
366526,0.6016806
366530,0.7454543
366532,0.10971816
366539,0.12837929
366541,0.4773449
366542,0.19664767
366553,0.15308172
366571,0.24627829
366582,0.049466718
366583,0.43195352
366589,0.8367355
366595,0.7451658
366606,0.14591205
366611,0.31602702
366613,0.72027296
366615,0.40570676
366616,0.6655578
366624,0.49774995
366632,0.18370272
366649,0.11745247
366650,0.57750565
366657,0.27705884
366664,0.35478818
366666,0.18534373
366674,0.4545582
366676,0.32264447
366677,0.19750907
366688,0.32385215
366689,0.6368987
366693,0.23200396
366696,0.46426082
366698,0.49022755
366700,0.19244188
366703,0.821305
366709,0.3110476
366711,0.17182478
366725,0.3397564
366741,0.2365989
366742,0.043231748
366747,0.07364058
366750,0.074104816
366754,0.27871168
366762,0.23910002
366774,0.38169816
366781,0.15430526
366784,0.34867358
366789,0.24388489
366790,0.4986626
366797,0.21196298
366806,0.15073238
366820,0.11031697
366845,0.7127242
366858,0.46689296
366860,0.26106152
366874,0.24532099
366876,0.58150595
366879,0.13161065
366884,0.3783139
366886,0.1813436
366905,0.823685
366908,0.55303
366909,0.73627913
366917,0.1825892
366921,0.64454067
366927,0.20005643
366936,0.5064215
366952,0.29324594
366962,0.7331109
366964,0.7168976
366965,0.19829252
366981,0.17670448
366988,0.41689506
366992,0.23259398
366998,0.5702404
366999,0.24659728
367017,0.15248598
367023,0.61134785
367024,0.31959718
367025,0.47171226
367037,0.24160759
367040,0.62697625
367043,0.38289157
367052,0.0826691
367056,0.18106627
367064,0.60499024
367075,0.29246044
367089,0.24249469
367098,0.28078637
367119,0.35291108
367124,0.56312656
367134,0.7678488
367136,0.33326647
367138,0.27292797
367153,0.36097485
367158,0.38856527
367169,0.3498843
367179,0.36337802
367180,0.24803385
367212,0.3370787
367216,0.75825584
367217,0.12172018
367220,0.07220203
367224,0.18847373
367241,0.20918651
367245,0.4586976
367256,0.5813097
367266,0.08233792
367283,0.18953352
367290,0.44596472
367295,0.32765114
367310,0.22997846
367315,0.6941748
367322,0.6295781
367332,0.15384401
367338,0.578178
367347,0.6447312
367381,0.6271927
367383,0.48984286
367386,0.3467022
367392,0.11380314
367399,0.7702534
367411,0.20285465
367414,0.15077527
367436,0.22558586
367439,0.33459345
367440,0.5935186
367465,0.75278294
367466,0.67857724
367478,0.6382123
367479,0.5397252
367481,0.23469
367505,0.50910896
367515,0.36233965
367516,0.34657735
367526,0.5666578
367527,0.67619604
367533,0.6060081
367535,0.66391957
367545,0.57240415
367546,0.20504142
367547,0.27807304
367555,0.49648026
367557,0.36634418
367558,0.50790185
367573,0.18269645
367580,0.7625428
367581,0.07033281
367582,0.5593289
367588,0.33779022
367601,0.3488357
367617,0.52253824
367624,0.28677312
367626,0.297237
367632,0.49969566
367651,0.21544033
367663,0.09395246
367674,0.23055753
367677,0.8606738
367678,0.2935798
367691,0.20268808
367698,0.12730667
367710,0.25143468
367712,0.31893224
367727,0.6603263
367739,0.46655923
367740,0.48730198
367746,0.27191815
367759,0.24253997
367770,0.68858594
367780,0.2337579
367783,0.56713885
367787,0.22225691
367791,0.62052745
367797,0.33216947
367799,0.21621925
367811,0.04015747
367817,0.22872075
367827,0.5142178
367829,0.6399683
367830,0.6899068
367837,0.6166569
367843,0.0527012
367847,0.19801927
367849,0.65521234
367854,0.15100014
367855,0.26570168
367862,0.116473295
367863,0.6109231
367868,0.26513663
367873,0.7698498
367879,0.32748547
367889,0.7080375
367890,0.6992223
367892,0.08536343
367893,0.16161367
367895,0.37970862
367896,0.1556542
367898,0.144471
367903,0.1591354
367906,0.40953705
367919,0.091343194
367927,0.14345042
367931,0.49323004
367935,0.44988558
367945,0.21209301
367947,0.80619776
367952,0.52971244
367958,0.46102855
367971,0.22436622
367975,0.8409417
367983,0.6596211
367994,0.2730347
367998,0.30516887
367999,0.0886201
368005,0.3380426
368029,0.53272516
368034,0.12195193
368036,0.5125997
368041,0.057221994
368064,0.11897808
368066,0.06312402
368079,0.54349834
368082,0.051233653
368090,0.5285372
368092,0.24921797
368097,0.1391715
368107,0.7136118
368127,0.5782834
368129,0.61394924
368134,0.74167377
368150,0.5612579
368166,0.5904428
368172,0.15509745
368179,0.05973431
368185,0.3826518
368193,0.21457613
368207,0.60473996
368251,0.3866144
368253,0.31633204
368256,0.70598274
368257,0.3234791
368263,0.18824832
368271,0.5819004
368273,0.18825473
368279,0.3005839
368281,0.8210934
368282,0.60081697
368288,0.6795561
368303,0.155838
368315,0.50468075
368323,0.077544294
368324,0.10128593
368326,0.22585838
368334,0.28753585
368337,0.2236319
368351,0.36637434
368353,0.8637255
368358,0.6294656
368389,0.112815045
368392,0.80712694
368393,0.25554952
368415,0.58173317
368424,0.54064894
368436,0.13827217
368448,0.19334431
368456,0.23967457
368457,0.06488706
368465,0.6049117
368484,0.5031329
368485,0.82043344
368487,0.42045906
368489,0.3865723
368493,0.36206785
368509,0.3717767
368513,0.5613174
368523,0.47318327
368530,0.17499961
368539,0.53308916
368543,0.80500317
368544,0.13119173
368557,0.5620549
368561,0.14378683
368577,0.41171542
368579,0.101320826
368580,0.49453294
368583,0.18372273
368589,0.105469346
368594,0.29938382
368598,0.12060147
368621,0.3547075
368622,0.69853646
368627,0.06387573
368628,0.31046933
368633,0.7279358
368638,0.5233309
368645,0.4972979
368646,0.6476295
368652,0.25353298
368659,0.157589
368672,0.7208612
368679,0.4622117
368683,0.7813132
368697,0.13298638
368702,0.81740767
368707,0.2121415
368715,0.75805336
368740,0.19376007
368754,0.22844963
368765,0.5440578
368770,0.2857124
368777,0.5776377
368780,0.6596238
368782,0.74204314
368784,0.6270711
368790,0.6976874
368792,0.06594583
368793,0.25731722
368811,0.18430722
368816,0.499787
368819,0.4819808
368843,0.100751154
368853,0.08012663
368857,0.4904532
368858,0.7843571
368887,0.36947852
368898,0.20840804
368909,0.4566858
368919,0.042150423
368930,0.3785759
368944,0.6204434
368949,0.3974263
368953,0.3256488
368956,0.18345957
368959,0.4376058
368968,0.32157075
368971,0.46238422
368974,0.25088632
368975,0.32175177
368983,0.19238585
368991,0.40411025
368994,0.21226957
369001,0.72523355
369004,0.41181114
369016,0.035191055
369030,0.12431171
369047,0.24205604
369055,0.6331824
369067,0.2624234
369068,0.73276037
369096,0.6148007
369103,0.31742918
369105,0.62332714
369107,0.8211214
369109,0.40654373
369130,0.22758956
369133,0.20314775
369144,0.18513414
369150,0.1058653
369152,0.34473938
369156,0.19564511
369180,0.24202333
369183,0.43611738
369184,0.88824284
369186,0.47937402
369187,0.26842356
369200,0.12985292
369201,0.28230795
369220,0.39849177
369223,0.1099946
369233,0.15387954
369240,0.6511244
369254,0.22706152
369264,0.58810276
369266,0.47586364
369272,0.39474517
369283,0.1410179
369295,0.34932813
369300,0.070596956
369302,0.0521986
369305,0.2711105
369322,0.10392312
369334,0.58971995
369350,0.098841436
369355,0.440928
369361,0.46313256
369367,0.12769477
369371,0.103017494
369373,0.71675086
369375,0.5835338
369385,0.080123425
369394,0.4516882
369398,0.3131878
369408,0.3083353
369413,0.6765594
369419,0.38568214
369424,0.3201478
369439,0.27648446
369466,0.44821537
369482,0.29570973
369494,0.2967237
369504,0.06499163
369512,0.79999703
369528,0.3803348
369531,0.36759192
369540,0.35277182
369547,0.16961257
369565,0.16414922
369569,0.3077602
369581,0.58087766
369583,0.45788056
369593,0.44251326
369601,0.38514444
369608,0.18884471
369612,0.3824895
369615,0.3427839
369621,0.547547
369636,0.12858352
369648,0.59967786
369649,0.91804653
369651,0.15756676
369659,0.21979403
369666,0.16271728
369684,0.34037265
369686,0.798396
369698,0.547659
369701,0.29220095
369712,0.20201074
369717,0.08470326
369722,0.18830968
369732,0.81405485
369740,0.81626207
369751,0.4082263
369755,0.12133671
369757,0.3336514
369761,0.37966344
369767,0.5838602
369782,0.46220452
369788,0.3720658
369790,0.39957935
369791,0.12644611
369792,0.29193217
369803,0.26691937
369812,0.32932302
369813,0.6178021
369827,0.24168211
369835,0.3643729
369838,0.28517127
369839,0.23758526
369843,0.25202712
369846,0.28904453
369860,0.12780501
369870,0.6151743
369871,0.90976554
369872,0.18897797
369884,0.7270885
369893,0.52120674
369901,0.31685236
369904,0.2267244
369908,0.77736455
369910,0.1913444
369911,0.58163214
369919,0.37736928
369920,0.456974
369921,0.16484502
369931,0.7613908
369935,0.1768672
369936,0.5208938
369948,0.42637512
369953,0.22171596
369955,0.4909105
369961,0.17268871
369964,0.244164
369967,0.427453
369971,0.75045246
369983,0.34724122
369993,0.2580095
369995,0.626976
370012,0.5020435
370022,0.29901192
370023,0.31895852
370027,0.3678591
370030,0.3102967
370033,0.63893974
370037,0.49194854
370051,0.03401743
370055,0.3006168
370077,0.2122171
370088,0.3175161
370091,0.16062914
370114,0.080748126
370117,0.50886333
370120,0.7812062
370122,0.3711152
370128,0.74469066
370135,0.34678268
370144,0.2742719
370146,0.51986563
370148,0.19944356
370150,0.10840633
370155,0.28700462
370164,0.20714927
370179,0.24967998
370188,0.61759126
370190,0.13625097
370199,0.12735637
370203,0.5522647
370213,0.3691244
370216,0.20263658
370219,0.0666304
370220,0.8118686
370224,0.24631587
370230,0.185929
370254,0.64576685
370255,0.069645084
370265,0.7037658
370273,0.1608874
370288,0.36686122
370295,0.67949677
370297,0.30991647
370319,0.40230206
370323,0.050600108
370329,0.34614447
370330,0.28152385
370333,0.575374
370346,0.57329136
370354,0.6771468
370355,0.14332135
370358,0.7473061
370362,0.050863806
370373,0.3404017
370376,0.110881634
370379,0.11341882
370380,0.06841097
370386,0.14128527
370392,0.095354624
370411,0.12824805
370416,0.09410563
370432,0.07974808
370439,0.44082534
370440,0.17830257
370445,0.3472587
370446,0.06793511
370455,0.4640479
370473,0.21316633
370474,0.41164657
370475,0.2054029
370482,0.8448717
370489,0.31268427
370512,0.19488202
370518,0.5830503
370522,0.31981808
370533,0.18197481
370538,0.5245616
370551,0.085788965
370552,0.76481384
370556,0.5065451
370566,0.12582026
370568,0.33131683
370573,0.45955235
370575,0.4086604
370578,0.23465073
370582,0.2690805
370596,0.14047448
370597,0.2599002
370599,0.15976861
370602,0.37848932
370609,0.34728155
370632,0.27663776
370634,0.7854171
370646,0.46550557
370666,0.82784015
370670,0.14857902
370672,0.10976827
370675,0.36127925
370676,0.600951
370682,0.1222418
370685,0.14940862
370697,0.13170816
370699,0.25263098
370701,0.0838275
370711,0.8219203
370719,0.75149596
370728,0.30377296
370731,0.7181219
370735,0.21965966
370749,0.53064513
370753,0.38963196
370757,0.3192847
370763,0.69437945
370770,0.619691
370779,0.5243861
370794,0.15127748
370805,0.14488171
370806,0.35800636
370808,0.3362871
370814,0.2577052
370827,0.653187
370833,0.4502541
370844,0.47836137
370845,0.11478204
370850,0.71078074
370853,0.33729517
370856,0.20959255
370858,0.5745474
370862,0.4527458
370866,0.8057046
370874,0.6916482
370876,0.13319856
370878,0.6999282
370881,0.16556568
370882,0.39820462
370884,0.3979797
370887,0.3912179
370904,0.683187
370905,0.24499553
370913,0.52910644
370915,0.48574188
370921,0.7963749
370922,0.20322596
370932,0.49443355
370939,0.4343893
370953,0.10037747
370964,0.17645924
370968,0.22143047
370969,0.36405742
370972,0.25591677
370978,0.16051595
371000,0.3412171
371001,0.703403
371013,0.32409066
371053,0.3369044
371059,0.4343632
371060,0.41442436
371065,0.35146055
371069,0.3767149
371073,0.7132143
371084,0.7685922
371085,0.12553819
371088,0.29704517
371099,0.18429774
371115,0.039429273
371118,0.8262215
371127,0.672849
371132,0.60991347
371136,0.51966536
371139,0.563777
371152,0.49865276
371161,0.21844114
371162,0.5699892
371174,0.2658131
371176,0.39756256
371182,0.12601393
371185,0.29639086
371193,0.42753565
371197,0.20942624
371198,0.2906765
371202,0.3543346
371207,0.6255547
371211,0.7046154
371242,0.21036291
371243,0.4743538
371244,0.4775841
371255,0.5556696
371258,0.23566127
371259,0.7995447
371265,0.13174209
371274,0.5922406
371275,0.6754478
371288,0.13445023
371291,0.7357154
371295,0.54723746
371314,0.3306663
371322,0.5664252
371323,0.21563219
371328,0.65750974
371332,0.48104197
371333,0.73362935
371335,0.13266212
371342,0.3861661
371350,0.24745855
371357,0.59773016
371365,0.09353851
371383,0.8215727
371384,0.29030612
371385,0.6323
371393,0.69420666
371394,0.46491504
371397,0.31837055
371417,0.35274813
371431,0.25885525
371433,0.4890671
371437,0.025624847
371439,0.7404723
371445,0.25380504
371452,0.6116209
371457,0.50794786
371469,0.22571012
371470,0.55287117
371477,0.3279979
371500,0.13955125
371504,0.49021843
371508,0.40837893
371514,0.15139619
371518,0.5668369
371520,0.20777737
371521,0.5795541
371522,0.30108982
371525,0.1801381
371530,0.29695156
371532,0.0985085
371548,0.47009888
371561,0.20784906
371566,0.8094025
371568,0.4762741
371571,0.24771738
371573,0.29854193
371577,0.48077378
371587,0.70853704
371592,0.7434074
371593,0.68969005
371595,0.33877572
371603,0.20025875
371614,0.16624649
371616,0.14312091
371619,0.47210574
371627,0.85231626
371641,0.5646096
371657,0.3046351
371664,0.18940353
371693,0.3494694
371698,0.27410874
371700,0.38430887
371707,0.21938033
371710,0.23356585
371715,0.5533485
371722,0.19315083
371731,0.26367918
371741,0.26641715
371744,0.61380976
371753,0.28457138
371755,0.11641419
371760,0.3487923
371773,0.43697858
371797,0.13338363
371807,0.5644708
371809,0.13335702
371811,0.13001484
371815,0.45195246
371822,0.57564974
371824,0.7438592
371828,0.33586738
371835,0.08849287
371837,0.22775894
371840,0.6740553
371849,0.1735488
371857,0.07222816
371860,0.7001811
371862,0.11822683
371875,0.19693896
371896,0.7257123
371898,0.43970826
371901,0.61779493
371903,0.08429532
371908,0.36475685
371910,0.24997413
371944,0.3559721
371947,0.22080965
371955,0.5544889
371963,0.59208405
371972,0.27251726
371973,0.38415954
371978,0.25858378
371980,0.12979278
371988,0.10505816
372020,0.49056417
372043,0.50823027
372060,0.5776056
372070,0.1861338
372082,0.16386668
372085,0.5789969
372090,0.4386813
372091,0.7469538
372112,0.28552645
372115,0.45264974
372132,0.24779552
372134,0.8393746
372136,0.3465799
372142,0.45460847
372145,0.56615347
372146,0.5560309
372159,0.27148834
372172,0.36621135
372179,0.49744174
372183,0.11693698
372184,0.07236523
372192,0.059695743
372234,0.24325264
372239,0.64041895
372244,0.14013673
372268,0.4960751
372287,0.375271
372289,0.4237405
372292,0.079788625
372301,0.43729436
372315,0.35742202
372316,0.7602
372328,0.5681314
372337,0.0891346
372347,0.80096734
372350,0.6815914
372381,0.2702048
372382,0.6544431
372384,0.3325533
372393,0.43256983
372398,0.6537255
372399,0.43202478
372400,0.23402666
372402,0.18228577
372410,0.50034475
372415,0.4764949
372425,0.22129592
372428,0.35672578
372430,0.32932818
372431,0.24207334
372449,0.29264593
372452,0.18920974
372453,0.14057185
372460,0.5360742
372463,0.8343929
372471,0.80785346
372484,0.42930493
372486,0.45937243
372489,0.5589484
372506,0.7603001
372513,0.15490693
372527,0.8035673
372568,0.6788168
372596,0.1638585
372606,0.0631915
372617,0.25115356
372618,0.345432
372622,0.44484416
372624,0.42720884
372633,0.50053686
372637,0.281714
372643,0.40106046
372644,0.1124741
372656,0.6043687
372662,0.08390578
372664,0.24069346
372666,0.11199167
372672,0.5063536
372674,0.18689777
372693,0.5444927
372704,0.2716325
372719,0.3711699
372727,0.29566512
372740,0.5001539
372745,0.19278161
372753,0.37946784
372762,0.1321544
372764,0.45614535
372771,0.5140993
372772,0.6144199
372789,0.44060874
372793,0.5314856
372799,0.272531
372806,0.7789633
372809,0.4654971
372829,0.6251074
372848,0.14787754
372850,0.3402544
372853,0.5768854
372854,0.21132043
372858,0.43892813
372861,0.4150953
372863,0.3193761
372876,0.55651575
372878,0.21537699
372893,0.77354497
372894,0.38341513
372911,0.39070946
372912,0.5209953
372924,0.6165662
372942,0.49936095
372946,0.825871
372955,0.22852547
372956,0.36112913
372957,0.64789605
372984,0.52411705
372993,0.5328042
372995,0.8283855
372997,0.22900133
373014,0.39982238
373018,0.6625671
373022,0.36661875
373023,0.18032132
373029,0.14183761
373063,0.13002878
373071,0.558564
373075,0.56202203
373088,0.3141333
373089,0.1944993
373098,0.42551553
373101,0.42717072
373112,0.31760696
373114,0.30857024
373118,0.6810119
373120,0.6950022
373121,0.12437044
373122,0.20614035
373138,0.7239889
373145,0.34451362
373153,0.35536006
373154,0.5817632
373155,0.2790303
373159,0.65313625
373167,0.28373337
373190,0.25131586
373195,0.5430471
373202,0.22648399
373205,0.27136377
373209,0.2655971
373215,0.6838819
373222,0.77171177
373239,0.19112301
373240,0.6342003
373247,0.3769925
373251,0.32576132
373260,0.14375411
373284,0.20873623
373286,0.14046752
373292,0.4714056
373297,0.22494026
373299,0.83597684
373305,0.7337968
373307,0.527512
373323,0.09255554
373327,0.42709944
373328,0.25668126
373363,0.51362437
373390,0.25950894
373396,0.059378892
373407,0.51460564
373413,0.66838855
373437,0.35760313
373445,0.3014226
373448,0.2111787
373458,0.59572595
373464,0.14065325
373472,0.7718149
373474,0.29128638
373475,0.31446534
373480,0.24575084
373484,0.5555854
373491,0.6291763
373493,0.6087325
373504,0.209811
373537,0.5076346
373542,0.50124484
373545,0.12569484
373554,0.521007
373559,0.85145277
373560,0.14104061
373562,0.47602835
373565,0.38434488
373573,0.5780478
373577,0.24748445
373591,0.60032576
373592,0.4445919
373596,0.11518158
373598,0.661256
373600,0.2156845
373605,0.09433685
373607,0.09948762
373616,0.33273798
373618,0.3254262
373624,0.045562673
373630,0.37525648
373631,0.3086577
373634,0.33751097
373646,0.36074078
373651,0.50171685
373669,0.81257826
373682,0.23315616
373716,0.49976647
373751,0.70194805
373756,0.73753524
373757,0.06733022
373767,0.27203956
373778,0.15788949
373780,0.16662517
373781,0.7022297
373796,0.48854485
373801,0.17420162
373805,0.5002901
373811,0.2177212
373815,0.17616075
373820,0.5914794
373833,0.04372966
373839,0.42214006
373841,0.2050779
373871,0.36515054
373875,0.70730543
373893,0.2641805
373894,0.7375511
373898,0.35158598
373899,0.7548875
373908,0.78264135
373909,0.19778654
373911,0.23871143
373918,0.16507122
373927,0.17569908
373938,0.579226
373943,0.6330628
373946,0.3501649
373948,0.36533362
373953,0.7222037
373956,0.5241917
373984,0.13836281
373985,0.56166387
373986,0.6574818
374002,0.34850988
374014,0.045705847
374015,0.5201083
374024,0.105878055
374029,0.5129366
374034,0.13697548
374039,0.15657267
374042,0.6103468
374048,0.49377492
374051,0.44877815
374054,0.0983391
374055,0.48123327
374061,0.35832062
374075,0.43959737
374087,0.15525837
374101,0.59013474
374103,0.45530704
374114,0.61304134
374116,0.6944394
374119,0.44854322
374121,0.4408942
374133,0.43040317
374134,0.070292786
374140,0.15034895
374141,0.6559859
374145,0.58410484
374155,0.17378978
374163,0.4824929
374169,0.6915775
374173,0.36940563
374188,0.66570646
374199,0.20593034
374200,0.39571187
374207,0.35449207
374225,0.4923422
374226,0.15725514
374227,0.4255772
374249,0.39696497
374254,0.62242055
374284,0.11564811
374293,0.47568586
374296,0.40437824
374297,0.51376665
374298,0.24368677
374307,0.22575817
374320,0.6452298
374322,0.51964164
374324,0.09388474
374328,0.3906869
374334,0.29962218
374341,0.102013834
374343,0.6392148
374346,0.09867942
374359,0.6916961
374374,0.5084783
374381,0.52914673
374400,0.17935713
374405,0.36390144
374409,0.42816532
374420,0.5984672
374442,0.58184355
374443,0.39861867
374445,0.49241
374447,0.7172188
374452,0.5573237
374458,0.36534286
374485,0.15569304
374487,0.2803711
374496,0.080710895
374503,0.42204472
374518,0.29686278
374519,0.08195167
374532,0.16257885
374534,0.19557527
374536,0.104250126
374546,0.04455633
374559,0.086996764
374568,0.66932404
374573,0.47240302
374582,0.051667307
374585,0.12663327
374598,0.069928735
374606,0.4297666
374612,0.118258476
374617,0.16965173
374619,0.13279857
374626,0.37725976
374646,0.42291063
374653,0.3175897
374656,0.33919904
374664,0.29333478
374666,0.40732986
374677,0.5326331
374679,0.4871465
374682,0.38419244
374700,0.6055451
374703,0.5092313
374705,0.67278576
374720,0.6457276
374724,0.54458195
374731,0.13489705
374732,0.3183992
374734,0.47801244
374759,0.2465266
374770,0.5120167
374774,0.22225574
374777,0.79476863
374788,0.27539545
374796,0.59904355
374799,0.278589
374813,0.68639576
374819,0.06685668
374826,0.8029222
374827,0.51408535
374832,0.39167336
374837,0.0897031
374844,0.76973724
374848,0.69476545
374853,0.5678317
374854,0.17699654
374856,0.14093183
374864,0.67529166
374868,0.10961122
374888,0.29679736
374891,0.33262962
374892,0.25350386
374896,0.163308
374909,0.41000292
374911,0.08539907
374912,0.23177677
374913,0.5776637
374916,0.2074937
374917,0.30483106
374923,0.4574433
374933,0.73718196
374935,0.30268428
374940,0.32514098
374941,0.15504646
374943,0.118492015
374951,0.70633876
374967,0.7290192
374970,0.58757293
374990,0.7984363
374993,0.62608063
374994,0.50176847
375015,0.08081049
375017,0.7211326
375018,0.41295502
375021,0.3843903
375023,0.3159592
375030,0.7565787
375038,0.09098559
375040,0.37721276
375041,0.5500174
375052,0.07303763
375061,0.6655634
375064,0.19325764
375076,0.42485625
375086,0.81153584
375109,0.5434773
375118,0.6074675
375133,0.22404745
375140,0.6537742
375156,0.530278
375168,0.36538595
375170,0.44188616
375182,0.28972235
375187,0.622132
375188,0.28725234
375197,0.15473147
375201,0.22462596
375204,0.57093596
375216,0.6077417
375225,0.030458506
375231,0.03154099
375234,0.033508483
375241,0.36082318
375242,0.7181741
375244,0.22040734
375246,0.37703052
375257,0.23985352
375290,0.2140561
375292,0.19219437
375293,0.3848167
375295,0.10199901
375296,0.17095214
375300,0.6497307
375322,0.39064965
375332,0.44354078
375338,0.3340554
375342,0.13856897
375365,0.2038522
375367,0.4419782
375384,0.6534328
375418,0.15776163
375464,0.68375653
375477,0.29102442
375485,0.44936234
375496,0.17515938
375534,0.39951697
375544,0.30304918
375556,0.59504825
375588,0.17714117
375589,0.10628039
375594,0.6601263
375629,0.30059886
375649,0.47465548
375654,0.6444737
375696,0.33325556
375758,0.2081464
375795,0.76002014
375843,0.08145505
375844,0.18067852
375853,0.74815995
375878,0.1667861
375879,0.37146664
375883,0.2025633
375887,0.64081615
375929,0.56231856
375934,0.32136017
375936,0.5919586
375937,0.22314507
375948,0.3979387
375951,0.33375695
375953,0.44713077
375964,0.5144542
375969,0.06386032
375970,0.22431232
375973,0.8839221
375976,0.6023769
375997,0.38733336
376000,0.21194986
376011,0.38543922
376019,0.16007495
376035,0.4358645
376036,0.6214331
376041,0.36311483
376042,0.5728828
376045,0.18953101
376047,0.6525196
376060,0.06953281
376061,0.5727992
376067,0.29519457
376068,0.77126557
376070,0.47734374
376074,0.10074395
376075,0.25505218
376076,0.45317328
376078,0.41076595
376080,0.42286336
376081,0.25659752
376082,0.27460548
376083,0.7669585
376084,0.4581009
376086,0.1484766
376087,0.05084415
376088,0.2853262
376089,0.21876544
376090,0.30415088
376091,0.6073676
376092,0.52111524
376093,0.240609
376094,0.71987
376095,0.71839845
376096,0.71029717
376097,0.5115824
376098,0.612207
376206,0.09565854
376209,0.5716907
376225,0.27874565
376239,0.19878589
376247,0.5923777
376248,0.2788944
376252,0.3061804
376257,0.61932147
376273,0.15852621
376274,0.23158963
376275,0.055816106
376279,0.4485289
376283,0.3381129
376284,0.35062167
376288,0.25438318
376289,0.6441048
376292,0.22171862
376298,0.5604538
376301,0.27702478
376311,0.25169978
376312,0.5870511
376313,0.4078985
376316,0.13817306
376317,0.32380375
376319,0.3196891
376320,0.42496562
376321,0.68511623
376322,0.39492795
376325,0.6394567
376326,0.5823998
376328,0.2504116
376329,0.54720837
376330,0.25187498
376332,0.21124282
376334,0.58753383
376335,0.52479756
376336,0.6351238
376337,0.5761148
376338,0.8034071
376339,0.17761704
376340,0.29280946
376341,0.7201194
376343,0.5628565
376344,0.37508914
376345,0.11426695
376346,0.5897925
376347,0.59944654
376348,0.5981337
376349,0.6376027
376350,0.17433557
376351,0.16456988
376352,0.07943839
376353,0.15767397
376354,0.2504174
376355,0.16050869
376356,0.2834075
376357,0.1335554
376360,0.44268164
376445,0.5049336
376447,0.32388315
376449,0.17024367
376470,0.07363772
376483,0.5046812
376484,0.27308533
376486,0.31269002
376487,0.4274983
376488,0.47945544
376491,0.570212
376492,0.22282216
376494,0.76087224
376495,0.81292933
376496,0.4092416
376497,0.79683447
376498,0.054408345
376502,0.29906985
376503,0.6371603
376504,0.5163561
376506,0.1928067
376509,0.49674958
376515,0.31412163
376517,0.33086386
376518,0.8272709
376519,0.8090678
376520,0.39380312
376521,0.49986866
376522,0.2558424
376523,0.28736302
376524,0.31901184
376527,0.5859219
376530,0.505548
376531,0.34047064
376532,0.6849424
376533,0.5649944
376534,0.6472882
376535,0.39735788
376537,0.5244345
376538,0.5320884
376539,0.29257277
376546,0.41635108
376594,0.4409321
376595,0.45751604
376614,0.50302577
376616,0.109057
376617,0.17528966
376618,0.56502223
376619,0.48120752
376620,0.15944181
376627,0.52619714
376630,0.13335441
376631,0.5242479
376632,0.084970064
376633,0.26184404
376635,0.54521054
376636,0.64792556
376637,0.14642785
376639,0.8618275
376640,0.116279915
376642,0.40237856
376643,0.3550657
376644,0.26080588
376645,0.30391347
376646,0.4228493
376648,0.545676
376650,0.11269015
376651,0.15972051
376652,0.5440639
376732,0.27266642
376733,0.40201202
376734,0.5141897
376756,0.35194382
376804,0.14071417
376856,0.7912893
376869,0.45486087
376893,0.3249453
377045,0.40624782
377088,0.4526003
377137,0.63391167
377138,0.15874769
377159,0.23341388
377176,0.51230925
377201,0.32332602
377226,0.70843595
377335,0.16484074
377358,0.6903202
377362,0.18207052
377363,0.14520581
377389,0.7558828
377426,0.65445274
377427,0.33708015
377429,0.16544628
377441,0.25458932
377449,0.629577
377450,0.7186158
377458,0.40868545
377472,0.68743235
377541,0.86022604
377567,0.32931492
377573,0.06653151
377605,0.4460361
377611,0.531116
377622,0.35906693
377631,0.3886787
377657,0.18456207
377681,0.31881216
377711,0.18247223
377717,0.5957828
377720,0.72009057
377721,0.7130957
377723,0.37060425
377727,0.31205294
377729,0.29415816
377733,0.17392491
377735,0.27406344
377736,0.17152256
377737,0.4798406
377738,0.27369988
377750,0.73584104
377751,0.3725742
377753,0.55236
377754,0.39369184
377755,0.6911833
377756,0.40002364
377757,0.6812321
377758,0.079362094
377759,0.25811818
377760,0.12789917
377761,0.8392095
377762,0.3199386
377763,0.11932529
377764,0.4266178
377765,0.6443521
377766,0.57527417
377767,0.04803074
377768,0.28649625
377771,0.12860575
377772,0.13491186
377773,0.474309
377774,0.2783866
377775,0.7263171
377776,0.28048244
377778,0.2519843
377779,0.4034521
377780,0.12047542
377781,0.1884098
377782,0.1363706
377783,0.082332104
377784,0.2716183
377785,0.22254732
377786,0.4196058
377862,0.38783717
377871,0.41043848
377930,0.17128308
377970,0.16047569
377987,0.14224702
377988,0.45892492
377990,0.38672087
377992,0.7316655
377995,0.31293
378005,0.083081074
378006,0.10104844
378011,0.47858417
378018,0.21688853
378019,0.17835522
378023,0.31299683
378025,0.10237803
378026,0.4178243
378027,0.11965003
378031,0.40446457
378033,0.17845662
378034,0.26816115
378035,0.08646017
378040,0.50522345
378041,0.43156174
378042,0.2128301
378043,0.75991786
378044,0.427804
378045,0.45047662
378046,0.3621278
378047,0.17145343
378048,0.17143857
378049,0.22870977
378051,0.5579682
378052,0.18623914
378053,0.36352608
378054,0.5639596
378055,0.22729942
378056,0.4833281
378057,0.106077224
378059,0.6482731
378060,0.37374356
378061,0.87465626
378062,0.6694165
378063,0.43179163
378065,0.2824588
378066,0.68292725
378067,0.2408815
378068,0.08065721
378069,0.3950721
378070,0.24587275
378096,0.25798059
378098,0.6518785
378104,0.56656915
378105,0.6758537
378106,0.33300385
378107,0.32159087
378108,0.24346092
378109,0.32119623
378110,0.4421928
378111,0.46744552
378112,0.27927077
378113,0.41080138
378114,0.41525283
378115,0.44356224
378116,0.39561784
378117,0.6227815
378119,0.34887218
378120,0.6282408
378121,0.5120925
378122,0.13189524
378123,0.63249254
378124,0.20453957
378136,0.38186723
378181,0.22283651
378184,0.6428316
378190,0.3304275
378263,0.25243938
378300,0.21169737
378304,0.8939944
378305,0.5290885
378311,0.4148717
378313,0.31193987
378314,0.5952062
378317,0.43926498
378320,0.59425086
378322,0.33207786
378325,0.48851365
378327,0.7677963
378328,0.62030834
378329,0.34024167
378330,0.11077072
378331,0.42650944
378334,0.11130849
378335,0.23730214
378336,0.060524914
378339,0.20848851
378340,0.37675014
378341,0.33633444
378342,0.6300402
378343,0.14811502
378344,0.55615115
378345,0.77708256
378346,0.10980408
378347,0.78279746
378348,0.48587924
378349,0.8617509
378350,0.6314044
378351,0.4298201
378352,0.17321298
378353,0.25870988
378354,0.34440696
378355,0.38931343
378356,0.5616855
378427,0.390749
378434,0.6093032
378564,0.085079655
378671,0.56073195
378689,0.13908088
378710,0.7722013
378755,0.423696
378887,0.1627698
378907,0.72866714
378924,0.17661236
378944,0.4805051
378945,0.5250718
378991,0.14581358
379009,0.37413886
379025,0.34020317
379046,0.42308912
379047,0.4107213
379048,0.47073653
379052,0.5542927
379065,0.20048952
379066,0.7516599
379076,0.28308046
379080,0.58530927
379085,0.7568199
379086,0.57974017
379087,0.70022786
379089,0.16555983
379094,0.2784716
379095,0.5622575
379101,0.15571094
379102,0.40985864
379103,0.28782174
379105,0.63760257
379108,0.2658991
379111,0.6367505
379112,0.519819
379113,0.78875476
379114,0.46537378
379115,0.30207962
379116,0.3892765
379117,0.31428984
379118,0.2741015
379119,0.920131
379120,0.5931279
379121,0.10234139
379123,0.48172197
379124,0.19498117
379126,0.52441144
379127,0.08117028
379128,0.21491542
379129,0.3654587
379131,0.7750385
379132,0.70159066
379133,0.73072964
379134,0.7698139
379178,0.10217199
379266,0.05341066
379268,0.6074851
379291,0.12968335
379296,0.18944708
379301,0.36487547
379313,0.23985982
379318,0.7259482
379319,0.78478414
379329,0.5185175
379336,0.7565987
379348,0.5056256
379356,0.23346016
379357,0.6126703
379363,0.8545606
379385,0.7729199
379408,0.23184375
379432,0.24820752
379437,0.3371268
379440,0.18345565
379456,0.5092244
379457,0.18154225
379463,0.66405237
379464,0.44064558
379467,0.63791984
379469,0.48463687
379470,0.19465216
379472,0.59813285
379473,0.27475253
379474,0.32087448
379475,0.35332498
379476,0.5960831
379481,0.68257093
379482,0.53666055
379483,0.37902537
379484,0.34837154
379485,0.9447224
379486,0.36541453
379487,0.1400481
379488,0.17625377
379490,0.4182827
379491,0.2648683
379492,0.44267383
379494,0.06106034
379495,0.35263836
379496,0.28792775
379497,0.25743946
379500,0.6386598
379501,0.5164571
379502,0.33600676
379503,0.22283483
379504,0.09618925
379505,0.55442876
379506,0.06852077
379507,0.11643948
379508,0.61567754
379509,0.8146392
379510,0.4433122
379512,0.17482373
379513,0.32406783
379514,0.788605
379515,0.32400405
379516,0.27702424
379517,0.44951317
379518,0.52839196
379520,0.7482515
379627,0.55462277
379673,0.759613
379674,0.07730701
379720,0.6141216
379726,0.32635126
379730,0.16419533
379746,0.40117544
379775,0.21807203
379776,0.06878946
379778,0.75336206
379841,0.12093549
379921,0.27769682
379951,0.2210054
380002,0.7415462
380003,0.6600072
380005,0.36618856
380006,0.61481804
380010,0.12475598
380012,0.3966752
380014,0.8198496
380015,0.7313658
380017,0.5106334
380018,0.67023784
380019,0.09997922
380020,0.18800525
380022,0.19522475
380023,0.7023677
380025,0.2869373
380026,0.47595036
380028,0.19462636
380030,0.4369672
380031,0.38108224
380032,0.17201877
380033,0.11222874
380034,0.5229959
380035,0.07430368
380037,0.24907136
380038,0.64760464
380039,0.66118693
380040,0.80876267
380064,0.32178104
380065,0.42705655
380121,0.26763776
380122,0.305985
380130,0.514614
380219,0.10144266
380228,0.5974603
380229,0.23929672
380366,0.065875135
380408,0.36664763
380414,0.23549254
380487,0.33924162
380488,0.2453765
380489,0.24204138
380494,0.25036362
380543,0.19445117
380553,0.27201453
380600,0.14557098
380625,0.2568142
380635,0.39693153
380643,0.5509029
380762,0.46533164
380773,0.36302823
380781,0.5005275
380785,0.21469589
380787,0.1658458
380788,0.21946822
380789,0.4556034
380797,0.2554878
380800,0.2910547
380802,0.45669526
380805,0.6186331
380806,0.46898353
380807,0.8681728
380811,0.34508854
380812,0.16180348
380815,0.09746162
380816,0.22828877
380817,0.36948967
380819,0.55866444
380823,0.062285934
380824,0.45763636
380825,0.5312567
380826,0.615936
380827,0.755437
380828,0.37840733
380830,0.18928047
380831,0.21791136
380832,0.58797145
380833,0.27771962
380834,0.1706568
380836,0.7906977
380837,0.22822621
380838,0.45418164
380839,0.08660826
380840,0.40043908
380841,0.4963691
380879,0.21148679
380901,0.169706
380928,0.30731604
380956,0.23181064
380979,0.5353948
381037,0.14823885
381047,0.56192344
381074,0.2901094
381104,0.17284974
381121,0.6862068
381130,0.60748786
381133,0.27497712
381139,0.100185566
381141,0.7501275
381142,0.31118664
381145,0.08475216
381152,0.17595926
381153,0.5425457
381154,0.7243132
381156,0.2665332
381160,0.33771205
381164,0.80190736
381168,0.304033
381171,0.42282054
381173,0.5431432
381174,0.45589018
381176,0.35231853
381178,0.7307465
381179,0.2509546
381182,0.5043219
381185,0.07257933
381187,0.28483075
381189,0.22736426
381190,0.39070433
381191,0.5158768
381192,0.780198
381193,0.33810046
381194,0.11109788
381195,0.33368063
381198,0.0994327
381199,0.19715756
381200,0.48553127
381201,0.5868299
381202,0.15415694
381203,0.6684018
381204,0.7734635
381205,0.21440804
381259,0.15584128
381288,0.32219002
381289,0.42385244
381335,0.37466273
381344,0.1713505
381367,0.34069452
381376,0.05494641
381381,0.459151
381397,0.11081983
381406,0.49372947
381412,0.41875678
381421,0.80045277
381424,0.19075851
381427,0.6289317
381428,0.7007877
381429,0.18199044
381430,0.21932158
381434,0.773172
381435,0.07668485
381436,0.45583344
381437,0.16228507
381438,0.7271816
381439,0.33171546
381444,0.12310383
381446,0.09207144
381447,0.81784385
381449,0.83764637
381450,0.16429327
381453,0.709283
381454,0.25967497
381455,0.60418123
381456,0.677774
381457,0.26071456
381458,0.17932227
381459,0.3902487
381460,0.47177857
381461,0.60423666
381462,0.65692294
381463,0.41408068
381464,0.76719123
381465,0.20692469
381466,0.5450697
381467,0.6750902
381468,0.46845245
381469,0.71970797
381470,0.48758057
381471,0.72384113
381472,0.1376943
381473,0.31105462
381475,0.49130508
381476,0.24515815
381477,0.60672826
381478,0.15510815
381479,0.41656047
381480,0.6625499
381481,0.07429967
381482,0.18479924
381483,0.42223105
381495,0.5506228
381545,0.084237345
381580,0.40052298
381657,0.6784754
381674,0.6438231
381691,0.25745517
381697,0.33670446
381704,0.4670751
381711,0.43853912
381721,0.5231228
381728,0.5137318
381729,0.20613581
381734,0.31475452
381735,0.30225816
381736,0.26961786
381740,0.61399853
381742,0.8294659
381743,0.54837126
381744,0.15175429
381747,0.17286514
381748,0.7938914
381749,0.16747047
381750,0.47022673
381751,0.22304672
381752,0.64579684
381753,0.3609364
381754,0.759343
381755,0.56577474
381756,0.55632305
381757,0.17470327
381758,0.12538156
381759,0.30812162
381760,0.41518235
381761,0.7349114
381762,0.10734313
381763,0.20642398
381764,0.7030928
381765,0.65468574
381766,0.15379673
381767,0.28988647
381768,0.51974046
381769,0.18597382
381770,0.11481398
381772,0.20056947
381774,0.1458374
381777,0.12012615
381861,0.26314983
381974,0.35749558
381991,0.41583326
382024,0.74723774
382051,0.3810869
382066,0.13255899
382067,0.17519687
382068,0.33332807
382107,0.17278825
382108,0.5736835
382111,0.3295144
382113,0.0950033
382114,0.47911108
382120,0.30689913
382121,0.62043756
382122,0.4802717
382124,0.52318996
382126,0.26873845
382131,0.04851418
382132,0.55209035
382135,0.44435036
382136,0.13434209
382137,0.060781404
382138,0.18566564
382140,0.75652826
382141,0.41253877
382142,0.25484735
382143,0.5634669
382144,0.3760563
382145,0.29489607
382146,0.7703807
382147,0.31607527
382149,0.49785122
382150,0.4592214
382152,0.5692997
382153,0.19268735
382164,0.8179598
382180,0.35271823
382239,0.62847775
382275,0.4413996
382297,0.098097615
382391,0.3929739
382392,0.6395864
382396,0.61400384
382424,0.0627034
382471,0.52523845
382493,0.23800392
382496,0.28165114
382504,0.3925896
382505,0.5202415
382513,0.17648727
382517,0.73909533
382521,0.66104823
382528,0.11331483
382530,0.62543815
382544,0.8365335
382603,0.90010977
382604,0.21646112
382642,0.26797193
382666,0.20281647
382699,0.19566871
382737,0.45554698
382792,0.35961798
382796,0.15987828
382807,0.29998985
382813,0.68074304
382817,0.8223083
382818,0.54314935
382826,0.23947795
382845,0.12875113
382846,0.114607766
382850,0.7529185
382851,0.4318964
382856,0.31732592
382858,0.28932133
382859,0.3564683
382862,0.18521184
382863,0.15050775
382865,0.1480574
382866,0.28865415
382868,0.37557676
382870,0.08047238
382871,0.37750077
382872,0.45697674
382873,0.60769874
382874,0.81432676
382875,0.11698071
382876,0.3498067
382877,0.64418095
382878,0.4865082
382879,0.74498874
382880,0.02420055
382882,0.31050223
382883,0.28365773
382884,0.22108601
382885,0.29785618
382886,0.38135347
382887,0.61849785
382989,0.32529265
383009,0.50078356
383039,0.3877436
383068,0.20844457
383072,0.15861984
383093,0.5499334
383099,0.8092945
383167,0.27653292
383168,0.56638515
383170,0.6154388
383171,0.78586394
383174,0.07662316
383175,0.07820019
383176,0.47327366
383178,0.39977735
383181,0.456348
383182,0.6412996
383184,0.28305414
383186,0.45265013
383187,0.13779192
383189,0.13157393
383190,0.123169534
383191,0.24590892
383192,0.4227951
383194,0.19402279
383195,0.1522113
383196,0.17528062
383197,0.4336055
383198,0.08414762
383199,0.13999598
383200,0.35497484
383201,0.43060783
383202,0.4839431
383203,0.12210623
383204,0.64075804
383205,0.064976
383206,0.5953458
383207,0.121748686
383208,0.20763627
383279,0.55714816
383335,0.4534691
383384,0.4257639
383394,0.09917897
383400,0.6717798
383401,0.13380428
383409,0.27258584
383410,0.12082884
383412,0.5425405
383414,0.43274376
383419,0.5798227
383422,0.34636065
383425,0.108839065
383426,0.27837664
383427,0.5759401
383428,0.54169416
383429,0.45366868
383430,0.7434217
383431,0.38108474
383433,0.9304394
383434,0.36712518
383435,0.30269754
383436,0.677166
383437,0.3897214
383438,0.18763971
383439,0.3704878
383440,0.13483468
383441,0.1432615
383442,0.41885492
383443,0.057697423
383444,0.14945184
383445,0.10232994
383446,0.55335903
383447,0.28654003
383448,0.2773384
383449,0.1153317
383450,0.54896927
383451,0.0908523
383452,0.109311044
383453,0.40565935
383454,0.306339
383533,0.17858927
383583,0.4807115
383608,0.43236226
383622,0.4784313
383673,0.5178674
383804,0.49519867
383806,0.5328709
383812,0.3013058
383814,0.07866228
383816,0.57410234
383825,0.42311788
383827,0.3585059
383833,0.50817305
383841,0.3229333
383842,0.5350426
383849,0.49095756
383859,0.22865097
383883,0.3282341
383891,0.69003475
383910,0.22551478
383925,0.14229573
383943,0.81862354
383946,0.7289202
383959,0.13124646
383960,0.4596769
383961,0.14202484
383962,0.36264947
383979,0.5195376
383985,0.19877534
383990,0.3303217
383999,0.17236476
384001,0.7500329
384003,0.22686575
384008,0.27578217
384019,0.7904898
384020,0.20217255
384065,0.50130296
384102,0.50692034
384154,0.24022406
384155,0.670189
384171,0.45675504
384177,0.22251768
384183,0.23535945
384186,0.19734916
384198,0.744595
384199,0.19772975
384201,0.7958022
384203,0.5354972
384204,0.42039722
384205,0.3370531
384207,0.14341213
384208,0.15536568
384209,0.36161742
384210,0.34861112
384211,0.48976317
384212,0.37189507
384215,0.73326147
384216,0.5128964
384220,0.6048692
384221,0.089767046
384226,0.36806476
384273,0.14205423
384287,0.18120821
384288,0.26294985
384332,0.65810686
384365,0.1159844
384380,0.7758033
384392,0.1916144
384412,0.15892248
384424,0.7062115
384428,0.54796195
384429,0.65020245
384430,0.17951114
384434,0.2507926
384480,0.38914815
384502,0.72530395
384503,0.3109934
384504,0.55992377
384505,0.4644856
384508,0.33592823
384519,0.1378184
384520,0.6567603
384524,0.13473368
384528,0.15576473
384532,0.22074555
384539,0.45848268
384542,0.29575804
384543,0.67449373
384544,0.18212183
384546,0.3791943
384547,0.11115621
384548,0.5034222
384549,0.095570445
384552,0.56704503
384554,0.41877347
384556,0.23882692
384557,0.20309868
384558,0.054993194
384559,0.13371451
384560,0.45418024
384561,0.61096925
384562,0.49846503
384563,0.1582141
384564,0.58892125
384565,0.45209205
384656,0.28734878
384657,0.13029636
384672,0.60859776
384679,0.13175005
384680,0.09372566
384689,0.090429805
384692,0.3958164
384695,0.73211354
384710,0.80854845
384712,0.12208324
384715,0.24215065
384735,0.3026178
384749,0.12465718
384751,0.40015516
384753,0.47749504
384757,0.15252696
384759,0.136012
384761,0.24736625
384762,0.4044546
384765,0.4949412
384775,0.4933621
384782,0.47893414
384794,0.30491158
384798,0.1264174
384805,0.25121364
384807,0.27836776
384812,0.13864788
384821,0.27726638
384834,0.26499623
384847,0.41298357
384856,0.29326025
384857,0.5305636
384858,0.4182169
384859,0.30717006
384860,0.5824346
384861,0.8809655
384862,0.32796738
384863,0.5118709
384864,0.27530083
384865,0.15710735
384866,0.8814933
384867,0.53817046
384868,0.24323334
384869,0.48134786
384870,0.1883647
384871,0.42210156
384873,0.4152941
384874,0.2670524
384876,0.60067976
384877,0.120612316
384878,0.26146656
384880,0.21341209
384881,0.07545868
384882,0.4098668
384883,0.4004982
384884,0.30329958
384885,0.1805112
384886,0.57183635
384887,0.07872904
384969,0.09970744
385023,0.34729996
385049,0.6100709
385081,0.18379037
385091,0.11500626
385092,0.3702908
385093,0.47564995
385094,0.16968925
385106,0.8046256
385107,0.6608644
385110,0.3970796
385111,0.41206208
385113,0.23608297
385114,0.6268514
385115,0.5930747
385117,0.24437489
385119,0.3177117
385120,0.37453732
385121,0.6625231
385122,0.07977953
385123,0.0610029
385125,0.26654673
385126,0.177026
385127,0.09008129
385128,0.13423608
385129,0.33137956
385130,0.18581626
385131,0.23625691
385132,0.50328505
385133,0.2627658
385134,0.534217
385135,0.2382948
385136,0.53897244
385137,0.7075871
385138,0.14006874
385139,0.8697292
385140,0.8382145
385141,0.22699943
385142,0.22132505
385143,0.0778824
385144,0.26675504
385145,0.5416678
385146,0.12437854
385147,0.5718053
385149,0.37802073
385151,0.21457654
385152,0.21848768
385153,0.4461045
385197,0.047386833
385230,0.34376886
385231,0.697336
385252,0.46911135
385299,0.49552384
385351,0.196662
385376,0.69226146
385405,0.17743434
385452,0.4027877
385479,0.21250759
385510,0.46518713
385522,0.7850462
385524,0.16426054
385544,0.6152991
385563,0.3581376
385566,0.49940008
385571,0.04944369
385585,0.24697365
385586,0.37030274
385611,0.1336684
385621,0.17147452
385623,0.5051996
385628,0.81628776
385633,0.14534217
385634,0.11658337
385643,0.38017336
385650,0.42236462
385656,0.12035974
385666,0.5984605
385693,0.46404022
385705,0.67767674
385706,0.2305962
385835,0.064196795
385847,0.6930109
385867,0.47668904
385871,0.6031325
385872,0.25133413
385879,0.07037034
385883,0.102888085
385884,0.18614474
385885,0.34636104
385889,0.2673964
385893,0.48334405
385894,0.37355936
385898,0.27986026
385899,0.39781293
385902,0.35498342
385903,0.26031128
385904,0.2491779
385905,0.29261747
385906,0.19801667
385907,0.2810923
385908,0.6497919
385909,0.25203145
385910,0.2963579
385973,0.087500446
386003,0.7257422
386013,0.043228634
386023,0.11144386
386065,0.096012056
386072,0.7921183
386077,0.6891682
386135,0.15872882
386141,0.10984795
386178,0.68804574
386198,0.6705174
386200,0.21571074
386203,0.7607152
386223,0.27397552
386225,0.102425985
386245,0.20658624
386250,0.118817784
386253,0.31165913
386254,0.512635
386255,0.33394098
386262,0.3340157
386263,0.16211331
386264,0.112931855
386267,0.19116844
386268,0.17883551
386276,0.5401838
386279,0.756139
386281,0.29936194
386282,0.34284443
386283,0.50638986
386284,0.15047476
386285,0.28920004
386286,0.32202232
386287,0.2312019
386288,0.7094764
386289,0.81024444
386290,0.32721677
386292,0.58795613
386293,0.36055627
386294,0.31867498
386295,0.8828783
386296,0.5284459
386297,0.5588524
386299,0.21397106
386300,0.15232679
386301,0.19048001
386302,0.26737574
386303,0.76523894
386304,0.6721172
386305,0.38311774
386307,0.32174107
386308,0.39149344
386309,0.4680601
386310,0.47970033
386311,0.19332385
386347,0.54492974
386350,0.4046495
386352,0.17944935
386365,0.21456598
386378,0.38940394
386380,0.5303475
386399,0.4216169
386458,0.048597824
386523,0.29802838
386531,0.7601664
386545,0.41939428
386546,0.5107166
386547,0.36518154
386549,0.36300072
386550,0.2890054
386551,0.45430052
386552,0.05067947
386633,0.60202724
386647,0.1794845
386665,0.21797404
386767,0.4059437
386773,0.37788573
386774,0.34929806
386775,0.6159692
386777,0.2022874
386785,0.47826406
386791,0.18072745
386792,0.26841444
386795,0.21136878
386798,0.567208
386803,0.2720703
386805,0.6809074
386806,0.57349133
386808,0.2959153
386811,0.15280308
386813,0.4083845
386814,0.48321274
386817,0.20521247
386819,0.055912204
386820,0.51760083
386821,0.6618301
386822,0.72591144
386824,0.36139587
386825,0.65601593
386826,0.09810561
386827,0.67470133
386828,0.8159343
386830,0.18136053
386831,0.516204
386832,0.076934606
386833,0.6396423
386834,0.4122472
386835,0.057362597
386836,0.37259236
386837,0.6316875
386838,0.24388
386839,0.6807889
386840,0.26280576
386841,0.5458135
386843,0.5917406
386844,0.59263897
386845,0.33924973
386847,0.3992754
386848,0.33521855
386849,0.19511652
386860,0.48735055
386938,0.06382225
386940,0.5276926
386989,0.39813155
387021,0.53369254
387193,0.60622615
387194,0.7302223
387286,0.5618194
387291,0.11511216
387292,0.38908142
387324,0.6516592
387325,0.25046635
387329,0.27965146
387331,0.34250435
387333,0.05352454
387337,0.6612195
387341,0.5112018
387342,0.4079966
387349,0.53699505
387350,0.344346
387351,0.36529893
387352,0.24952261
387353,0.6825663
387355,0.6480648
387356,0.5093472
387357,0.35453457
387358,0.14091027
387360,0.5030751
387361,0.17919376
387362,0.18031783
387363,0.17759755
387364,0.23277801
387365,0.47247785
387366,0.4178659
387367,0.1926991
387368,0.07795591
387369,0.22277224
387370,0.11965751
387371,0.502092
387372,0.5579511
387377,0.59792674
387378,0.470663
387424,0.17320816
387440,0.23291497
387447,0.46480122
387489,0.29870677
387501,0.5811083
387526,0.78237534
387542,0.081501976
387543,0.6382083
387544,0.3269686
387565,0.32310054
387572,0.5191198
387577,0.5921415
387578,0.39423138
387583,0.06916958
387584,0.0507341
387588,0.38454452
387595,0.6292426
387596,0.5694963
387597,0.49204785
387598,0.19290072
387662,0.6465893
387687,0.4352154
387688,0.3178145
387689,0.14019781
387718,0.68476856
387730,0.23562716
387753,0.105193146
387807,0.4990914
387843,0.32232657
387848,0.3598859
387882,0.52536786
387884,0.1851087
387892,0.05438043
387896,0.27646455
387916,0.6929101
387920,0.3473003
387927,0.7881601
387928,0.22520053
387929,0.339185
387932,0.25994468
387934,0.5016901
387937,0.17008473
387942,0.41663814
387947,0.5422084
387948,0.22939746
387952,0.76928335
387953,0.28791845
387954,0.31092942
387955,0.73186743
387956,0.43933582
387957,0.75306016
387958,0.6130569
387960,0.060288377
387961,0.38311467
387962,0.51633716
387963,0.72276086
387964,0.7644209
387965,0.26540887
387966,0.3751938
387967,0.2633251
387968,0.34732094
387969,0.13346581
387970,0.42945495
387971,0.6873519
387972,0.27727878
387973,0.21877407
388053,0.84086996
388056,0.31063473
388057,0.6097239
388078,0.44684657
388079,0.08103475
388127,0.2826206
388155,0.36167493
388159,0.16639896
388169,0.26905987
388170,0.51243085
388173,0.23118182
388174,0.18426754
388176,0.28247195
388179,0.40343145
388182,0.43152404
388183,0.38998574
388187,0.4674614
388189,0.17048366
388191,0.060487363
388193,0.42539233
388194,0.33073515
388195,0.3190177
388196,0.2722798
388198,0.4112753
388199,0.71361613
388201,0.5474339
388202,0.6361158
388203,0.6355869
388204,0.51976466
388206,0.36478198
388208,0.28900972
388209,0.28372023
388210,0.2511608
388211,0.12538582
388212,0.15394515
388213,0.42717943
388214,0.20219752
388215,0.51784956
388216,0.52686167
388217,0.3699418
388218,0.37429824
388219,0.11140749
388220,0.7412965
388221,0.34176695
388222,0.5041758
388223,0.23512053
388237,0.6689108
388238,0.2139896
388242,0.31251925
388243,0.6385029
388248,0.37730712
388249,0.62724125
388251,0.5902209
388253,0.6656477
388255,0.36260957
388256,0.44498527
388258,0.35669747
388259,0.5447958
388260,0.40961343
388262,0.84805834
388263,0.57440424
388264,0.26340967
388265,0.5939055
388266,0.33325043
388267,0.7076957
388269,0.8732132
388270,0.40395054
388271,0.19842498
388272,0.5193024
388273,0.21920228
388274,0.7210314
388275,0.75436324
388276,0.18708412
388397,0.66333514
388428,0.56237775
388429,0.2533948
388448,0.22662278
388449,0.05136257
388460,0.5823449
388463,0.79498553
388465,0.7376769
388505,0.55133295
388508,0.4396603
388511,0.21349132
388525,0.3253258
388554,0.5187833
388561,0.8106439
388566,0.48243275
388572,0.057685032
388574,0.44874972
388585,0.16697927
388589,0.046984162
388590,0.5981225
388594,0.31580743
388596,0.44772357
388616,0.5953466
388621,0.25525227
388622,0.5815463
388627,0.21891081
388633,0.5422314
388639,0.20742887
388647,0.48022485
388655,0.388199
388665,0.50571746
388667,0.3459721
388668,0.2522747
388669,0.65966916
388679,0.41242886
388683,0.1821373
388687,0.20686057
388688,0.33022314
388700,0.5725842
388703,0.6583758
388704,0.66262347
388705,0.6366036
388707,0.062410202
388712,0.3514009
388729,0.18775912
388733,0.1851764
388748,0.37116832
388754,0.28946486
388763,0.58283156
388777,0.29443878
388790,0.3446613
388800,0.8213234
388801,0.13996162
388812,0.5271207
388816,0.73235863
388835,0.45714036
388837,0.40137327
388842,0.07764574
388847,0.31698212
388848,0.2441209
388849,0.7065756
388850,0.6055508
388859,0.78391236
388864,0.3005681
388865,0.78803504
388870,0.38604835
388872,0.31998098
388873,0.3823077
388879,0.15120539
388890,0.6625873
388898,0.51359624
388899,0.562985
388900,0.267514
388913,0.84916216
388919,0.25231427
388921,0.70343363
388929,0.12831733
388945,0.53552973
388962,0.7160536
388963,0.31448814
388985,0.3181471
388986,0.14509311
388992,0.7185449
388993,0.3971213
389002,0.27241322
389006,0.16060361
389009,0.33298746
389018,0.569617
389048,0.6301921
389051,0.23905456
389068,0.44134378
389069,0.57330173
389070,0.06956631
389080,0.30114928
389085,0.05551899
389090,0.24164686
389094,0.57200336
389097,0.71936333
389098,0.32075796
389101,0.45535123
389104,0.2956193
389131,0.83368635
389133,0.64150214
389134,0.039815288
389143,0.33056387
389176,0.77368385
389181,0.17395625
389192,0.20623519
389202,0.4122868
389222,0.25730488
389225,0.5621521
389227,0.6220217
389239,0.18876368
389245,0.57142484
389248,0.17854649
389258,0.31449467
389266,0.4777498
389268,0.30644634
389277,0.537014
389280,0.66072774
389300,0.17733379
389319,0.5800872
389330,0.18693867
389338,0.20260714
389356,0.45427856
389363,0.5717631
389371,0.24037355
389377,0.66753244
389398,0.16416827
389409,0.24227715
389415,0.12389759
389418,0.48207775
389420,0.4678797
389426,0.7436441
389433,0.2265633
389434,0.12771864
389440,0.6124701
389441,0.13019216
389443,0.77589196
389448,0.6842727
389464,0.3141034
389466,0.1627369
389471,0.71150446
389473,0.26568508
389480,0.33158392
389481,0.12790501
389483,0.5782434
389486,0.12820289
389490,0.4191644
389500,0.13606828
389507,0.7715264
389509,0.15999223
389515,0.8673628
389517,0.18408671
389523,0.17334524
389527,0.1358349
389529,0.79051703
389532,0.45253262
389539,0.20596428
389550,0.23175547
389551,0.27581152
389552,0.47347003
389554,0.8026365
389563,0.57039773
389566,0.548627
389572,0.08353677
389573,0.20626359
389585,0.483049
389587,0.21018
389589,0.15607741
389592,0.09880699
389601,0.8132229
389603,0.11928367
389604,0.49623555
389617,0.2784902
389618,0.521692
389619,0.23212044
389622,0.44228783
389623,0.30112234
389627,0.42586532
389644,0.7084962
389667,0.13551737
389678,0.7174946
389694,0.2627411
389700,0.46629998
389707,0.046778288
389714,0.04573635
389717,0.15508804
389732,0.33505103
389737,0.5434023
389741,0.39663446
389755,0.53736573
389756,0.46476117
389763,0.4203219
389772,0.7036404
389777,0.16655813
389778,0.399693
389796,0.29103723
389798,0.05335976
389805,0.33247593
389807,0.14658006
389815,0.2475275
389818,0.39920712
389823,0.23101832
389824,0.2017737
389831,0.08045351
389856,0.69270253
389860,0.23262793
389862,0.29504773
389872,0.66895753
389875,0.075884394
389878,0.63231635
389879,0.42487594
389881,0.09111716
389895,0.24621378
389897,0.14643632
389898,0.3114299
389924,0.556253
389929,0.1851978
389934,0.4930179
389947,0.2670134
389962,0.5217569
389981,0.04627079
390003,0.5046507
390006,0.300894
390011,0.11425375
390041,0.26455078
390044,0.4780593
390045,0.45818987
390047,0.39386782
390048,0.794837
390052,0.502896
390056,0.063957796
390061,0.269409
390065,0.33538806
390070,0.47128892
390073,0.52923286
390076,0.23688218
390087,0.4731636
390092,0.30181444
390095,0.3478017
390099,0.6874973
390107,0.42207155
390116,0.1523562
390130,0.18679377
390133,0.7931954
390144,0.2463988
390155,0.45641845
390159,0.36438
390181,0.3938256
390183,0.19147201
390214,0.23013878
390222,0.6476751
390230,0.4127933
390235,0.28104332
390237,0.0870052
390242,0.89758617
390256,0.22041473
390259,0.70422393
390261,0.34232542
390268,0.4030715
390271,0.19488637
390274,0.3456087
390276,0.24447437
390279,0.53918165
390283,0.6698171
390285,0.1989691
390299,0.4784311
390316,0.14773445
390321,0.27973467
390330,0.4163459
390343,0.58205855
390346,0.82062554
390357,0.2662894
390359,0.7167681
390361,0.6932149
390365,0.30652004
390366,0.59064627
390372,0.54751986
390376,0.45297238
390378,0.73870814
390388,0.46129364
390391,0.2589525
390400,0.6844071
390407,0.5426057
390411,0.43060008
390419,0.22817665
390423,0.22961801
390437,0.22354294
390445,0.1018854
390449,0.21187665
390455,0.48971573
390465,0.46092778
390491,0.22257735
390492,0.64700323
390494,0.4150423
390495,0.45873138
390497,0.13780339
390504,0.5520622
390508,0.49152434
390510,0.39329863
390512,0.26702595
390524,0.20717807
390531,0.31295252
390558,0.48468462
390561,0.38751522
390564,0.05598772
390569,0.37578306
390574,0.3268788
390575,0.3371613
390587,0.70130605
390620,0.5950966
390621,0.5772793
390633,0.64200324
390634,0.65546197
390638,0.5473212
390639,0.33820662
390642,0.106517926
390647,0.64827806
390648,0.30599427
390663,0.48378554
390686,0.15712145
390688,0.59021246
390690,0.12645945
390691,0.2825131
390696,0.70086205
390703,0.38404116
390711,0.57877433
390722,0.22044422
390736,0.688758
390747,0.72142816
390752,0.43529314
390760,0.34734672
390774,0.3986198
390777,0.18775879
390781,0.31848124
390793,0.20574309
390838,0.49317715
390847,0.6531054
390851,0.22817759
390854,0.12245361
390858,0.2613646
390864,0.26182088
390871,0.49820215
390905,0.33489954
390908,0.375169
390910,0.04739957
390917,0.11035542
390919,0.099448666
390920,0.48504126
390922,0.08185223
390928,0.39695692
390929,0.23900476
390953,0.465754
390955,0.10120619
390959,0.15312469
390962,0.39365527
390971,0.6788142
390972,0.50754505
390990,0.05349231
390994,0.60076284
390997,0.71578306
391015,0.24042588
391034,0.17102152
391038,0.5513926
391043,0.39440975
391048,0.16637902
391049,0.3476306
391056,0.4362129
391060,0.38423705
391072,0.4629381
391073,0.27836263
391077,0.25653872
391086,0.12597245
391092,0.48441318
391096,0.2487426
391118,0.19590294
391123,0.5564604
391136,0.36933517
391137,0.08171341
391145,0.3092413
391162,0.117360786
391164,0.765282
391168,0.63283783
391172,0.4034071
391184,0.60848063
391188,0.2788177
391198,0.2906716
391207,0.1421439
391208,0.096121915
391209,0.74694175
391230,0.45993787
391232,0.4082055
391236,0.31750995
391237,0.7472092
391245,0.36117047
391269,0.32653424
391274,0.211337
391275,0.6853752
391276,0.42348483
391279,0.599464
391285,0.24990499
391306,0.18816358
391310,0.35413516
391321,0.04898676
391327,0.23459305
391341,0.69171834
391350,0.20038472
391353,0.052408308
391354,0.19217555
391357,0.31786227
391367,0.86927956
391371,0.4762163
391384,0.5008564
391387,0.2419906
391388,0.4224441
391392,0.09627809
391408,0.073998675
391433,0.14252342
391439,0.32847628
391443,0.55267954
391445,0.19005916
391449,0.53277165
391450,0.52483785
391461,0.5442031
391469,0.0926969
391486,0.1331361
391487,0.6033977
391500,0.1711402
391501,0.23954497
391505,0.031144354
391516,0.39369872
391517,0.13770731
391522,0.26030725
391539,0.77303994
391543,0.7585767
391546,0.48615903
391552,0.77297574
391555,0.24282974
391564,0.17825867
391565,0.39502844
391570,0.22330491
391586,0.60023427
391587,0.36031026
391588,0.31398177
391590,0.4198563
391613,0.83888847
391614,0.48577458
391617,0.05084704
391623,0.47050568
391635,0.31720057
391653,0.20496124
391661,0.49448583
391670,0.22122155
391682,0.1611671
391713,0.09468134
391717,0.4627886
391726,0.8503308
391738,0.50894696
391740,0.23934577
391741,0.11247574
391742,0.28812656
391756,0.2478362
391765,0.7595103
391766,0.28207505
391768,0.29994878
391771,0.20975395
391784,0.3706883
391786,0.766875
391791,0.3022785
391798,0.20448357
391820,0.83414304
391831,0.36521193
391842,0.12736516
391843,0.14235514
391853,0.32991564
391858,0.54398644
391866,0.78814954
391867,0.07757433
391870,0.36942914
391879,0.5689227
391903,0.40062982
391915,0.2695944
391920,0.12130909
391929,0.51346374
391935,0.19704416
391944,0.14692688
391945,0.73832536
391947,0.6623699
391957,0.34827575
391960,0.42734417
391966,0.4938383
391977,0.18110164
391983,0.14296146
391990,0.5600507
391999,0.1479577
392010,0.18127736
392011,0.115909666
392012,0.32164145
392013,0.06931156
392015,0.114655055
392027,0.5226426
392029,0.49041
392031,0.48024848
392035,0.15129752
392042,0.2134611
392049,0.16693792
392050,0.4721432
392062,0.45151964
392068,0.52905434
392071,0.18689203
392079,0.21880059
392087,0.22166044
392106,0.55165833
392111,0.23540853
392123,0.6634968
392127,0.8476321
392132,0.623841
392149,0.686847
392151,0.27346668
392175,0.7816679
392186,0.5080144
392190,0.7219204
392196,0.62611765
392202,0.3249945
392212,0.47874624
392221,0.54533774
392224,0.6870848
392230,0.30736655
392232,0.5186205
392234,0.77222764
392239,0.51572436
392240,0.49798134
392241,0.036692113
392243,0.84214675
392250,0.20623608
392253,0.12215214
392258,0.2922341
392260,0.26051188
392270,0.7238154
392280,0.2990306
392283,0.2155973
392293,0.25735736
392311,0.5652268
392316,0.3244181
392317,0.7656439
392319,0.31094643
392328,0.21842453
392363,0.4047209
392369,0.19896698
392371,0.39334443
392372,0.5977366
392386,0.37571657
392389,0.6998963
392390,0.6210086
392391,0.5241009
392398,0.20033926
392399,0.2792184
392404,0.5987569
392405,0.17404242
392408,0.7899715
392422,0.28012103
392423,0.24032691
392424,0.49289787
392429,0.3583882
392430,0.6027999
392431,0.27347422
392437,0.16221368
392450,0.3300231
392458,0.20952861
392460,0.32533854
392469,0.6246802
392474,0.2963403
392491,0.8165591
392495,0.064715356
392513,0.79798913
392526,0.55438787
392527,0.68334
392534,0.47509253
392540,0.7357515
392554,0.5819355
392571,0.37752002
392578,0.47644684
392583,0.2135193
392588,0.49643996
392594,0.4929654
392604,0.17651607
392610,0.8627019
392613,0.11328493
392619,0.5137313
392622,0.8055187
392624,0.19998123
392629,0.8102912
392634,0.38321096
392639,0.053114787
392649,0.39311588
392671,0.5121483
392680,0.81332743
392682,0.0962651
392684,0.37967053
392685,0.6036105
392686,0.8292788
392699,0.24377562
392704,0.23567298
392709,0.44829074
392714,0.72046256
392717,0.17571591
392727,0.41661802
392730,0.3772656
392741,0.28550503
392754,0.056517538
392762,0.24052303
392774,0.28566232
392775,0.5005016
392793,0.44684058
392800,0.40025738
392809,0.623279
392812,0.30346859
392814,0.20544916
392820,0.51129496
392825,0.15859777
392847,0.36043343
392849,0.76054686
392861,0.60694575
392868,0.51660687
392880,0.7121318
392882,0.5077719
392888,0.36172968
392905,0.158817
392909,0.5196288
392915,0.4374638
392925,0.40756008
392931,0.24914226
392933,0.27330887
392935,0.44035617
392939,0.38361496
392951,0.29542902
392960,0.096167535
392962,0.4441249
392964,0.23515956
392970,0.13971092
392980,0.2779784
392981,0.48749664
392985,0.3306968
392990,0.3426809
392992,0.6990466
392998,0.48142835
392999,0.36715034
393007,0.14800008
393009,0.26402888
393012,0.45941323
393014,0.25529894
393015,0.5187391
393035,0.5435861
393055,0.08958365
393056,0.56543505
393075,0.27798557
393078,0.13104804
393094,0.3311916
393111,0.2977615
393115,0.3749486
393117,0.69583863
393118,0.23168495
393128,0.71171856
393129,0.1477394
393136,0.26081097
393138,0.3081113
393139,0.73961717
393156,0.21320584
393159,0.7785523
393168,0.15689577
393172,0.27695477
393177,0.22819875
393189,0.045812547
393194,0.7931907
393201,0.28432876
393202,0.48033577
393209,0.12118821
393216,0.70831835
393218,0.7070745
393224,0.21775083
393227,0.40927282
393232,0.39817622
393256,0.36693764
393257,0.35081643
393258,0.80083436
393267,0.3137562
393269,0.22142828
393275,0.45731482
393278,0.39623645
393279,0.7260151
393312,0.47835684
393318,0.37472355
393343,0.6161479
393351,0.5862362
393356,0.16646375
393361,0.6420802
393370,0.6382838
393381,0.3160301
393395,0.63054526
393405,0.26920348
393416,0.54671973
393419,0.14077444
393430,0.48663956
393443,0.4692095
393454,0.8464841
393478,0.049057506
393489,0.10080525
393499,0.48466158
393503,0.16874032
393505,0.39984572
393507,0.2673614
393526,0.49165097
393537,0.2939795
393543,0.36555892
393555,0.15735286
393562,0.36786222
393573,0.6836441
393587,0.72372925
393591,0.39942077
393606,0.3500676
393621,0.54235613
393624,0.3281185
393625,0.59580666
393628,0.7349378
393633,0.25389913
393641,0.4852097
393642,0.46632424
393650,0.252936
393658,0.6931432
393669,0.20451577
393671,0.33884713
393672,0.25796875
393680,0.19588698
393683,0.71599656
393684,0.31836304
393691,0.05956551
393696,0.39398852
393699,0.18644488
393708,0.24999976
393709,0.71726453
393711,0.29369313
393720,0.6963339
393738,0.076230235
393740,0.39079222
393762,0.056676395
393774,0.07866968
393776,0.17000581
393778,0.47611293
393793,0.3745574
393804,0.49967292
393818,0.853719
393821,0.088606544
393822,0.075260766
393833,0.8097036
393839,0.5130853
393840,0.48900118
393843,0.34712225
393852,0.11562456
393855,0.15474762
393860,0.560861
393864,0.50924855
393877,0.49817705
393882,0.67352927
393884,0.6390308
393886,0.38066497
393892,0.33451462
393894,0.10658548
393902,0.35107732
393909,0.6712206
393910,0.13114393
393911,0.3843266
393934,0.14260934
393936,0.62606335
393939,0.46322918
393940,0.084317274
393943,0.2324808
393946,0.60778314
393950,0.15448074
393953,0.26180816
393959,0.8161461
393974,0.73122287
393980,0.6846671
393983,0.24836558
393985,0.345335
393992,0.15364885
393995,0.5625788
394008,0.67154896
394010,0.36011937
394022,0.22727999
394062,0.13405958
394063,0.29829228
394066,0.14811222
394069,0.5388124
394071,0.44560724
394082,0.200313
394087,0.45253807
394095,0.07553429
394097,0.5797714
394106,0.5163974
394113,0.8821756
394115,0.7046482
394125,0.20555827
394131,0.31088755
394132,0.49990097
394141,0.68927044
394145,0.72329086
394153,0.85521644
394159,0.12643655
394180,0.19616942
394186,0.48864853
394200,0.52596074
394203,0.17050476
394210,0.3466553
394214,0.5684359
394218,0.58547074
394231,0.4519766
394240,0.71559393
394248,0.5512617
394249,0.0574721
394254,0.5828901
394264,0.43405887
394267,0.4408119
394269,0.6598862
394275,0.6001779
394289,0.10238785
394295,0.24655819
394305,0.5885277
394308,0.3559831
394317,0.13697372
394323,0.68198746
394332,0.1499149
394336,0.44055787
394345,0.8371437
394346,0.22019364
394347,0.21221437
394351,0.50314176
394355,0.76913863
394360,0.14448422
394372,0.41753405
394373,0.67916185
394374,0.2602045
394382,0.56384504
394385,0.3633978
394409,0.7258278
394415,0.1505307
394433,0.4400584
394445,0.17563152
394448,0.45273718
394451,0.5436201
394467,0.44497314
394471,0.19144969
394473,0.5807193
394474,0.3047137
394476,0.40124178
394492,0.10640525
394502,0.34797838
394506,0.38521793
394510,0.31569475
394515,0.13428307
394535,0.61479074
394537,0.7632816
394539,0.41698596
394541,0.33114946
394564,0.52625287
394567,0.3327695
394568,0.34687513
394571,0.63868064
394576,0.22043067
394579,0.7538013
394585,0.20391068
394588,0.07873048
394606,0.185559
394623,0.21137615
394632,0.6821064
394635,0.42540383
394642,0.1735298
394653,0.2817301
394689,0.180202
394695,0.3312487
394699,0.35194018
394706,0.54952157
394712,0.732703
394721,0.8504811
394722,0.39906248
394739,0.11659662
394742,0.8082837
394761,0.45163032
394775,0.41489285
394777,0.5634786
394783,0.68677104
394800,0.42875662
394803,0.055244688
394804,0.877358
394815,0.11067346
394835,0.5823915
394843,0.81829095
394845,0.8234149
394847,0.24299107
394848,0.42794135
394850,0.3495505
394857,0.35564804
394873,0.6539533
394892,0.57978845
394898,0.15937415
394904,0.407282
394918,0.8108422
394920,0.5381443
394926,0.07893455
394927,0.27437603
394940,0.24653181
394942,0.13252522
394943,0.7316344
394959,0.4019224
394977,0.68044615
394991,0.4444033
395014,0.7972028
395027,0.17320131
395042,0.736842
395062,0.5855414
395063,0.8273595
395064,0.27341986
395076,0.30858338
395085,0.6518694
395095,0.3226287
395100,0.3390105
395105,0.6127167
395108,0.13922921
395110,0.54017735
395114,0.7866493
395123,0.59500915
395131,0.42073518
395144,0.30353492
395152,0.72491693
395159,0.38045526
395166,0.4744669
395197,0.24385644
395210,0.3088294
395212,0.26298648
395216,0.60750115
395218,0.3977377
395224,0.13771152
395225,0.47783923
395233,0.49025998
395237,0.1597461
395246,0.3872259
395248,0.71511084
395262,0.360832
395271,0.15888526
395275,0.24338834
395286,0.20548862
395316,0.51200646
395318,0.81075907
395328,0.4087943
395334,0.40440044
395337,0.5308372
395338,0.37446085
395346,0.49122322
395365,0.4632865
395373,0.72665673
395383,0.81675446
395387,0.39347178
395391,0.17845605
395401,0.44514018
395432,0.043917898
395443,0.10095008
395447,0.348826
395448,0.6072367
395450,0.27283996
395456,0.2646988
395459,0.67709684
395462,0.43004495
395488,0.7513628
395492,0.21396805
395495,0.39874852
395504,0.6450134
395507,0.31246233
395508,0.56693435
395509,0.22144249
395513,0.51261735
395515,0.46687603
395517,0.7294825
395520,0.65720636
395524,0.13279998
395525,0.12345821
395533,0.16036265
395538,0.24246466
395545,0.19125818
395553,0.35199812
395576,0.603312
395585,0.39127108
395590,0.25863206
395593,0.23893832
395595,0.19158405
395603,0.31563228
395604,0.39763808
395611,0.6209766
395612,0.23609518
395617,0.21866088
395624,0.10466434
395653,0.66737205
395665,0.21208479
395668,0.29350314
395672,0.5523813
395677,0.45691746
395692,0.079758175
395693,0.53573954
395694,0.38617986
395696,0.44327158
395699,0.20915966
395703,0.16251476
395712,0.5284238
395731,0.2629709
395732,0.19623259
395735,0.18397275
395736,0.2371884
395744,0.711431
395763,0.2253216
395771,0.10467182
395774,0.20807305
395784,0.2163103
395790,0.47184747
395792,0.862442
395796,0.3054035
395808,0.5428452
395810,0.42445174
395814,0.5557202
395831,0.5938414
395836,0.32686943
395837,0.17373273
395852,0.36428452
395854,0.046184454
395856,0.39407268
395857,0.37785357
395860,0.1010122
395862,0.088395454
395875,0.22758375
395880,0.1978022
395893,0.6510079
395900,0.13726884
395908,0.35276058
395921,0.8117226
395922,0.078399345
395926,0.46806726
395933,0.13231678
395936,0.10271045
395940,0.23348682
395951,0.4786472
395964,0.030385718
395969,0.29530782
395971,0.2701301
395973,0.1969922
395975,0.3745764
395984,0.8054583
395993,0.19587612
396012,0.4893296
396033,0.7367324
396035,0.3812603
396036,0.60503566
396041,0.18734767
396048,0.45883527
396049,0.43270385
396057,0.18664972
396060,0.31716
396063,0.12926151
396078,0.5876019
396085,0.6262535
396087,0.2821832
396094,0.30958816
396104,0.27473256
396110,0.3194216
396123,0.7662422
396139,0.34313506
396160,0.15492716
396165,0.48377308
396169,0.5330243
396182,0.21507633
396200,0.8163088
396201,0.07528835
396202,0.20462191
396216,0.6146708
396227,0.302636
396236,0.07961143
396240,0.7265218
396249,0.21527551
396252,0.3301613
396253,0.6656701
396276,0.3180774
396297,0.18498603
396301,0.1804104
396310,0.23527506
396327,0.36348125
396330,0.31196406
396331,0.2873288
396334,0.1660745
396337,0.3612367
396343,0.37851045
396346,0.15692338
396350,0.74321663
396368,0.2038899
396375,0.5972759
396378,0.49544072
396380,0.6745779
396393,0.19358073
396397,0.25114104
396403,0.27363303
396404,0.7861274
396408,0.22178653
396414,0.39038134
396418,0.7778373
396420,0.19192992
396426,0.48661262
396428,0.29591468
396434,0.81257844
396435,0.2991005
396437,0.19963853
396442,0.3259977
396444,0.21132243
396449,0.13240057
396453,0.60596716
396464,0.24045366
396474,0.27336013
396483,0.21353656
396496,0.42800945
396501,0.40490982
396505,0.105619706
396506,0.07057365
396512,0.094726354
396513,0.6414566
396518,0.33856818
396530,0.5909407
396542,0.40304673
396549,0.06929003
396553,0.19824274
396555,0.7569578
396557,0.29986963
396562,0.7654602
396566,0.19191657
396588,0.70124567
396589,0.3882218
396590,0.7406359
396597,0.046489567
396602,0.09397534
396609,0.85188967
396614,0.741167
396617,0.504358
396620,0.4930343
396625,0.8630992
396638,0.38789335
396640,0.4993846
396646,0.3338272
396648,0.30326888
396653,0.41325623
396663,0.3180042
396668,0.21447143
396670,0.55888265
396678,0.17338857
396681,0.34892154
396698,0.07760513
396699,0.69686335
396710,0.36250144
396713,0.50718784
396729,0.2351583
396732,0.60048884
396735,0.65890414
396752,0.7311141
396754,0.401042
396761,0.093487516
396769,0.5559242
396777,0.16541721
396789,0.7309652
396790,0.21201313
396792,0.34734005
396824,0.38344368
396829,0.34641996
396830,0.44296083
396844,0.4584976
396849,0.2625613
396855,0.7943875
396864,0.72075975
396865,0.58464116
396866,0.3416952
396883,0.20806128
396889,0.5140676
396893,0.19874294
396900,0.48316097
396904,0.61287993
396912,0.15914547
396916,0.09593393
396922,0.14050697
396926,0.17613009
396928,0.50967383
396931,0.5916095
396944,0.17569773
396949,0.4354301
396952,0.8093029
396979,0.7993126
396984,0.1731274
396986,0.17002976
396992,0.09397147
396995,0.9292519
397014,0.55724835
397025,0.17780872
397046,0.77930284
397047,0.34561568
397051,0.2518188
397052,0.6165837
397058,0.295828
397071,0.19679481
397081,0.22256972
397084,0.1162695
397086,0.7521268
397088,0.48432025
397090,0.69123703
397093,0.530064
397106,0.14185135
397109,0.82584244
397110,0.34485698
397118,0.12256442
397119,0.41743752
397120,0.108834356
397127,0.3457903
397128,0.2226631
397129,0.5438701
397132,0.2875596
397138,0.1600733
397139,0.4977672
397146,0.6398493
397148,0.8129374
397149,0.50037783
397166,0.2251984
397167,0.5921992
397168,0.29614362
397171,0.07038536
397178,0.48919785
397185,0.25652942
397191,0.3768936
397195,0.35143986
397197,0.74767786
397198,0.4108152
397211,0.3619992
397213,0.16294806
397216,0.10462496
397219,0.49981445
397226,0.387909
397241,0.11580305
397249,0.63120276
397261,0.23975995
397265,0.10797073
397281,0.076430015
397304,0.22419219
397306,0.27554113
397325,0.617796
397327,0.19963723
397345,0.8583272
397360,0.15125981
397378,0.2010585
397383,0.45547515
397384,0.28429005
397399,0.56517124
397415,0.1745476
397433,0.074027546
397444,0.7511353
397452,0.77599293
397458,0.21838795
397460,0.27794895
397462,0.5421903
397464,0.4057542
397466,0.7935305
397472,0.117328756
397474,0.16503863
397476,0.58571994
397482,0.6946421
397492,0.56306475
397494,0.05576136
397501,0.76772904
397507,0.6581327
397512,0.56542873
397513,0.3323882
397517,0.14317161
397533,0.41783533
397549,0.7588517
397560,0.31667817
397562,0.12939386
397570,0.47380748
397575,0.13705808
397584,0.28098193
397585,0.081052326
397593,0.119300365
397609,0.7458772
397615,0.068657055
397630,0.7012397
397631,0.27105433
397633,0.61523944
397641,0.14313956
397664,0.11198794
397668,0.22220087
397674,0.379028
397679,0.48951146
397681,0.5945613
397694,0.39259642
397695,0.46723706
397707,0.82511467
397713,0.088088386
397714,0.53675824
397715,0.33779675
397724,0.24709907
397726,0.8198627
397729,0.19886205
397739,0.20519307
397741,0.13763507
397759,0.54123807
397761,0.20142348
397767,0.71758914
397776,0.65666527
397782,0.68481284
397785,0.37270245
397789,0.17737938
397793,0.35993305
397794,0.6377602
397804,0.38346905
397815,0.23858039
397816,0.41792813
397825,0.5286326
397857,0.6527708
397861,0.12708761
397890,0.38774517
397891,0.81900287
397900,0.38148764
397903,0.38464418
397911,0.26696253
397925,0.49711636
397928,0.4175682
397954,0.12953593
397955,0.075535946
397962,0.37869248
397971,0.15593722
397975,0.3413307
397984,0.66359514
397989,0.0737606
397993,0.6391596
398004,0.24932303
398032,0.8069636
398038,0.36071378
398043,0.24967712
398046,0.24835214
398051,0.7401461
398061,0.14756975
398082,0.25369585
398086,0.305086
398087,0.59958434
398088,0.5252635
398093,0.36094448
398103,0.1789073
398106,0.5376666
398109,0.51069707
398110,0.09746363
398113,0.4139595
398116,0.5702049
398132,0.21141745
398135,0.47178707
398138,0.26381207
398159,0.58165044
398163,0.7126941
398165,0.5629969
398166,0.39625865
398173,0.31728172
398179,0.43416855
398181,0.449759
398189,0.09724555
398196,0.3264125
398206,0.5365976
398208,0.5535774
398220,0.24536324
398231,0.30152708
398234,0.82452923
398239,0.1830257
398254,0.10073825
398260,0.3373814
398261,0.1817342
398269,0.6572116
398274,0.18503754
398279,0.124722086
398280,0.4939153
398292,0.6209148
398293,0.27375498
398295,0.36894712
398329,0.20752412
398337,0.44150066
398344,0.13771097
398347,0.28731826
398348,0.9199517
398352,0.05816523
398355,0.6221883
398360,0.7128398
398363,0.48605633
398368,0.3825155
398373,0.6030397
398377,0.30779362
398384,0.3676776
398389,0.33878058
398394,0.67648745
398397,0.23677135
398400,0.3930658
398409,0.39240682
398429,0.16641854
398432,0.44335228
398444,0.8162377
398446,0.85633945
398456,0.15729009
398461,0.24970192
398473,0.22677135
398480,0.32957515
398481,0.6281733
398485,0.5744619
398488,0.8645465
398500,0.29077542
398520,0.54363686
398524,0.55000234
398534,0.32869443
398554,0.14337096
398572,0.31131977
398580,0.3901007
398586,0.24130014
398592,0.74820065
398606,0.33262748
398619,0.41627973
398621,0.36457404
398625,0.5005679
398645,0.57189506
398652,0.8582707
398656,0.063266106
398661,0.6715361
398667,0.23279531
398669,0.5448208
398676,0.4012511
398690,0.2821981
398699,0.6536221
398715,0.42957014
398718,0.04533352
398721,0.14279804
398729,0.3388912
398737,0.43671829
398738,0.16184245
398752,0.46982527
398757,0.5459404
398759,0.27874812
398764,0.6326467
398771,0.37476227
398773,0.17423697
398775,0.24000026
398779,0.6790376
398791,0.4641821
398807,0.57431334
398811,0.5120586
398814,0.6188099
398817,0.14932433
398829,0.29930657
398830,0.11152558
398838,0.07779712
398839,0.70415545
398841,0.53971106
398850,0.11609047
398852,0.14047973
398858,0.4417984
398859,0.31107008
398862,0.5244718
398870,0.6491849
398875,0.42666796
398902,0.068616726
398910,0.041053884
398919,0.654263
398929,0.25532913
398935,0.8373452
398940,0.15441369
398953,0.60177225
398956,0.41855
398963,0.11458412
398966,0.50525093
398967,0.56503326
398968,0.53095675
398974,0.45779285
398976,0.22964579
398982,0.29052028
398993,0.33575296
399011,0.6100084
399016,0.6008495
399017,0.35197702
399020,0.36159864
399047,0.58425653
399053,0.88120395
399056,0.15591171
399061,0.1523923
399066,0.697556
399074,0.5654686
399086,0.40969238
399088,0.78300315
399091,0.47706676
399092,0.5464001
399093,0.3023018
399100,0.07052387
399124,0.2945434
399131,0.58116865
399142,0.23099548
399149,0.29531175
399158,0.76935625
399160,0.102112055
399167,0.10957409
399169,0.6195395
399171,0.051079653
399174,0.35709
399178,0.68031406
399179,0.8165393
399184,0.37665585
399185,0.10972508
399186,0.4319992
399191,0.1614752
399192,0.2184899
399195,0.83548313
399212,0.6158374
399221,0.53892004
399223,0.7853992
399230,0.6844906
399246,0.44189894
399260,0.40462857
399261,0.5144381
399266,0.20173429
399289,0.09496554
399293,0.33868974
399299,0.3111036
399306,0.11428332
399321,0.14942081
399328,0.1454699
399344,0.13433808
399352,0.34008944
399358,0.29614934
399374,0.62044257
399382,0.7950377
399385,0.45007762
399388,0.24404706
399399,0.08389867
399410,0.06781602
399417,0.062164906
399423,0.22023383
399427,0.11894745
399429,0.5262023
399435,0.19295628
399439,0.15027152
399451,0.57448745
399454,0.2910637
399458,0.65343237
399468,0.17739369
399477,0.5781613
399483,0.64179474
399493,0.2042317
399494,0.3843257
399499,0.39528826
399503,0.52564603
399510,0.22348692
399511,0.2745485
399525,0.20511493
399528,0.43535328
399533,0.5167429
399538,0.5461835
399551,0.4737055
399568,0.8389138
399571,0.17324373
399585,0.057212155
399589,0.38088644
399595,0.20527487
399598,0.21433423
399605,0.39801303
399616,0.43503466
399617,0.102751926
399622,0.19336085
399627,0.7083772
399635,0.5452162
399639,0.88087445
399641,0.5431738
399643,0.32119742
399659,0.062072817
399667,0.39499864
399683,0.18487778
399702,0.6921473
399706,0.64573056
399720,0.16122222
399727,0.32967177
399730,0.84789145
399734,0.36517838
399751,0.33149207
399754,0.713413
399759,0.41136268
399768,0.31394908
399770,0.72080296
399781,0.60894686
399786,0.7409889
399799,0.2664175
399811,0.07548229
399813,0.31580356
399820,0.33586624
399832,0.19081768
399851,0.6454847
399853,0.12286926
399855,0.3285505
399860,0.5823522
399876,0.7352676
399877,0.3552102
399881,0.031429846
399882,0.33664638
399903,0.38881835
399906,0.42522237
399912,0.656583
399915,0.40710568
399921,0.21845086
399935,0.37728056
399936,0.6316622
399938,0.24315897
399939,0.14158121
399940,0.12695865
399949,0.60251224
399953,0.033012956
399959,0.6662339
399968,0.17708065
399969,0.10498733
399972,0.28954706
399974,0.16225792
399976,0.19232176
399979,0.28362995
399988,0.3705395
399994,0.756185
399996,0.5218967
399997,0.36146444
400000,0.23681311
400004,0.23576626
400011,0.42927593
400014,0.8151837
400015,0.2877212
400017,0.25189796
400046,0.3617113
400063,0.607313
400065,0.25681293
400069,0.22000206
400075,0.120850995
400088,0.19303824
400091,0.26114377
400105,0.19517973
400108,0.75095135
400113,0.3260348
400119,0.32656777
400123,0.32723427
400127,0.2466527
400136,0.24986686
400137,0.7481832
400138,0.6938938
400158,0.76048285
400172,0.35774103
400174,0.25138348
400224,0.42766675
400229,0.56578857
400236,0.87425375
400240,0.1289869
400249,0.09160876
400258,0.57644343
400268,0.6155614
400272,0.110179685
400284,0.4276507
400292,0.09114879
400295,0.38410255
400308,0.3965354
400314,0.34721795
400315,0.11929103
400331,0.7193896
400332,0.38600343
400339,0.115354486
400342,0.4167878
400361,0.28056744
400363,0.42501247
400365,0.14091212
400374,0.43830624
400379,0.2338481
400382,0.087184824
400416,0.2637525
400422,0.2821147
400436,0.2756634
400460,0.4327303
400462,0.7196643
400468,0.68496525
400482,0.44903055
400489,0.38245955
400490,0.521187
400501,0.23037085
400519,0.19071198
400525,0.8419053
400526,0.03913354
400529,0.70653117
400540,0.35765195
400543,0.47716454
400545,0.19297458
400556,0.49939775
400572,0.4189288
400584,0.14640233
400589,0.36217472
400593,0.67794245
400597,0.4757919
400616,0.42319697
400642,0.46453106
400643,0.3565165
400649,0.11574371
400672,0.5695079
400685,0.18901864
400693,0.5131606
400695,0.45006806
400701,0.15055674
400720,0.18883419
400741,0.34341884
400745,0.59253556
400750,0.21730046
400779,0.68449384
400784,0.28496236
400792,0.5561659
400800,0.075560525
400811,0.34772274
400813,0.8425411
400820,0.066813916
400830,0.15996787
400833,0.121453874
400834,0.37475115
400841,0.1192285
400855,0.8048684
400856,0.38573313
400860,0.17924917
400866,0.37721857
400869,0.43634605
400870,0.41855532
400880,0.3054125
400882,0.25131804
400915,0.56908214
400921,0.5738787
400923,0.6099592
400925,0.20650971
400936,0.3567226
400943,0.7085357
400962,0.12104718
400963,0.56155276
400967,0.25984386
400970,0.2934751
400975,0.117186435
400981,0.70804757
400983,0.7384029
400987,0.18087779
400988,0.2144836
400994,0.49361408
400998,0.608192
401002,0.15096143
401003,0.6577941
401005,0.30518374
401007,0.25409693
401022,0.71655256
401029,0.83282137
401035,0.31701088
401036,0.7366561
401040,0.097912855
401045,0.4589894
401053,0.3131039
401065,0.19823273
401067,0.49433327
401069,0.2703554
401073,0.61994404
401074,0.6943644
401078,0.5275682
401082,0.75057286
401086,0.4600934
401092,0.45521218
401097,0.09024023
401098,0.17543632
401099,0.6212299
401100,0.3835025
401107,0.31542003
401119,0.6366002
401120,0.20304587
401137,0.75460523
401142,0.8161669
401162,0.17492118
401163,0.7128299
401172,0.18999775
401179,0.52355635
401182,0.3684542
401184,0.49182624
401190,0.0961273
401207,0.29735008
401210,0.09734598
401220,0.21415886
401225,0.17096591
401230,0.6085931
401240,0.20150775
401246,0.43462732
401256,0.68122053
401273,0.094634466
401274,0.2683133
401287,0.46785957
401292,0.55800515
401305,0.6207696
401310,0.06459245
401311,0.34277603
401321,0.2567312
401332,0.32069176
401338,0.21323363
401345,0.22239095
401368,0.37395695
401375,0.8392675
401378,0.20216332
401379,0.121830456
401395,0.20361209
401403,0.46042618
401406,0.063598394
401415,0.3692186
401424,0.2919665
401425,0.19494458
401428,0.6198258
401430,0.46142513
401436,0.33175075
401440,0.33055103
401443,0.3271867
401447,0.13377099
401448,0.20482258
401450,0.10596005
401459,0.10899337
401462,0.17140733
401470,0.8627736
401479,0.37990373
401481,0.08799951
401486,0.3487731
401496,0.10431324
401497,0.6002023
401502,0.21963073
401508,0.42053506
401513,0.60474783
401517,0.8613634
401519,0.69823766
401533,0.66453683
401536,0.7528481
401547,0.20077778
401581,0.36421505
401582,0.2859445
401586,0.48560536
401593,0.8068888
401603,0.4190719
401621,0.43628937
401625,0.31312227
401635,0.8695968
401646,0.32697752
401649,0.13425075
401660,0.51327753
401668,0.6763901
401686,0.05861772
401706,0.720219
401712,0.45812902
401721,0.2940574
401725,0.5364458
401730,0.8408852
401741,0.056362104
401743,0.18621321
401748,0.40628034
401751,0.1238675
401770,0.1883039
401791,0.12628925
401792,0.405308
401808,0.6349205
401816,0.110773936
401820,0.785879
401821,0.22003762
401828,0.2004827
401830,0.64918923
401832,0.18298079
401839,0.5510254
401852,0.038929105
401868,0.16811171
401876,0.28293777
401879,0.7638571
401882,0.085098654
401894,0.48437166
401899,0.68819815
401901,0.68391836
401913,0.33131805
401919,0.10501343
401920,0.21174246
401923,0.10326812
401924,0.7516984
401932,0.6500663
401942,0.8285398
401949,0.4313335
401950,0.63594323
401951,0.17773508
401952,0.34846473
401971,0.7240828
401972,0.32196835
401973,0.32141218
401974,0.56145877
401983,0.38590285
401984,0.16590025
401988,0.11783893
401989,0.6128747
401990,0.16614154
402024,0.5288119
402029,0.41027418
402030,0.7694038
402041,0.48363587
402042,0.49974632
402043,0.29151636
402052,0.49853545
402053,0.1396782
402054,0.21797204
402057,0.23168391
402067,0.15372443
402068,0.1049093
402069,0.500437
402070,0.4502007
402071,0.14437196
402073,0.09004557
402074,0.27198762
402075,0.30204105
402076,0.34170213
402077,0.20486537
402078,0.8741394
402079,0.7494947
402080,0.21188946
402081,0.066601895
402082,0.4032966
402089,0.47174627
402090,0.18875217
402091,0.63219875
402092,0.34805626
402094,0.25910142
402095,0.13919269
402096,0.26908156
402109,0.44070935
402151,0.3337453
402152,0.3032648
402153,0.33007678
402155,0.234916
402201,0.20682733
402210,0.37031516
402212,0.3691033
402218,0.24896441
402227,0.51647884
402234,0.62847024
402236,0.14836629
402242,0.4327877
402243,0.17802164
402244,0.8469814
402245,0.09966268
402250,0.45107213
402251,0.576087
402254,0.76994133
402255,0.60816276
402256,0.33555377
402257,0.80644387
402258,0.6962536
402259,0.19577925
402260,0.12522343
402261,0.7244326
402262,0.14511803
402263,0.5015604
402264,0.14548814
402265,0.22722694
402266,0.7432757
402267,0.32805318
402268,0.1858114
402270,0.17159572
402271,0.083091326
402272,0.274928
402273,0.19410206
402274,0.19784029
402275,0.3499014
402276,0.25360078
402277,0.33496678
402278,0.17311467
402279,0.5039953
402280,0.08349305
402362,0.6632058
402363,0.10277918
402364,0.30700678
402370,0.098470785
402376,0.15445447
402381,0.5920886
402384,0.35848373
402389,0.38979796
402414,0.32653537
402416,0.10619904
402417,0.21492878
402420,0.33825627
402426,0.10546862
402436,0.85496646
402444,0.1782274
402447,0.35656986
402449,0.22200237
402454,0.82581717
402458,0.70608234
402460,0.34985664
402466,0.22789958
402475,0.5290408
402498,0.7151189
402502,0.39741203
402505,0.46268615
402509,0.48349994
402513,0.7352314
402517,0.2648053
402519,0.2543943
402522,0.38969743
402523,0.14017473
402525,0.5170918
402528,0.5765733
402534,0.5419182
402536,0.2608987
402542,0.31668457
402548,0.80124605
402552,0.50918865
402559,0.29910877
402563,0.16676013
402568,0.24478969
402573,0.70227325
402574,0.3941961
402575,0.3744925
402577,0.4318883
402602,0.112456
402603,0.5718866
402604,0.33039206
402614,0.7356445
402615,0.48052162
402616,0.13339867
402617,0.761634
402618,0.6185487
402619,0.16525696
402639,0.25897604
402640,0.39088678
402641,0.8357165
402642,0.10548139
402643,0.10676499
402644,0.4062637
402645,0.3061246
402649,0.31467095
402650,0.808366
402653,0.49596024
402654,0.14010084
402655,0.7741563
402656,0.57287824
402657,0.3101956
402658,0.10227931
402659,0.1814571
402662,0.11510946
402696,0.089428894
402705,0.2663718
402707,0.5545944
402708,0.49864534
402709,0.29486728
402729,0.58837587
402730,0.40976328
402732,0.38807046
402739,0.11851722
402740,0.56064165
402741,0.38840377
402744,0.7027121
402745,0.615492
402746,0.10652415
402772,0.5387797
402773,0.2654421
402774,0.21723005
402780,0.3343505
402781,0.30403614
402782,0.74223715
402790,0.16612674
402803,0.6094747
402808,0.5394731
402809,0.12036922
402810,0.64546096
402811,0.4471996
402815,0.43097848
402820,0.3364439
402821,0.5521423
402822,0.2390614
402824,0.28337136
402825,0.43783113
402870,0.2840178
402875,0.07305392
402924,0.78498995
402925,0.15557645
402926,0.12586783
402927,0.2755263
402928,0.3242972
402929,0.5255335
402930,0.47183633
402931,0.1274968
402932,0.23103952
402933,0.5043808
402940,0.3252752
402953,0.3971242
402954,0.31798524
402955,0.22791311
402956,0.35548437
402957,0.15352647
402970,0.10554085
402973,0.6314956
402974,0.5825029
402975,0.37075245
402976,0.56168973
402977,0.10351548
402978,0.32479525
402979,0.62423
402980,0.76104224
402981,0.35793728
402982,0.29839268
402993,0.7603823
402994,0.48847666
403099,0.27249998
403137,0.08888105
403138,0.29088485
403165,0.22377317
403192,0.80264324
403214,0.25458324
403223,0.18929552
403238,0.3327489
403244,0.5399874
403246,0.36652908
403252,0.6018119
403254,0.5346508
403255,0.11517834
403259,0.49753222
403262,0.5379633
403277,0.24858046
403280,0.58115834
403281,0.56068987
403287,0.19415082
403315,0.5600678
403318,0.66183406
403319,0.25993183
403327,0.16466773
403331,0.23210245
403342,0.7293654
403349,0.3616493
403353,0.27062982
403364,0.22454524
403369,0.13491367
403373,0.5947757
403376,0.14132449
403378,0.15380003
403384,0.21593875
403385,0.07485671
403386,0.2519072
403388,0.44951963
403396,0.2344142
403398,0.4723359
403404,0.56966007
403410,0.20063859
403414,0.42898747
403417,0.5881141
403422,0.38428012
403424,0.55003023
403438,0.37308052
403451,0.1223075
403452,0.40036142
403453,0.47593838
403454,0.5236629
403455,0.44056594
403464,0.3307592
403465,0.46519226
403466,0.13262194
403500,0.5695978
403501,0.5213153
403524,0.76782787
403525,0.7141165
403526,0.17908226
403527,0.10539686
403542,0.4897398
403543,0.20441309
403549,0.18679246
403550,0.12653166
403551,0.5969292
403552,0.5642891
403553,0.2290368
403554,0.47417152
403558,0.056933522
403559,0.26185176
403560,0.889421
403561,0.7434615
403562,0.67333555
403564,0.39733025
403565,0.2182143
403566,0.11936101
403600,0.53120756
403602,0.41178456
403603,0.316537
403662,0.18816333
403685,0.37908602
403686,0.013313805
403687,0.09013987
403688,0.54509383
403689,0.8631701
403690,0.89094734
403691,0.371457
403692,0.20739096
403696,0.20259668
403697,0.66434014
403698,0.09599071
403699,0.66135305
403701,0.66764635
403702,0.56642157
403703,0.7511537
403704,0.54392666
403705,0.20699608
403712,0.25997317
403713,0.25198236
403714,0.7463859
403715,0.34590685
403718,0.2608378
403722,0.69144565
403723,0.30294374
403724,0.48450482
403725,0.16988605
403726,0.12248799
403764,0.34866074
403765,0.20263048
403766,0.46065477
403770,0.7710253
403771,0.24964193
403772,0.57316595
403795,0.58754796
403799,0.27046308
403800,0.23159127
403801,0.17575535
403802,0.77204007
403803,0.8441341
403811,0.33684328
403814,0.20105462
403815,0.06361902
403816,0.13935344
403817,0.2343072
403818,0.09724506
403820,0.2782143
403821,0.3094541
403822,0.6153262
403823,0.12246322
403824,0.5206338
403825,0.08531223
403826,0.13115036
403828,0.33442906
403834,0.3319268
403836,0.5828558
403837,0.47207126
403838,0.39820096
403839,0.46114162
403873,0.3878935
403876,0.58210814
403902,0.39417684
403918,0.2060382
403922,0.25824258
403928,0.6573355
403929,0.57131743
403931,0.13420439
403932,0.2274407
403933,0.22030261
403935,0.26628837
403936,0.839473
403937,0.43721604
403938,0.3109957
403943,0.48281902
403944,0.42310625
403945,0.2278308
403946,0.57078004
403948,0.4365309
403951,0.5890536
403955,0.54198277
403956,0.3603639
403957,0.39595407
403958,0.28086433
403960,0.74162585
403961,0.26886505
403962,0.8093574
403963,0.21070775
403964,0.5402329
403965,0.46134254
403966,0.7133097
403967,0.3091566
403968,0.79914635
403969,0.5675864
403970,0.3358042
403971,0.5463004
403972,0.75553334
403973,0.70724297
403974,0.76399726
403975,0.0905101
403976,0.22039784
403977,0.52933246
403978,0.54846966
403979,0.050358333
403980,0.66725105
403981,0.25932547
403982,0.048227325
404062,0.45772904
404067,0.106536604
404070,0.17593862
404079,0.23092745
404084,0.16819657
404108,0.68502176
404112,0.43075114
404118,0.55146277
404121,0.17639233
404122,0.5591412
404126,0.46459538
404140,0.22968553
404152,0.49163455
404156,0.8165252
404158,0.34099713
404160,0.29727203
404172,0.1079037
404174,0.28264996
404180,0.3764924
404186,0.3199708
404190,0.51765865
404192,0.34941754
404206,0.25060192
404207,0.74800664
404213,0.59436244
404216,0.6993002
404220,0.46620712
404227,0.4098186
404235,0.09501559
404247,0.7802368
404259,0.090891294
404266,0.5669834
404267,0.57379055
404274,0.8778902
404276,0.4234782
404277,0.06744442
404278,0.2825652
404279,0.31072628
404280,0.44538608
404287,0.4414805
404288,0.6325033
404289,0.10082695
404290,0.69250095
404291,0.07947965
404293,0.50142825
404302,0.33523512
404303,0.34403414
404304,0.4162619
404307,0.18560326
404308,0.325402
404309,0.6760877
404310,0.4565111
404311,0.8179705
404312,0.57061875
404323,0.17822514
404324,0.3350264
404325,0.33786485
404326,0.24120733
404327,0.67214966
404328,0.15374707
404329,0.14007413
404330,0.35777473
404331,0.2153038
404335,0.59230083
404336,0.51141906
404337,0.8384792
404364,0.81362194
404379,0.4744262
404380,0.8726037
404381,0.8767195
404382,0.5074815
404385,0.2374263
404390,0.13081452
404391,0.26072997
404392,0.70503867
404393,0.19647957
404396,0.4649086
404400,0.115988456
404401,0.107060246
404402,0.388235
404403,0.64026535
404404,0.3020495
404405,0.6979311
404406,0.046833493
404437,0.5921909
404439,0.5858401
404461,0.76518446
404462,0.45911592
404464,0.08646686
404468,0.5607955
404469,0.41966113
404470,0.37622446
404471,0.061287582
404472,0.53196603
404473,0.22837994
404474,0.1770872
404475,0.39175075
404477,0.2603194
404478,0.1590246
404554,0.18696488
404555,0.22076042
404556,0.11101216
404557,0.24263887
404569,0.61314
404571,0.28847
404585,0.4067398
404586,0.20535755
404592,0.5607171
404595,0.056664187
404596,0.48600525
404597,0.4044939
404603,0.75100225
404606,0.35136878
404607,0.6717812
404608,0.33492354
404609,0.42597777
404620,0.5828088
404689,0.50185865
404708,0.29648855
404734,0.63338536
404771,0.18622492
404806,0.10538372
404818,0.3128455
404850,0.04042799
404870,0.612905
404923,0.20106976
404934,0.6572897
404938,0.23270352
404954,0.096602455
404957,0.28374508
404963,0.57245624
404964,0.1893371
404969,0.6807088
404970,0.3108212
404979,0.19633372
404997,0.12834267
404998,0.29063725
405009,0.6403822
405016,0.12339495
405018,0.08440446
405035,0.6633878
405036,0.33394867
405038,0.68963057
405047,0.30369085
405055,0.20437439
405060,0.50757337
405066,0.2419579
405081,0.43507004
405084,0.8497088
405089,0.67271614
405098,0.42485955
405100,0.49136335
405114,0.09495533
405118,0.21128488
405119,0.6353884
405120,0.34572515
405121,0.3711681
405124,0.20990105
405125,0.45727423
405132,0.1654525
405179,0.0890818
405193,0.29921255
405194,0.41303813
405195,0.22223666
405206,0.2129783
405207,0.090417065
405211,0.083184905
405215,0.060684755
405217,0.71704614
405219,0.6495814
405220,0.60529214
405231,0.41992015
405232,0.54860073
405291,0.23476763
405316,0.34007108
405317,0.44941247
405318,0.31515762
405319,0.22505827
405320,0.35627508
405325,0.060211305
405326,0.085890494
405333,0.34833762
405334,0.7288318
405349,0.817662
405351,0.4520988
405353,0.18340962
405354,0.9128874
405361,0.39832306
405362,0.15626141
405363,0.7136805
405364,0.8178422
405365,0.54334056
405366,0.5532271
405372,0.76402986
405397,0.114011824
405402,0.42038172
405409,0.49841496
405410,0.876777
405411,0.38876542
405412,0.1606796
405435,0.23537882
405436,0.24418485
405438,0.12839538
405442,0.23218566
405443,0.82031304
405444,0.25987342
405445,0.31645346
405446,0.26618296
405468,0.16763854
405489,0.72549707
405490,0.5789786
405498,0.17523219
405509,0.18742095
405510,0.091933355
405511,0.54865104
405512,0.07017575
405517,0.21985283
405518,0.5518641
405523,0.19885305
405544,0.14153735
405546,0.4494339
405552,0.74594885
405583,0.15207739
405592,0.3551633
405599,0.16433722
405602,0.29427245
405607,0.035092037
405613,0.583959
405620,0.81138456
405624,0.45876008
405625,0.29310682
405626,0.22272882
405632,0.50941586
405633,0.3386276
405637,0.63326347
405640,0.30788192
405642,0.4763566
405646,0.05341847
405647,0.116145015
405650,0.7824922
405653,0.5670054
405654,0.33124003
405660,0.18794699
405666,0.48516262
405667,0.58822185
405668,0.09970704
405669,0.441256
405671,0.44396952
405672,0.13446243
405673,0.2711287
405674,0.5951063
405675,0.30915388
405676,0.21742974
405677,0.21168429
405679,0.15308432
405680,0.62818235
405682,0.42023683
405683,0.2883516
405684,0.38888568
405685,0.69215566
405687,0.15664911
405689,0.051186617
405690,0.19968234
405691,0.7855608
405692,0.40103593
405693,0.47733635
405695,0.48129842
405696,0.2814235
405697,0.1713813
405698,0.41046423
405699,0.12403852
405700,0.770853
405701,0.8328744
405702,0.69122756
405761,0.4244033
405765,0.28054154
405769,0.40860745
405784,0.6386591
405811,0.07432603
405814,0.20895778
405816,0.6335245
405818,0.41408288
405821,0.14370777
405822,0.04457241
405838,0.36422428
405841,0.20804226
405846,0.29688856
405855,0.41290364
405857,0.23231308
405858,0.5548813
405860,0.36416805
405861,0.6157422
405871,0.29241022
405879,0.21270499
405880,0.23335479
405886,0.21230206
405901,0.2718619
405904,0.38114077
405905,0.13546152
405906,0.33606637
405927,0.1939107
405930,0.48805356
405944,0.35554487
405946,0.12499887
405954,0.5895608
405963,0.23191765
405964,0.083852775
405965,0.13335724
405966,0.6949528
405970,0.07992854
405971,0.33547223
405992,0.45321858
405996,0.10643076
405999,0.0937806
406002,0.58507967
406003,0.15446337
406004,0.27067447
406005,0.2377725
406006,0.45007226
406007,0.6677147
406008,0.64667624
406028,0.19214855
406029,0.3022645
406043,0.34736836
406044,0.11370745
406045,0.53261614
406046,0.590035
406048,0.132079
406050,0.36609223
406051,0.24294843
406052,0.7027845
406053,0.5904447
406077,0.19026873
406082,0.540516
406083,0.61034495
406084,0.19173615
406098,0.2015669
406099,0.5617886
406100,0.7816163
406113,0.5035627
406114,0.29053652
406115,0.54214674
406116,0.33334365
406117,0.027635332
406127,0.32146007
406128,0.24711065
406129,0.6170556
406132,0.18660145
406133,0.16846257
406134,0.27012175
406135,0.7747242
406136,0.27894193
406137,0.7122822
406138,0.4200436
406139,0.43782574
406142,0.6571648
406143,0.67302316
406175,0.36112446
406176,0.49779475
406177,0.22994465
406194,0.27629045
406195,0.12260342
406208,0.22933492
406210,0.31090134
406216,0.5256554
406217,0.6561519
406227,0.124793574
406228,0.27993602
406253,0.25923675
406254,0.037320636
406260,0.44864097
406267,0.6292004
406269,0.10510101
406276,0.601459
406277,0.51358455
406279,0.17580298
406288,0.2053824
406297,0.5251336
406308,0.7105786
406310,0.6416574
406320,0.20700797
406336,0.12256633
406352,0.08283534
406365,0.34158742
406369,0.5704263
406371,0.4022553
406401,0.56649274
406408,0.38199893
406409,0.09687466
406475,0.87366927
406492,0.38145906
406510,0.5967596
406519,0.49748015
406565,0.7764794
406584,0.52310073
406596,0.2168919
406598,0.06061105
406605,0.4213858
406609,0.24994947
406610,0.43655577
406611,0.1976685
406654,0.4354351
406670,0.52025187
406675,0.6245042
406681,0.4194909
406682,0.08657301
406695,0.20796594
406697,0.41238
406712,0.52602077
406719,0.27399892
406725,0.5218501
406734,0.24449329
406743,0.6949317
406778,0.34700125
406784,0.6220463
406786,0.44743982
406791,0.6429823
406792,0.13069724
406803,0.44217202
406812,0.14236662
406813,0.33913472
406814,0.3453059
406841,0.34066176
406842,0.44020167
406843,0.07429295
406848,0.59187496
406861,0.19782867
406862,0.7974204
406863,0.06572363
406864,0.13296941
406865,0.63072264
406871,0.4945024
406872,0.5625318
406873,0.5188985
406893,0.36764398
406919,0.55901796
406920,0.37188125
406921,0.6446571
406923,0.38180533
406924,0.4780206
406925,0.031222189
406926,0.2916599
406927,0.55741054
406936,0.042301606
406937,0.86540544
406938,0.107282646
406939,0.3048661
406940,0.5485062
406941,0.27678597
406952,0.22483952
406953,0.58559304
406954,0.43740895
406962,0.33876875
406963,0.8030312
406964,0.45939505
406965,0.66885513
406966,0.4217202
406967,0.21738453
406968,0.52623105
406969,0.62206423
406970,0.22890624
406971,0.70259184
406972,0.6597347
406973,0.2567273
406974,0.48133466
406975,0.32840514
406976,0.07344986
406977,0.2793453
406985,0.12782753
406987,0.2234993
407025,0.65427566
407031,0.38838133
407033,0.7149528
407039,0.48135996
407041,0.3523816
407044,0.4328831
407046,0.24164549
407053,0.2650636
407061,0.11356087
407069,0.24038231
407070,0.5606571
407072,0.23404476
407073,0.33510885
407081,0.5003558
407082,0.33723965
407088,0.2271915
407091,0.7255944
407097,0.18932854
407104,0.70392567
407105,0.8879131
407106,0.18285142
407121,0.2253645
407128,0.2937374
407137,0.20733401
407144,0.69566506
407145,0.71118075
407154,0.514818
407162,0.1585204
407164,0.5891281
407168,0.80593675
407203,0.38655618
407210,0.5540882
407215,0.3352356
407218,0.2751577
407228,0.10687723
407262,0.6273533
407274,0.7856326
407280,0.774287
407288,0.29224524
407298,0.162975
407299,0.7437698
407302,0.49896634
407303,0.56665325
407305,0.7464843
407306,0.8071159
407307,0.2391925
407313,0.08058667
407314,0.087640464
407315,0.088783115
407316,0.19608179
407322,0.7553756
407323,0.40556526
407324,0.203933
407325,0.35917762
407329,0.7595447
407330,0.5496214
407332,0.63147163
407333,0.59089607
407334,0.21610588
407335,0.64721775
407336,0.588337
407337,0.7372571
407338,0.44160092
407339,0.14322145
407340,0.16898577
407341,0.46407518
407342,0.12995651
407343,0.33045113
407344,0.4143995
407345,0.18035726
407346,0.6779542
407353,0.40635952
407364,0.37263057
407365,0.20659237
407366,0.15622994
407370,0.31804663
407373,0.73843825
407376,0.42020047
407386,0.1250529
407388,0.10784595
407391,0.16632396
407393,0.14433137
407427,0.2824089
407452,0.49222645
407454,0.44402918
407457,0.14061196
407462,0.15123804
407463,0.31864107
407468,0.6577421
407469,0.59035224
407478,0.2932453
407482,0.16713609
407487,0.32851967
407489,0.6089188
407498,0.82134527
407516,0.56556565
407519,0.3213354
407528,0.6722547
407532,0.7197226
407534,0.702819
407543,0.21403909
407546,0.7303502
407550,0.15284996
407555,0.22923186
407558,0.22076023
407587,0.19660342
407588,0.1779948
407594,0.7693458
407596,0.27591074
407598,0.31737214
407602,0.4474187
407605,0.49432835
407613,0.4686443
407619,0.69089466
407625,0.25005886
407627,0.2021831
407629,0.51021606
407631,0.20224462
407633,0.19224979
407636,0.60163486
407645,0.9086038
407648,0.46145338
407669,0.0940938
407674,0.07826743
407675,0.56968623
407676,0.30857876
407677,0.593788
407678,0.7898153
407679,0.39260122
407680,0.6229272
407681,0.325252
407682,0.18779312
407684,0.6316551
407692,0.43334413
407693,0.7653789
407694,0.41128433
407695,0.15654574
407696,0.3713235
407697,0.48075262
407698,0.38277724
407699,0.37538964
407702,0.1351522
407703,0.38449278
407725,0.42723948
407726,0.5170054
407729,0.67460346
407731,0.096824154
407745,0.34361184
407749,0.34603015
407750,0.21885628
407751,0.5546991
407752,0.8645936
407753,0.7505404
407754,0.57041204
407755,0.6918064
407756,0.2279078
407765,0.21808551
407766,0.42076683
407767,0.43864524
407768,0.22043328
407773,0.30012378
407774,0.5339979
407778,0.45860046
407779,0.3768808
407780,0.77428037
407781,0.29262945
407782,0.11005498
407783,0.54879314
407784,0.5042829
407825,0.4057247
407826,0.094828956
407828,0.2999119
407829,0.15619326
407830,0.7519268
407831,0.12500694
407832,0.16248119
407838,0.13663349
407839,0.37283066
407840,0.09540532
407841,0.45785695
407842,0.38141623
407855,0.46766227
407857,0.34323514
407881,0.49478343
407882,0.51788914
407885,0.12986359
407915,0.17892537
407916,0.25641912
407918,0.6090861
407919,0.5637615
407920,0.15449612
407921,0.27738062
407922,0.25284243
407927,0.4037062
407934,0.43943664
407941,0.5400678
407942,0.22942828
407943,0.2590379
407944,0.19593744
407946,0.4726006
407947,0.20110142
407952,0.1256598
407955,0.6414046
407978,0.53951144
407986,0.24488768
408003,0.42255792
408006,0.18608198
408008,0.074369825
408015,0.3820537
408016,0.35926703
408028,0.64631873
408035,0.24608862
408042,0.2148621
408044,0.65323085
408052,0.05283493
408053,0.31534517
408056,0.3447603
408068,0.44795147
408071,0.31014016
408074,0.29099
408085,0.67616266
408089,0.20299265
408091,0.3648457
408098,0.11794105
408106,0.23721088
408108,0.78882587
408116,0.80570906
408126,0.33834466
408130,0.57569706
408135,0.15383546
408148,0.42831248
408168,0.5076829
408170,0.43849498
408172,0.4443631
408176,0.31737033
408181,0.28277883
408191,0.070954494
408194,0.3830556
408213,0.31542385
408248,0.0941497
408249,0.085011326
408250,0.37372908
408256,0.7188594
408261,0.3315763
408262,0.39806238
408268,0.6477674
408269,0.20650962
408273,0.22992206
408280,0.36756498
408286,0.3384491
408347,0.4351981
408349,0.10145339
408350,0.1271841
408351,0.27439314
408352,0.1837027
408355,0.32144055
408356,0.1382226
408357,0.3447296
408384,0.38772738
408385,0.30860245
408386,0.6176047
408387,0.11225938
408388,0.2382877
408389,0.46824348
408390,0.46721178
408391,0.57884365
408392,0.5826319
408393,0.2697141
408398,0.25818208
408399,0.24877183
408400,0.15583976
408405,0.23970959
408406,0.16868868
408437,0.1043939
408459,0.13256627
408460,0.5040871
408463,0.6137006
408467,0.25817624
408468,0.5734009
408471,0.28118315
408477,0.6506904
408478,0.19517526
408479,0.15328231
408481,0.1214458
408482,0.052400872
408483,0.15055232
408484,0.3708171
408485,0.4525418
408486,0.18017216
408489,0.4954688
408490,0.2405157
408504,0.090402886
408506,0.24313757
408508,0.37427822
408514,0.09892659
408515,0.31008825
408516,0.53386223
408517,0.52866095
408518,0.5411987
408523,0.33717814
408524,0.17553386
408525,0.15140021
408526,0.6782983
408531,0.29930967
408579,0.08162335
408580,0.38093862
408581,0.15191342
408599,0.59610206
408615,0.61093724
408616,0.103118435
408617,0.58705944
408619,0.15466245
408622,0.35663605
408624,0.41667894
408625,0.2910841
408626,0.18972431
408627,0.41818988
408651,0.21807024
408658,0.24365945
408659,0.81620157
408660,0.26427737
408661,0.111397274
408662,0.39747643
408688,0.19315358
408689,0.8037079
408690,0.3355156
408695,0.44345623
408696,0.3041475
408701,0.4132737
408702,0.42051342
408705,0.2832608
408728,0.62631327
408742,0.2666399
408759,0.38998875
408766,0.6214701
408768,0.60481995
408774,0.30310106
408775,0.72573847
408780,0.17636839
408790,0.5288821
408791,0.095229164
408792,0.30742553
408794,0.1916455
408797,0.36049536
408808,0.3042052
408830,0.26860422
408857,0.10771918
408863,0.5427545
408874,0.7266427
408880,0.29964763
408885,0.22900598
408890,0.23431662
408898,0.26867613
408902,0.2708665
408903,0.15220538
408905,0.25339746
408908,0.14056261
408911,0.10117258
408921,0.63551813
408932,0.27120057
408933,0.5564385
408935,0.84646255
408960,0.555144
408968,0.1360812
408985,0.19188938
408986,0.34995782
408990,0.39716557
408993,0.43120524
409001,0.468501
409003,0.14655107
409008,0.4709982
409010,0.39749104
409015,0.036308303
409017,0.4677763
409028,0.07701234
409034,0.1946862
409035,0.16776498
409041,0.26478827
409054,0.26006997
409057,0.15041557
409064,0.6025988
409065,0.8744198
409066,0.22952801
409068,0.4636778
409076,0.24477763
409080,0.3239822
409083,0.62232065
409084,0.37059933
409085,0.4254392
409088,0.18997018
409105,0.62236935
409121,0.08359045
409123,0.8682698
409133,0.35305107
409153,0.26543728
409156,0.16825826
409157,0.7469365
409158,0.15459917
409163,0.3638966
409167,0.6475525
409168,0.5787575
409169,0.14892784
409172,0.42333645
409173,0.20261289
409174,0.048722114
409175,0.1189205
409192,0.85727805
409193,0.5168919
409197,0.31500697
409204,0.1350955
409206,0.1829621
409208,0.5774539
409209,0.53398705
409212,0.67976993
409213,0.20689495
409214,0.699196
409217,0.23615082
409218,0.33966017
409220,0.22213231
409221,0.34600496
409227,0.10483723
409228,0.2806339
409229,0.5250205
409230,0.61880726
409259,0.22786908
409261,0.32894254
409269,0.6647775
409277,0.088376805
409278,0.12295947
409285,0.6149751
409286,0.31488606
409287,0.59935606
409293,0.18309958
409297,0.07138613
409298,0.298755
409299,0.3888347
409340,0.33023593
409377,0.64103264
409383,0.06393698
409384,0.123821944
409409,0.245559
409412,0.102865115
409413,0.56785935
409414,0.53466344
409415,0.20607403
409423,0.49856627
409428,0.34105045
409429,0.08813431
409430,0.43426773
409431,0.1407813
409432,0.66159624
409433,0.21934608
409434,0.70188785
409442,0.76290685
409443,0.8301265
409446,0.23580414
409463,0.40147716
409482,0.09533963
409507,0.50171155
409508,0.4855484
409509,0.096308954
409514,0.2775712
409535,0.22443555
409536,0.4261205
409537,0.27164388
409538,0.1694405
409541,0.41428867
409542,0.3155708
409543,0.27666423
409545,0.5086623
409550,0.15529785
409551,0.14957844
409552,0.54619867
409553,0.82251257
409558,0.54404217
409563,0.19562763
409574,0.21319987
409607,0.45492256
409608,0.8152831
409628,0.058085103
409632,0.59251314
409633,0.79045296
409636,0.3842719
409676,0.29082718
409691,0.33747962
409694,0.6760938
409707,0.22460784
409723,0.112868
409741,0.10162165
409743,0.58068824
409747,0.3879699
409773,0.4383975
409777,0.37134743
409778,0.62737674
409804,0.5544249
409805,0.08764334
409812,0.24200177
409817,0.24871996
409836,0.44805196
409846,0.6151946
409850,0.68305147
409852,0.1340013
409861,0.8700209
409864,0.5551643
409871,0.28320402
409891,0.27030903
409896,0.18358321
409917,0.592839
409918,0.2323173
409923,0.5104303
409941,0.11166299
409949,0.47671548
409953,0.08180591
409958,0.17997688
409972,0.4323014
409979,0.6159617
409983,0.5654569
409984,0.5150839
409985,0.07664276
409986,0.5119759
409994,0.55319476
409999,0.22828437
410019,0.54066414
410024,0.2334441
410025,0.17359842
410039,0.24359973
410044,0.565292
410045,0.39758158
410046,0.5560559
410047,0.0780287
410048,0.32857877
410065,0.3995308
410066,0.5880753
410073,0.14289238
410087,0.1072758
410089,0.5580318
410092,0.29492217
410093,0.6881206
410094,0.30495122
410095,0.36031428
410096,0.3678014
410101,0.44959542
410102,0.3939038
410103,0.12043583
410107,0.099267624
410110,0.3973391
410111,0.3668815
410112,0.6568377
410142,0.16651478
410143,0.24940081
410161,0.71518916
410162,0.40942353
410165,0.13998705
410166,0.77202517
410167,0.53496855
410184,0.6900157
410185,0.32377374
410186,0.091790885
410187,0.33087525
410223,0.3040672
410256,0.80817753
410257,0.75671816
410258,0.14167725
410259,0.09906216
410269,0.6981245
410270,0.2146224
410273,0.39103496
410274,0.28344104
410275,0.19284959
410276,0.77210873
410277,0.5818455
410295,0.13006793
410296,0.117895395
410297,0.48636255
410298,0.45474833
410300,0.33707786
410301,0.17658287
410302,0.5390354
410303,0.30286148
410304,0.23637792
410305,0.258296
410306,0.60871446
410307,0.42677304
410308,0.39944345
410309,0.4354991
410316,0.17834018
410317,0.5378807
410358,0.7085662
410359,0.12913877
410360,0.31968275
410368,0.596896
410369,0.51060635
410370,0.26424846
410372,0.2084142
410373,0.123914994
410378,0.73922116
410379,0.2403172
410380,0.6480316
410387,0.83032775
410388,0.82206583
410389,0.17459558
410390,0.24039556
410405,0.09251764
410411,0.12994133
410416,0.18774273
410418,0.41460916
410424,0.60017544
410429,0.57471645
410438,0.28649598
410442,0.2921355
410448,0.07874483
410456,0.2782536
410464,0.3717986
410467,0.55543137
410473,0.5793014
410476,0.115751125
410479,0.50356835
410499,0.551259
410526,0.39435512
410528,0.21380292
410546,0.7246529
410564,0.103435524
410567,0.34345978
410571,0.54474884
410572,0.8213054
410573,0.33199927
410577,0.32744926
410581,0.34610668
410587,0.3947746
410588,0.14850777
410595,0.22326759
410602,0.102960594
410606,0.22740667
410616,0.17982846
410624,0.62990034
410626,0.60527223
410637,0.15201434
410660,0.5202048
410661,0.16753058
410663,0.1839242
410664,0.5762608
410669,0.37216383
410675,0.23986115
410679,0.77780247
410684,0.09932828
410689,0.094549835
410693,0.09874961
410697,0.1910256
410698,0.35021824
410699,0.099957325
410706,0.24515942
410710,0.31014422
410712,0.074954055
410716,0.38912424
410725,0.53429496
410735,0.50631464
410742,0.26065698
410745,0.23378505
410746,0.043857154
410751,0.264135
410753,0.21673481
410759,0.24621181
410761,0.71939385
410770,0.11580492
410778,0.42029226
410784,0.23727462
410786,0.30051497
410789,0.258179
410800,0.28498074
410811,0.20983697
410813,0.25901204
410821,0.76888776
410822,0.30187428
410879,0.3378724
410880,0.36267382
410900,0.33362243
410901,0.6405588
410908,0.3523844
410909,0.03895907
410910,0.30420482
410911,0.8071506
410912,0.45753562
410913,0.26038548
410914,0.66202706
410915,0.21667206
410916,0.100304425
410917,0.35854268
410918,0.14513819
410919,0.10076221
410922,0.49638814
410923,0.45948333
410940,0.2880641
410955,0.6086198
410956,0.83207756
410959,0.6351392
410960,0.69347113
410961,0.69508797
410962,0.25828055
410963,0.61429286
410964,0.29094538
410968,0.31175408
410970,0.113412485
410971,0.39097348
410972,0.54167724
410975,0.3898882
410994,0.52724016
410999,0.75768363
411011,0.7472379
411012,0.32153133
411014,0.66657525
411021,0.12296724
411022,0.7700619
411023,0.58545786
411024,0.51504093
411025,0.2506476
411026,0.66299605
411027,0.60151094
411028,0.08985842
411030,0.6821569
411031,0.4222049
411032,0.24504054
411033,0.4651761
411049,0.2403584
411050,0.1528899
411051,0.4575439
411052,0.43448576
411073,0.43546194
411074,0.19059739
411076,0.22022925
411080,0.15636669
411081,0.26318797
411082,0.10257566
411093,0.47467497
411094,0.40539742
411095,0.3377528
411099,0.087897845
411102,0.38322526
411103,0.633352
411112,0.19008671
411114,0.37067023
411115,0.22494029
411116,0.49691495
411168,0.33737683
411169,0.73727685
411170,0.57056814
411189,0.21353953
411190,0.37473455
411195,0.5368164
411196,0.55047476
411197,0.25392243
411205,0.026973091
411206,0.5203837
411215,0.50728965
411216,0.13897555
411217,0.25585276
411218,0.5809788
411222,0.11971213
411238,0.11641048
411239,0.22521095
411240,0.43428358
411248,0.12248493
411274,0.3659419
411275,0.35173258
411293,0.117318675
411299,0.39007095
411300,0.049086563
411301,0.33466977
411302,0.38271934
411305,0.6664846
411309,0.40381742
411334,0.30335057
411343,0.46690658
411349,0.15387167
411360,0.3609334
411363,0.12304856
411364,0.12991776
411384,0.36880532
411402,0.5448506
411424,0.3179041
411425,0.5875466
411430,0.6016333
411432,0.35873446
411434,0.79907095
411447,0.22007068
411450,0.07766946
411452,0.62404865
411463,0.4378483
411467,0.4592255
411474,0.2876016
411478,0.09882003
411480,0.3525332
411481,0.5725959
411502,0.426047
411509,0.3101453
411511,0.7066652
411515,0.28520262
411516,0.4978945
411532,0.16150174
411565,0.10511411
411570,0.43974927
411600,0.50532633
411608,0.29769903
411613,0.16931263
411614,0.13242666
411620,0.5263662
411634,0.13001493
411639,0.14332592
411645,0.60524833
411648,0.046184685
411660,0.39918357
411668,0.06969846
411672,0.67111385
411673,0.10520151
411674,0.6450785
411675,0.10367988
411676,0.078950174
411677,0.5824472
411715,0.20292893
411718,0.13677412
411719,0.3683961
411720,0.3910752
411730,0.17667025
411731,0.18605845
411740,0.28629526
411746,0.31261894
411748,0.23549096
411749,0.124100424
411752,0.27647611
411753,0.088289246
411754,0.12887865
411755,0.06742688
411767,0.15034036
411768,0.6036668
411819,0.44830635
411826,0.63255644
411827,0.28688785
411841,0.12191243
411842,0.84758294
411843,0.46103826
411844,0.4330821
411845,0.35867807
411846,0.44969246
411850,0.700183
411852,0.57633543
411853,0.46189484
411854,0.20350301
411855,0.32105196
411856,0.49428207
411860,0.45287699
411883,0.12427895
411938,0.32896256
411939,0.420707
411940,0.31969732
411957,0.75207525
411958,0.50451773
411959,0.4529544
411963,0.14857216
411969,0.2570384
411970,0.30641106
411971,0.10923778
411972,0.4372903
411973,0.28064254
411974,0.16732131
411975,0.20282087
411977,0.34883028
411978,0.8504411
411979,0.77025676
412004,0.2648996
412008,0.10826698
412009,0.47672784
412010,0.15668836
412030,0.4531541
412031,0.36443985
412032,0.20613877
412036,0.16366473
412038,0.22806387
412047,0.17076582
412049,0.8546383
412082,0.27103984
412092,0.618875
412098,0.5968138
412101,0.6072562
412108,0.82973206
412111,0.3177001
412119,0.46015242
412128,0.10612676
412139,0.61516476
412152,0.5571495
412154,0.14910994
412178,0.7239928
412180,0.42616335
412193,0.2863057
412199,0.3292778
412204,0.32541895
412206,0.20209853
412207,0.12148366
412211,0.31229046
412220,0.04976694
412221,0.2555524
412229,0.58363056
412234,0.1678173
412235,0.23946986
412236,0.5715233
412251,0.4939234
412262,0.59154415
412270,0.6971907
412280,0.33707306
412289,0.6542086
412305,0.17683926
412310,0.35853544
412345,0.33788443
412348,0.44633174
412361,0.44566622
412367,0.55930996
412368,0.16161363
412370,0.7332798
412372,0.6354226
412377,0.51487964
412380,0.28269306
412382,0.05350803
412391,0.25274754
412393,0.09888933
412411,0.70489484
412412,0.27231666
412415,0.6535516
412416,0.68296504
412422,0.7369816
412428,0.5271055
412430,0.24685867
412436,0.44397822
412447,0.27348083
412451,0.077953026
412456,0.12459021
412470,0.6645298
412472,0.20232727
412478,0.043993976
412487,0.45815364
412490,0.72631985
412494,0.48395595
412516,0.36284795
412519,0.40669763
412525,0.5083111
412527,0.5161132
412528,0.34539273
412551,0.78055185
412552,0.23763138
412557,0.2582744
412558,0.294924
412559,0.6012034
412561,0.14311509
412563,0.13491522
412564,0.16339113
412565,0.45348072
412593,0.36181146
412598,0.87380314
412602,0.3889939
412610,0.4108725
412611,0.59596986
412612,0.13801554
412613,0.54838806
412621,0.36077967
412622,0.11708399
412623,0.5216114
412624,0.68162066
412637,0.36204082
412638,0.716103
412639,0.6606046
412640,0.0854248
412641,0.21000497
412642,0.37139717
412643,0.54494137
412644,0.40334672
412651,0.44941786
412667,0.29759234
412669,0.7901874
412686,0.74416906
412712,0.047391355
412713,0.5245197
412714,0.17718302
412715,0.05048445
412720,0.46063176
412728,0.2564407
412738,0.30919582
412739,0.18837553
412740,0.456273
412741,0.537733
412753,0.15377384
412754,0.27736762
412762,0.2873737
412764,0.35763207
412765,0.40556207
412775,0.2166799
412776,0.4369489
412777,0.19397905
412778,0.8279709
412800,0.061828602
412801,0.29232913
412802,0.56944585
412829,0.4799118
412854,0.54294115
412855,0.20478892
412861,0.35046384
412862,0.1842198
412863,0.28764278
412883,0.31954232
412884,0.24718037
412886,0.770655
412898,0.4520483
412899,0.09380879
412900,0.1377617
412922,0.6095806
412941,0.53197765
412959,0.29160154
412967,0.56599265
412980,0.6355358
412997,0.17191371
413016,0.30741245
413017,0.6015945
413027,0.2615396
413034,0.6917528
413038,0.7287862
413054,0.39329883
413059,0.29691416
413065,0.29105487
413073,0.4196447
413075,0.9005413
413081,0.34712538
413089,0.7320445
413091,0.7123489
413094,0.3680291
413104,0.37620634
413107,0.7646196
413110,0.5454189
413113,0.8115765
413117,0.47925833
413124,0.131786
413126,0.4325199
413137,0.39885107
413145,0.38056183
413146,0.08998427
413147,0.5014165
413150,0.056595076
413159,0.69581383
413160,0.44055778
413172,0.6400426
413179,0.29945967
413181,0.12358799
413185,0.33887255
413188,0.5649025
413197,0.1715697
413208,0.8281392
413215,0.3108329
413216,0.4612795
413219,0.12875919
413232,0.27358466
413237,0.5437917
413243,0.78107697
413249,0.30218965
413262,0.39992106
413263,0.7154265
413271,0.5843188
413274,0.36206523
413280,0.40143275
413296,0.7194246
413299,0.5842956
413303,0.27051666
413320,0.42254314
413324,0.39210925
413325,0.55860823
413335,0.26661012
413341,0.72046083
413342,0.2611819
413351,0.6190291
413352,0.21262513
413359,0.23318073
413373,0.55108136
413374,0.56001294
413375,0.14281316
413376,0.16468224
413377,0.41721964
413383,0.35723406
413384,0.6007885
413392,0.33528247
413393,0.63771164
413395,0.36114034
413424,0.50404304
413425,0.23189247
413457,0.09469624
413458,0.30419844
413459,0.5670697
413460,0.120629
413465,0.33410478
413466,0.5519108
413467,0.17541282
413468,0.2890399
413475,0.54473263
413476,0.56031185
413477,0.8198199
413478,0.21158843
413479,0.08909407
413489,0.7303503
413491,0.50600606
413492,0.67934954
413493,0.55574214
413494,0.6671363
413495,0.58340263
413498,0.26477596
413499,0.53250676
413545,0.55011314
413549,0.20336682
413550,0.34741077
413551,0.27263507
413552,0.7446161
413553,0.4338307
413554,0.27111843
413558,0.53102
413559,0.6960399
413562,0.38114375
413563,0.44020346
413564,0.11436826
413592,0.32269692
413593,0.14532422
413594,0.24101117
413595,0.13192287
413596,0.6822265
413597,0.21902508
413604,0.09177135
413605,0.5513835
413606,0.12953132
413607,0.214002
413616,0.8686287
413617,0.47503895
413618,0.3167214
413625,0.5181512
413626,0.61536884
413627,0.54845774
413628,0.4263713
413629,0.19943787
413630,0.420588
413631,0.13162054
413632,0.2218041
413633,0.62781227
413634,0.5176794
413635,0.70756674
413636,0.47322217
413644,0.13232075
413645,0.078498274
413646,0.15128365
413683,0.18351363
413685,0.26026314
413686,0.5902971
413690,0.14180796
413691,0.07577788
413692,0.24409023
413693,0.54099333
413694,0.66076285
413695,0.088722825
413696,0.5438476
413702,0.14737946
413707,0.33403817
413708,0.6718184
413709,0.48694956
413730,0.21194895
413731,0.5832153
413732,0.098153755
413733,0.10630558
413734,0.47237855
413736,0.31912747
413748,0.21657367
413749,0.5565345
413751,0.75643617
413752,0.78216887
413754,0.29968
413755,0.7558323
413756,0.59599996
413757,0.35104412
413758,0.34135437
413759,0.31051517
413760,0.48802608
413764,0.08208981
413765,0.23505709
413766,0.49560452
413767,0.6412551
413768,0.5230052
413769,0.4661155
413770,0.18685141
413776,0.20951904
413777,0.14260028
413778,0.22497614
413797,0.30215794
413824,0.2552984
413828,0.6301557
413831,0.5944607
413834,0.15025732
413841,0.19768403
413848,0.15443099
413850,0.3500566
413851,0.729241
413857,0.05901891
413860,0.07532058
413867,0.28704786
413868,0.6779331
413871,0.41154224
413878,0.2714768
413882,0.16505902
413885,0.12350241
413886,0.6538225
413892,0.4331824
413896,0.88313735
413897,0.4908147
413917,0.60665727
413921,0.22279091
413934,0.7907996
413941,0.13538814
413953,0.06953983
413958,0.745391
413967,0.5510482
413971,0.22725393
413975,0.29350537
413978,0.3728625
413983,0.70648533
413984,0.09896157
413989,0.41846675
413992,0.069337815
414001,0.4851786
414002,0.098027706
414003,0.5026648
414007,0.76245075
414008,0.48370436
414016,0.7562472
414022,0.17279701
414026,0.6367161
414041,0.4518519
414042,0.83294445
414045,0.39883852
414047,0.6821575
414050,0.89247805
414061,0.13744517
414068,0.4425508
414076,0.45335937
414093,0.35415304
414102,0.11981824
414109,0.2849997
414117,0.34445035
414144,0.18013594
414149,0.086463615
414160,0.148619
414166,0.8697811
414171,0.70902383
414172,0.58980757
414183,0.2553176
414186,0.19505921
414192,0.1560197
414194,0.6737486
414203,0.8758746
414206,0.11775383
414207,0.08474014
414229,0.41115993
414231,0.5043615
414248,0.1587654
414251,0.20277634
414252,0.28999522
414253,0.8466835
414254,0.5500876
414255,0.7309197
414262,0.40690425
414265,0.70121264
414266,0.50104463
414267,0.21098898
414269,0.41150367
414270,0.48840523
414271,0.2281994
414272,0.40195638
414273,0.37673056
414275,0.16008158
414323,0.8658776
414324,0.2722911
414328,0.24729875
414329,0.41472605
414333,0.27858445
414341,0.121136546
414357,0.2820446
414358,0.1464407
414359,0.36583278
414362,0.64660746
414363,0.30972362
414368,0.08226065
414372,0.29561168
414375,0.19051114
414376,0.09123671
414382,0.4354396
414383,0.6245543
414480,0.20172825
414481,0.5874626
414484,0.8091391
414485,0.23997623
414486,0.20332892
414487,0.3273814
414488,0.5989669
414489,0.33967745
414492,0.08269483
414493,0.6599421
414497,0.1325354
414501,0.3567845
414543,0.70819354
414544,0.5306448
414559,0.20176587
414560,0.35261264
414561,0.120225936
414573,0.5659828
414574,0.27969307
414575,0.58438545
414577,0.36215633
414584,0.8990193
414585,0.30414686
414586,0.5953496
414590,0.056731142
414591,0.36807477
414593,0.7707699
414597,0.19283965
414598,0.6693419
414621,0.43876696
414635,0.43169796
414639,0.25113103
414640,0.1453886
414648,0.33625057
414656,0.16051713
414659,0.5728678
414660,0.17804836
414663,0.28101063
414683,0.34141394
414691,0.48525932
414700,0.6799879
414705,0.12324018
414708,0.34272963
414711,0.32727608
414712,0.40576228
414716,0.325585
414720,0.13297099
414733,0.05462473
414740,0.19931616
414748,0.45696843
414767,0.8030187
414771,0.5661705
414779,0.40328255
414785,0.55490243
414787,0.3943095
414793,0.15689957
414816,0.47824714
414830,0.57980984
414831,0.6984271
414859,0.37108195
414864,0.22534738
414867,0.22560377
414871,0.10800743
414879,0.28954268
414892,0.66455895
414895,0.33880702
414911,0.67554444
414915,0.36246866
414922,0.485374
414939,0.111177556
414945,0.29229715
414960,0.22214003
414969,0.089892864
414973,0.1573673
414979,0.41085175
414985,0.2738397
414992,0.06280333
414996,0.3944191
415000,0.17082256
415001,0.5834047
415005,0.12197955
415024,0.48165292
415038,0.19806802
415041,0.69118387
415049,0.45941523
415055,0.31920293
415061,0.38834572
415064,0.58301276
415069,0.2633007
415070,0.3635183
415071,0.06990415
415072,0.3036162
415074,0.21595474
415078,0.60972035
415079,0.2634473
415080,0.5916902
415081,0.7208309
415082,0.7000702
415085,0.3253685
415086,0.3581697
415089,0.61051756
415090,0.28077155
415091,0.4587073
415092,0.31271017
415095,0.30979303
415100,0.5529032
415101,0.125666
415102,0.6838079
415103,0.23694322
415104,0.30324984
415106,0.25504956
415107,0.23467715
415108,0.7876486
415109,0.8188077
415110,0.48816565
415111,0.04839659
415113,0.20424534
415114,0.21953334
415115,0.40504766
415116,0.36244035
415117,0.10452965
415118,0.5827977
415119,0.8636632
415120,0.17183375
415121,0.4639611
415122,0.69687706
415123,0.13074452
415124,0.8294731
415126,0.7205736
415152,0.13158305
415205,0.42389348
415209,0.3580845
415326,0.41431004
415409,0.42456028
415414,0.15585433
415430,0.4997281
415466,0.45834178
415467,0.61924165
415473,0.42093435
415474,0.06228756
415479,0.15392742
415480,0.2673301
415486,0.0946274
415488,0.4417728
415489,0.48082116
415490,0.24039151
415493,0.3554977
415494,0.44779608
415497,0.18739496
415498,0.3904993
415499,0.18570605
415505,0.22225453
415506,0.3338702
415509,0.14994606
415511,0.41220793
415514,0.33985713
415517,0.29484507
415519,0.6616322
415521,0.8031288
415522,0.064887196
415523,0.29042202
415525,0.28099555
415527,0.38745645
415529,0.27387
415531,0.3140759
415533,0.33051217
415534,0.29535177
415536,0.11431305
415537,0.74867046
415539,0.4359735
415540,0.18024117
415541,0.7687987
415542,0.3019219
415543,0.30436087
415544,0.3536599
415545,0.42528543
415546,0.6490523
415547,0.22794239
415548,0.14718191
415549,0.4659731
415550,0.48015645
415652,0.1277549
415654,0.13311113
415686,0.5283147
415687,0.44609994
415695,0.33490065
415698,0.6548464
415701,0.6724022
415705,0.63707495
415707,0.35150737
415709,0.2818956
415712,0.29896304
415718,0.35717702
415724,0.18129818
415729,0.5963389
415730,0.820339
415731,0.43863568
415733,0.1585776
415736,0.17976233
415737,0.050061386
415738,0.7296674
415741,0.118284725
415742,0.67277914
415743,0.5470621
415744,0.366124
415745,0.116758645
415746,0.32767457
415747,0.7117963
415749,0.3804646
415750,0.25457954
415751,0.6651604
415752,0.15560566
415753,0.61770517
415754,0.21920699
415755,0.36205533
415756,0.67746985
415757,0.6131728
415850,0.77698886
415874,0.29670542
415930,0.41835013
415962,0.7427855
415994,0.75032234
415995,0.33854046
416088,0.5458118
416129,0.8388133
416228,0.25750387
416229,0.34155148
416239,0.67738867
416243,0.4798063
416245,0.5278705
416253,0.3875448
416263,0.21409202
416264,0.5368147
416265,0.53767467
416269,0.85770595
416272,0.16321513
416273,0.30958208
416274,0.5352421
416275,0.28577092
416276,0.40744752
416277,0.5906137
416278,0.4741455
416280,0.40165782
416283,0.27743718
416287,0.36888677
416288,0.43958336
416291,0.35340062
416292,0.25517842
416294,0.6116846
416295,0.823687
416296,0.19118412
416300,0.3355225
416301,0.3920767
416302,0.30164346
416303,0.54145324
416305,0.27632976
416306,0.50681525
416307,0.5304285
416309,0.27377963
416310,0.9015951
416311,0.32720757
416312,0.2722389
416313,0.8454263
416314,0.17131907
416315,0.57081217
416316,0.5527918
416426,0.22136451
416435,0.17734194
416444,0.28179407
416477,0.6870021
416484,0.2825842
416488,0.583856
416502,0.3688274
416542,0.5240731
416582,0.24896081
416647,0.2875017
416658,0.31097263
416659,0.10472175
416675,0.13435093
416676,0.7705204
416696,0.88541466
416721,0.24014519
416729,0.18140028
416743,0.5188526
416744,0.39564374
416761,0.29316792
416793,0.7297704
416826,0.08217819
416848,0.23940994
416850,0.33476937
416860,0.74887604
416861,0.77374536
416862,0.38133264
416865,0.4120144
416870,0.3652646
416871,0.6390822
416872,0.20526057
416874,0.7394217
416877,0.13247521
416879,0.11034053
416881,0.17190397
416882,0.38633272
416883,0.17302851
416884,0.32103857
416885,0.33511212
416886,0.4906312
416887,0.3484775
416888,0.39383796
416890,0.3819268
416893,0.44062695
416894,0.36364326
416895,0.52467537
416896,0.17693472
416897,0.28826097
416899,0.4957471
416900,0.10474288
416901,0.13113251
416902,0.03168457
416903,0.22513424
417043,0.18897709
417159,0.15276682
417182,0.2690408
417183,0.42719066
417187,0.2232478
417209,0.3902909
417226,0.8224134
417228,0.7327547
417232,0.054932997
417234,0.27037415
417241,0.35410568
417245,0.23936276
417246,0.4753387
417247,0.46482483
417250,0.67888343
417251,0.30889148
417253,0.04725754
417254,0.36053887
417255,0.48891068
417256,0.5947725
417257,0.3679123
417258,0.36287957
417259,0.13934423
417260,0.8308374
417261,0.22381985
417263,0.53226405
417264,0.23352388
417265,0.39297545
417266,0.5432748
417267,0.23905924
417268,0.13441376
417338,0.26138225
417342,0.451211
417349,0.29890612
417382,0.45293343
417388,0.5158881
417389,0.5112164
417393,0.5768338
417395,0.58222574
417397,0.1899186
417398,0.03527005
417401,0.40128317
417403,0.61153245
417406,0.471384
417407,0.7539166
417408,0.6677291
417409,0.18508372
417411,0.15486397
417412,0.47553194
417414,0.47631353
417416,0.35619727
417417,0.39360082
417420,0.44530785
417421,0.5266659
417422,0.78694826
417423,0.23584227
417426,0.13732812
417427,0.46834752
417428,0.27173042
417429,0.21666239
417430,0.6193606
417431,0.15883939
417432,0.22891364
417433,0.43820146
417435,0.46314478
417436,0.1546416
417438,0.23708351
417439,0.30486995
417440,0.5369328
417441,0.32786572
417442,0.6189605
417443,0.6772025
417444,0.59586006
417445,0.7196973
417446,0.46555197
417447,0.52080387
417448,0.44517463
417449,0.3823302
417450,0.35246283
417451,0.72595614
417452,0.29996005
417453,0.4365788
417454,0.19597839
417455,0.7550347
417456,0.20500779
417457,0.2348537
417513,0.10446589
417544,0.9139129
417555,0.68767387
417567,0.31498083
417612,0.14334288
417625,0.49024627
417626,0.1306984
417627,0.5723642
417648,0.4487409
417735,0.42630422
417736,0.7366183
417749,0.4311606
417778,0.09078163
417863,0.27758887
417893,0.12630686
417895,0.29183033
417903,0.19836965
417910,0.2771863
417915,0.5977949
417925,0.29688263
417927,0.110851645
417940,0.763451
417949,0.24644126
417950,0.15490755
417952,0.29055262
417956,0.28446788
417969,0.49388233
417970,0.043436307
417974,0.5014786
417975,0.17387596
417976,0.24533345
417980,0.2307851
417982,0.61648875
417983,0.1359873
417987,0.23186283
417988,0.53261524
417989,0.1589831
417990,0.87152624
417993,0.6114375
417994,0.29386756
417995,0.06605584
417996,0.37026778
417997,0.094931245
417998,0.7471808
417999,0.41566408
418000,0.47223687
418001,0.62761813
418002,0.31187272
418003,0.6138296
418004,0.41503328
418005,0.62646693
418006,0.24812658
418009,0.7561797
418011,0.5460142
418012,0.17398429
418013,0.3026228
418014,0.8401341
418015,0.6913987
418029,0.5839792
418030,0.3407446
418132,0.43790206
418217,0.41354296
418222,0.29051825
418237,0.33659178
418272,0.63081306
418343,0.67941654
418344,0.5644695
418345,0.76496947
418386,0.3695958
418387,0.35431725
418402,0.10184646
418436,0.07991541
418456,0.41178244
418458,0.4625623
418460,0.53873324
418487,0.32549116
418514,0.2739252
418519,0.11742146
418532,0.16930875
418539,0.30653697
418549,0.36639437
418555,0.31860453
418556,0.8302478
418558,0.6571536
418559,0.2589954
418562,0.07797757
418568,0.86643
418576,0.2888726
418578,0.63164145
418580,0.5161726
418581,0.68173325
418582,0.052808132
418584,0.32096055
418585,0.24949966
418587,0.33997476
418591,0.16013779
418592,0.27142566
418593,0.32354861
418595,0.20824218
418596,0.6129048
418597,0.18154523
418598,0.3661199
418599,0.15694113
418600,0.23722848
418601,0.4237915
418602,0.77359277
418603,0.8462585
418604,0.1637641
418606,0.6906842
418607,0.12601025
418608,0.30479273
418609,0.39102432
418610,0.38446853
418611,0.5242707
418612,0.39750597
418613,0.32532784
418614,0.5397006
418615,0.11284509
418616,0.19942924
418618,0.6273762
418651,0.28608543
418652,0.24502686
418653,0.51225066
418658,0.5518854
418692,0.75721854
418749,0.734339
418820,0.5250133
418843,0.36756402
418863,0.35630032
418915,0.22159804
418938,0.6063728
418957,0.42058942
419024,0.69215685
419061,0.1149711
419063,0.5040292
419076,0.40500197
419093,0.05176192
419131,0.5987591
419132,0.063069366
419138,0.33447602
419139,0.4692896
419141,0.22626309
419142,0.23305027
419143,0.2104223
419145,0.16877186
419149,0.14840493
419151,0.14744239
419152,0.18723804
419153,0.43447128
419154,0.48830068
419155,0.59672177
419156,0.39080358
419157,0.07685623
419158,0.90099233
419159,0.74651176
419162,0.19373706
419163,0.46237582
419165,0.6967709
419168,0.6941989
419169,0.2127335
419170,0.64917785
419171,0.7943991
419172,0.6429946
419173,0.18955614
419174,0.38894743
419175,0.09059979
419176,0.70510054
419177,0.6689437
419178,0.54439193
419270,0.72069865
419305,0.6392013
419330,0.296512
419485,0.30127552
419491,0.37334383
419499,0.46126106
419513,0.6113988
419514,0.3948511
419535,0.22699733
419538,0.2457542
419582,0.8196973
419601,0.058593407
419611,0.46714154
419644,0.691938
419648,0.4888988
419649,0.3418864
419656,0.40040952
419671,0.14543717
419677,0.58842605
419685,0.56634057
419688,0.664139
419689,0.5327812
419690,0.18142836
419691,0.49342906
419698,0.7809626
419699,0.11329624
419701,0.7527966
419703,0.7582274
419704,0.4126821
419705,0.694229
419746,0.82027775
419750,0.032452498
419767,0.22500265
419775,0.43937042
419783,0.5569657
419787,0.62811387
419788,0.52591777
419790,0.18420613
419791,0.18993102
419792,0.17483453
419794,0.6660758
419795,0.74154806
419797,0.55464417
419798,0.34699568
419799,0.2404897
419804,0.7023917
419805,0.6424518
419806,0.30072173
419808,0.1025518
419810,0.4660355
419811,0.22483943
419812,0.86297756
419815,0.7173646
419816,0.37149286
419817,0.26452124
419818,0.57434464
419820,0.24130686
419821,0.37732738
419824,0.66242886
419825,0.62226075
419826,0.382473
419827,0.024878621
419828,0.100870796
419829,0.24620408
419830,0.87567085
419831,0.41283786
419832,0.39328882
419833,0.5131625
419834,0.28863356
419835,0.11403996
419836,0.31520247
419837,0.57672244
419838,0.13692287
419839,0.57956344
419840,0.4506281
419841,0.6224632
419842,0.8099318
419843,0.5317013
419913,0.7534953
419916,0.50508
419955,0.15599295
419956,0.3804115
419992,0.11945372
420150,0.40910205
420160,0.5527351
420190,0.2518574
420195,0.36847568
420204,0.592291
420207,0.50473756
420210,0.31144893
420214,0.54315436
420218,0.11134936
420219,0.36274415
420220,0.49720493
420242,0.20779404
420249,0.117603414
420254,0.21373352
420255,0.09331853
420258,0.7183879
420260,0.065414965
420263,0.66113293
420265,0.12624788
420271,0.3326243
420273,0.32136893
420274,0.41243044
420275,0.1934736
420277,0.11018925
420278,0.5027332
420279,0.26492772
420280,0.42004433
420281,0.33413103
420283,0.6111631
420284,0.29808584
420285,0.18383618
420286,0.23710033
420287,0.3871759
420288,0.062152628
420290,0.19480594
420291,0.17960633
420293,0.33424297
420294,0.12985826
420295,0.38871232
420296,0.1974192
420297,0.69368494
420298,0.17529207
420299,0.6748556
420300,0.31130365
420344,0.18145563
420345,0.7753126
420347,0.14975995
420348,0.5649386
420349,0.4722204
420350,0.1311773
420351,0.20802435
420352,0.14888433
420353,0.15891404
420354,0.5889601
420355,0.35522068
420356,0.55844104
420357,0.15911786
420358,0.5358833
420359,0.26590058
420360,0.18429938
420361,0.07302698
420362,0.15755473
420363,0.6596927
420364,0.69372666
420365,0.26087978
420366,0.56356305
420383,0.24532369
420436,0.757002
420446,0.35041526
420554,0.5812411
420565,0.40823567
420569,0.25843948
420573,0.22333655
420574,0.42904472
420587,0.53311926
420589,0.69382596
420593,0.28235376
420594,0.3069938
420595,0.49898884
420598,0.13744032
420601,0.4169925
420602,0.625589
420603,0.30159852
420607,0.13527088
420611,0.1495421
420613,0.3681719
420614,0.47216573
420615,0.5115603
420616,0.2214236
420617,0.6142405
420618,0.12707263
420619,0.41217563
420620,0.26730135
420621,0.6175768
420622,0.2549532
420623,0.6685971
420624,0.14286979
420625,0.295611
420626,0.63041854
420627,0.7812433
420628,0.2668389
420629,0.05968595
420631,0.26133576
420633,0.33695653
420634,0.14610195
420635,0.36567074
420636,0.23147269
420637,0.37794477
420662,0.101100065
420727,0.2346102
420728,0.58796215
420733,0.7710628
420787,0.23031625
420789,0.24857451
420792,0.44263056
420797,0.7151805
420814,0.19592072
420833,0.8495365
420839,0.28344184
420841,0.44374338
420843,0.36796936
420844,0.5094049
420847,0.7210332
420849,0.14575523
420851,0.42158216
420853,0.3054078
420854,0.49830607
420855,0.4589859
420856,0.19984004
420857,0.5158936
420858,0.089722216
420859,0.23410323
420860,0.927564
420861,0.7654549
420862,0.38879454
420863,0.47889948
420864,0.6290717
420866,0.77494377
420867,0.19693199
420868,0.15219821
420869,0.4067498
420870,0.10308307
420871,0.38652378
420872,0.5212347
420873,0.19870274
420874,0.65559244
420875,0.5472192
420876,0.27382776
420878,0.19445445
420879,0.40156147
420880,0.1436595
420881,0.42678097
420882,0.25682998
420883,0.74770284
420884,0.8032238
420885,0.21599032
420886,0.32255107
420887,0.41949183
420888,0.3108319
420905,0.28294858
421015,0.2235739
421200,0.8200837
421269,0.53025264
421272,0.23199898
421290,0.74101555
421323,0.7895711
421342,0.11548691
421349,0.4891029
421355,0.3221758
421356,0.2903808
421363,0.70617026
421365,0.7491976
421381,0.5390185
421383,0.18661273
421386,0.84041774
421394,0.0328335
421395,0.6262819
421399,0.44976988
421431,0.7641397
421467,0.50612515
421554,0.4541037
421557,0.5132133
421558,0.49863455
421562,0.17694715
421614,0.80602235
421690,0.06404536
421758,0.7505924
421776,0.5824695
421827,0.6205576
421828,0.5204779
421829,0.4599215
421848,0.2486864
421862,0.3381408
421863,0.11207654
421868,0.034761757
421884,0.2877589
421921,0.60972667
421924,0.57053006
421958,0.67308694
421961,0.16796611
421964,0.08390085
421968,0.34794444
421974,0.6080532
421975,0.05959094
421977,0.6198326
421978,0.82239395
421979,0.08170855
421980,0.27792373
421982,0.27073196
421985,0.5552349
421986,0.4987563
421987,0.25945002
421988,0.21930937
421989,0.4369582
421990,0.47342953
421991,0.10275328
421993,0.20991023
421994,0.49970526
421996,0.8813282
421997,0.08983945
421998,0.4172633
421999,0.5726538
422000,0.6033639
422001,0.33182564
422002,0.5380441
422004,0.66264045
422005,0.7815922
422007,0.49064806
422008,0.4393374
422010,0.30213532
422011,0.122756645
422012,0.3833569
422014,0.56224245
422015,0.62574226
422016,0.39432928
422017,0.08335437
422018,0.13770388
422019,0.68682253
422039,0.066711776
422041,0.17144138
422042,0.31232718
422043,0.38804322
422044,0.31956145
422045,0.42820895
422047,0.70299184
422048,0.19509073
422049,0.27306738
422050,0.5115224
422051,0.46297026
422053,0.4197526
422054,0.503397
422055,0.3168307
422056,0.28997818
422057,0.52336276
422058,0.5910963
422059,0.34081882
422060,0.1338202
422063,0.7338198
422064,0.07286388
422065,0.37374046
422066,0.37371358
422067,0.24042293
422068,0.1390732
422069,0.2812733
422070,0.4481842
422071,0.14525603
422072,0.18731008
422074,0.5553246
422152,0.064704634
422210,0.39989504
422227,0.6474314
422308,0.3279712
422339,0.3076594
422368,0.43797642
422391,0.22075889
422407,0.100371934
422485,0.14658004
422491,0.45232448
422506,0.6474052
422508,0.6377486
422512,0.24864267
422513,0.4678889
422514,0.29896834
422518,0.20656797
422519,0.14644161
422523,0.26904005
422524,0.39053836
422525,0.18573843
422526,0.1942767
422527,0.48961815
422531,0.8214124
422533,0.059811372
422534,0.30071247
422536,0.3860966
422537,0.37732622
422538,0.61683273
422540,0.57929724
422541,0.877684
422543,0.5295176
422544,0.6525175
422545,0.30145225
422546,0.3560607
422547,0.776745
422548,0.41198057
422549,0.54725534
422550,0.24999422
422551,0.3115986
422552,0.12433308
422553,0.2587386
422554,0.57192975
422555,0.7546823
422556,0.12016094
422639,0.035596654
422667,0.6682093
422734,0.53944224
422748,0.5280328
422749,0.36239532
422796,0.30260354
422810,0.083542205
422839,0.20079075
422850,0.7632916
422891,0.47891206
422940,0.7158087
422962,0.08844066
422964,0.47424078
423009,0.5468161
423022,0.1465162
423041,0.6388003
423046,0.64559966
423052,0.55080533
423055,0.12250292
423061,0.80947936
423075,0.11562593
423076,0.37684414
423077,0.5393074
423081,0.7987993
423083,0.5932413
423087,0.556173
423089,0.11369236
423091,0.14086007
423098,0.6734618
423105,0.31758624
423106,0.51180476
423107,0.46706244
423114,0.69572663
423116,0.25517204
423120,0.47909167
423121,0.55576706
423125,0.26043487
423132,0.14399627
423133,0.37495643
423134,0.8094126
423135,0.41663718
423137,0.31932038
423138,0.09305146
423139,0.38818666
423140,0.35166964
423141,0.5855197
423143,0.3798119
423144,0.28579053
423145,0.19526002
423146,0.42396334
423147,0.39309227
423148,0.32730147
423149,0.10144122
423150,0.46707505
423151,0.21090396
423152,0.07568984
423153,0.65941113
423154,0.08786648
423155,0.3314351
423156,0.21416469
423157,0.25441137
423158,0.43612626
423159,0.5134351
423228,0.5049044
423237,0.5686969
423386,0.58058953
423416,0.8537
423417,0.740146
423489,0.5222413
423503,0.71954554
423522,0.38793036
423571,0.35406318
423574,0.14316311
423580,0.13866259
423621,0.8034926
423622,0.7673866
423624,0.30699044
423629,0.14087011
423631,0.3695728
423648,0.15860671
423651,0.39418757
423652,0.34040493
423658,0.7940398
423663,0.136413
423664,0.16005674
423665,0.6109661
423668,0.4548562
423670,0.19447671
423671,0.43339872
423672,0.23561102
423679,0.1003939
423681,0.55824953
423687,0.43756685
423688,0.2802543
423690,0.14848848
423691,0.39104822
423693,0.2844559
423696,0.6476624
423698,0.630523
423699,0.5672251
423700,0.28557196
423701,0.34576938
423702,0.71832055
423703,0.25146008
423704,0.20158608
423706,0.36384413
423707,0.31850877
423708,0.059917863
423709,0.64203495
423710,0.6989087
423711,0.205801
423712,0.566815
423713,0.37738463
423714,0.89565545
423715,0.15043339
423717,0.53802866
423718,0.27825525
423719,0.6806035
423720,0.20902066
423721,0.34067568
423722,0.23345573
423723,0.61173385
423724,0.28381395
423726,0.06471095
423730,0.11800066
423734,0.16316102
423735,0.34322494
423736,0.5143803
423737,0.07150469
423738,0.4275594
423739,0.5449302
423740,0.2891495
423741,0.089494325
423742,0.48069718
423743,0.505876
423746,0.14048122
423747,0.16073497
423748,0.5499846
423749,0.13643278
423750,0.6703178
423751,0.35936123
423752,0.2840534
423753,0.59756863
423754,0.29907155
423755,0.23523405
423756,0.53284353
423800,0.32811776
423894,0.11331996
423938,0.7626402
423939,0.34986112
423940,0.3030683
423947,0.40294206
423957,0.7636405
423959,0.39112476
423966,0.8717066
423968,0.36420992
423972,0.39671385
423978,0.7114652
423979,0.19252926
423982,0.668043
423983,0.5746037
423986,0.35274518
423990,0.18014608
423993,0.05318558
423994,0.1723372
423996,0.16967261
423998,0.40249246
423999,0.5939894
424000,0.19012566
424001,0.33230186
424002,0.16639395
424003,0.71764004
424004,0.5352683
424005,0.34076756
424006,0.47675082
424007,0.3473445
424008,0.5576651
424009,0.44544396
424010,0.56770563
424011,0.5096373
424012,0.101169914
424013,0.33764207
424014,0.44340393
424015,0.2415439
424016,0.52908105
424161,0.5817837
424189,0.68419224
424192,0.3450659
424198,0.2634689
424202,0.13328703
424203,0.07915157
424207,0.51417786
424208,0.39669943
424211,0.13921621
424214,0.39134544
424215,0.26716742
424216,0.24425188
424220,0.49168718
424222,0.43965846
424223,0.1680017
424232,0.36980093
424234,0.13442034
424235,0.10786582
424236,0.23823205
424241,0.30595472
424244,0.36273035
424245,0.62183917
424246,0.23663178
424248,0.6569902
424249,0.55626935
424251,0.41963258
424252,0.27839142
424253,0.31329143
424254,0.34682938
424255,0.18528488
424256,0.5936795
424257,0.19697544
424258,0.6341534
424259,0.48745227
424260,0.17510591
424261,0.3273662
424262,0.1175027
424264,0.35489607
424265,0.62117296
424266,0.84433
424267,0.18468383
424268,0.097301945
424270,0.60771817
424271,0.6951645
424272,0.056802925
424273,0.4137236
424274,0.44444525
424275,0.34450927
424320,0.4006016
424354,0.40226758
424359,0.2035283
424360,0.5120927
424361,0.53250545
424362,0.34955972
424363,0.17228304
424364,0.45372227
424365,0.2395634
424491,0.63682896
424576,0.40774858
424639,0.24714449
424640,0.1819539
424653,0.471777
424672,0.72663826
424708,0.16990945
424724,0.45747253
424725,0.6914342
424734,0.7559588
424755,0.15131631
424758,0.6852457
424765,0.17900538
424770,0.30805996
424773,0.61835366
424780,0.29046923
424784,0.10713521
424791,0.26253992
424797,0.59473175
424800,0.20103149
424807,0.13183726
424809,0.3659875
424812,0.51124495
424813,0.547775
424816,0.16503583
424817,0.10815798
424820,0.3197876
424822,0.33597234
424823,0.59159625
424825,0.4057685
424826,0.48289514
424827,0.14307381
424828,0.43848938
424830,0.4486505
424831,0.086866796
424832,0.6357791
424833,0.2820275
424834,0.6153935
424835,0.77291876
424836,0.40733823
424837,0.7632725
424838,0.4920118
424839,0.15756492
424840,0.2691714
424841,0.8301642
424843,0.049301684
424845,0.7495446
424846,0.2196257
424847,0.24024187
424848,0.39007133
424849,0.7768546
424850,0.807942
424851,0.34424257
424852,0.13993141
424853,0.1610236
424854,0.3812969
424856,0.07560452
424857,0.56051874
424947,0.71534604
425037,0.6047392
425039,0.5290514
425096,0.3624123
425107,0.239086
425156,0.2795588
425191,0.3492186
425192,0.4945102
425230,0.09833395
425231,0.36961067
425237,0.05065026
425281,0.4889656
425301,0.2581142
425306,0.70521504
425312,0.17793538
425313,0.04894932
425317,0.39588454
425326,0.3136362
425330,0.233293
425336,0.7050708
425338,0.50083864
425343,0.5397855
425345,0.1632361
425360,0.5867171
425364,0.35307443
425368,0.39520466
425369,0.08574071
425371,0.59443724
425372,0.09947173
425373,0.771426
425374,0.36189485
425376,0.78208065
425379,0.2598667
425380,0.066563115
425381,0.24691229
425382,0.32519138
425383,0.15667842
425384,0.15703121
425385,0.17288055
425388,0.7115522
425389,0.18753164
425390,0.08287916
425391,0.73262304
425392,0.24912924
425394,0.53353983
425395,0.5024535
425396,0.1630742
425397,0.10297281
425398,0.3384296
425399,0.3587398
425400,0.19760923
425403,0.145961
425404,0.6331587
425405,0.21129301
425406,0.6218615
425407,0.6023836
425408,0.13581276
425409,0.24613824
425411,0.25106514
425412,0.5511709
425413,0.8634824
425414,0.5273497
425415,0.61431503
425416,0.6393604
425418,0.20824987
425419,0.19054388
425423,0.46454564
425424,0.39015597
425425,0.87292
425426,0.23117524
425429,0.3015706
425430,0.12650841
425431,0.60957825
425432,0.10778325
425433,0.47840175
425434,0.30323392
425435,0.6828801
425437,0.29648313
425438,0.03596784
425439,0.18750969
425440,0.2745578
425441,0.14660938
425442,0.82377607
425444,0.722622
425446,0.17811209
425447,0.62703407
425448,0.7216501
425449,0.52178645
425450,0.29981777
425451,0.20542102
425453,0.5862933
425454,0.86211073
425455,0.3875368
425456,0.6673794
425457,0.30668414
425458,0.5022335
425459,0.6590457
425460,0.041661743
425461,0.3191206
425462,0.0870277
425511,0.29334784
425601,0.091892146
425810,0.24814138
425824,0.43639335
425830,0.75269973
425835,0.46312436
425838,0.38352087
425865,0.1637709
425877,0.66357744
425904,0.4396636
425905,0.13341987
425906,0.20738757
425909,0.6421293
425911,0.8582407
425913,0.43264842
425923,0.2680261
425932,0.23060752
425938,0.042473696
425939,0.6495764
425943,0.50651234
425944,0.17530064
425945,0.15257269
425946,0.17629248
425948,0.5262094
425950,0.24084331
425952,0.5176474
425954,0.8891096
425955,0.06399428
425957,0.64787555
425958,0.077005304
425959,0.6564309
425960,0.6761712
425961,0.6736717
425962,0.108082354
425964,0.4421792
425965,0.31412446
425966,0.5179305
425967,0.30561164
425968,0.48770234
425969,0.3008028
425970,0.45585832
425971,0.5298657
425972,0.07530382
425976,0.4646791
426050,0.19743851
426051,0.73310834
426052,0.22349568
426053,0.3063975
426124,0.2366541
426132,0.5765532
426154,0.3651885
426192,0.32563385
426235,0.28632584
426297,0.63783365
426387,0.46535045
426396,0.1365003
426436,0.38090733
426437,0.23635937
426460,0.18559597
426466,0.44372767
426469,0.4758428
426510,0.42156428
426617,0.7599121
426630,0.33536482
426631,0.18956348
426650,0.35781682
426688,0.31766412
426691,0.17872246
426855,0.5849992
426873,0.73541313
426890,0.34889054
426891,0.45896634
426895,0.12170563
426928,0.8393297
426929,0.21174401
426955,0.49112025
426957,0.11920606
427007,0.5276762
427009,0.19591558
427021,0.48981678
427023,0.1955101
427032,0.3288587
427036,0.07947027
427040,0.31918007
427041,0.266952
427042,0.17876075
427044,0.091617435
427048,0.52964634
427050,0.64972425
427054,0.20082311
427057,0.35765284
427058,0.15839197
427059,0.25918102
427060,0.80594087
427062,0.35831627
427063,0.5622899
427064,0.18960313
427065,0.20513651
427067,0.5648193
427069,0.12195284
427070,0.09381392
427071,0.47477475
427072,0.18171027
427073,0.24519204
427074,0.16754884
427075,0.1931103
427076,0.1438197
427077,0.49501902
427078,0.5245892
427079,0.14343426
427080,0.11660112
427081,0.40568146
427082,0.33993506
427088,0.46548244
427109,0.18475774
427110,0.73641473
427111,0.29601327
427114,0.49036956
427115,0.65864533
427120,0.12235063
427121,0.16043022
427122,0.7886421
427125,0.21243191
427126,0.2044391
427127,0.22157522
427128,0.14584653
427129,0.24674392
427130,0.85597
427131,0.09090483
427132,0.089864895
427133,0.18148462
427134,0.17421891
427135,0.23186585
427137,0.6203091
427138,0.2831082
427139,0.14557964
427140,0.68076175
427142,0.30771112
427143,0.36524925
427144,0.7537215
427145,0.19718991
427146,0.646658
427147,0.46898988
427148,0.20463182
427149,0.6795539
427150,0.6222489
427151,0.070343316
427152,0.103898026
427153,0.13403685
427154,0.826365
427155,0.22622384
427156,0.11156417
427157,0.39492446
427158,0.59271014
427159,0.34788144
427160,0.07457555
427161,0.41852576
427162,0.88744485
427163,0.7944094
427164,0.36589667
427165,0.027749248
427254,0.3126654
427263,0.42018068
427324,0.67224574
427330,0.7733547
427379,0.26165116
427465,0.3060525
427485,0.6460965
427489,0.12672317
427505,0.63200486
427567,0.52681184
427575,0.65228176
427578,0.6024405
427589,0.85937953
427612,0.6756202
427615,0.39353657
427618,0.30025008
427620,0.6260119
427622,0.029023485
427627,0.26553896
427628,0.5083095
427632,0.2312875
427634,0.04479663
427635,0.28528753
427637,0.5377751
427639,0.75981796
427640,0.32160556
427641,0.1118492
427642,0.43172532
427643,0.6338712
427645,0.31002283
427646,0.35040966
427647,0.27869293
427649,0.087696396
427650,0.5038287
427652,0.61602265
427653,0.69845605
427654,0.04463424
427655,0.81869286
427656,0.31590998
427657,0.29723403
427658,0.74261796
427659,0.2997393
427660,0.4573245
427661,0.5554106
427662,0.22450289
427663,0.44086823
427664,0.6747091
427665,0.15931381
427666,0.20685077
427667,0.29259822
427668,0.7785855
427669,0.5961803
427671,0.6795916
427672,0.69641113
427673,0.13696481
427676,0.28712133
427677,0.09015563
427703,0.33861485
427738,0.27057558
427809,0.37669355
427881,0.44615
427949,0.27219093
427985,0.7470839
428047,0.6442922
428054,0.9257314
428080,0.7251341
428143,0.74623394
428162,0.69126993
428166,0.108742274
428187,0.32478076
428188,0.42509818
428189,0.16180092
428195,0.24907388
428196,0.6601043
428198,0.5642046
428200,0.1412598
428201,0.22571297
428204,0.8311682
428206,0.37053782
428207,0.59908915
428208,0.625181
428210,0.18740188
428211,0.18669464
428212,0.7934244
428213,0.39992803
428215,0.16850658
428217,0.46198562
428218,0.20762365
428219,0.41336378
428220,0.21951997
428222,0.79739225
428223,0.35587156
428224,0.23562388
428225,0.29201895
428227,0.32320222
428228,0.52404934
428229,0.67739975
428230,0.8300926
428231,0.16206045
428232,0.36001453
428233,0.17054175
428234,0.34170118
428235,0.7955819
428236,0.46687052
428237,0.509764
428238,0.2844694
428240,0.082137465
428241,0.24863522
428242,0.23478246
428243,0.6891341
428244,0.744454
428311,0.42773977
428312,0.36602226
428313,0.63652724
428314,0.60552293
428409,0.21888824
428416,0.30165702
428423,0.42598072
428424,0.66869164
428463,0.46523833
428485,0.62865126
428517,0.15175685
428518,0.7082578
428561,0.20474799
428565,0.25732043
428590,0.24496761
428597,0.18403447
428614,0.40523392
428616,0.59562105
428621,0.082485914
428626,0.575202
428629,0.20990926
428636,0.6884991
428647,0.31067574
428654,0.33613127
428659,0.31157932
428686,0.24195787
428690,0.22399
428701,0.41530624
428708,0.57246983
428714,0.5085673
428722,0.28072694
428729,0.36708483
428745,0.17115064
428751,0.3634024
428757,0.35513744
428764,0.42739892
428774,0.3653988
428778,0.1313162
428783,0.20270602
428789,0.083497316
428797,0.28446263
428799,0.31646284
428801,0.8910967
428804,0.4103978
428806,0.20848203
428813,0.20510533
428816,0.24359201
428821,0.5558573
428832,0.5426511
428839,0.21173353
428842,0.2966238
428850,0.47356963
428859,0.5848179
428871,0.46284938
428907,0.8096952
428913,0.31945324
428920,0.7605406
428924,0.39181146
428928,0.41151732
428930,0.25383162
428933,0.6513227
428938,0.30134678
428944,0.52388483
428948,0.40425
428963,0.2861398
428975,0.4190473
428979,0.25149792
428982,0.7471702
428984,0.13512067
428987,0.31771544
429015,0.17744374
429018,0.2895463
429028,0.026019622
429035,0.70876414
429037,0.16410972
429042,0.12041702
429055,0.29894117
429066,0.23915547
429067,0.5192547
429069,0.07914585
429077,0.3982916
429078,0.6662323
429083,0.10231203
429091,0.3072031
429093,0.08637902
429094,0.17710112
429103,0.4216343
429109,0.50709826
429121,0.62266326
429129,0.11959937
429134,0.2879103
429138,0.33674753
429164,0.1697237
429173,0.5381537
429182,0.25004992
429190,0.08166098
429199,0.11667932
429219,0.615164
429224,0.10692389
429226,0.7421227
429230,0.1869635
429239,0.084587894
429243,0.4951965
429256,0.40454713
429266,0.6201327
429269,0.6210983
429294,0.11449131
429295,0.35794637
429297,0.6498481
429299,0.23989993
429302,0.27424616
429305,0.6433245
429308,0.18106967
429314,0.57281774
429318,0.17348759
429348,0.53843355
429356,0.8875348
429359,0.6601799
429372,0.28575453
429373,0.2384385
429384,0.6351233
429385,0.46512955
429398,0.22944956
429405,0.3926899
429407,0.21775907
429408,0.2804192
429412,0.5130047
429414,0.6322543
429415,0.5441873
429421,0.24530134
429422,0.14128394
429430,0.5568655
429432,0.3155582
429440,0.643208
429442,0.7349646
429451,0.87952566
429459,0.5177077
429469,0.30678624
429471,0.034478445
429482,0.09262793
429483,0.60205734
429491,0.641736
429493,0.3424352
429496,0.676154
429498,0.18785733
429501,0.21595581
429502,0.35692844
429508,0.22376615
429509,0.29200226
429511,0.7400191
429528,0.17113017
429531,0.691441
429539,0.57060564
429549,0.8357154
429555,0.4057256
429557,0.36302787
429567,0.5399835
429570,0.37770256
429576,0.13912871
429590,0.2319998
429591,0.7718143
429597,0.40693703
429600,0.7180638
429602,0.24438526
429604,0.46683642
429623,0.33849856
429625,0.060929425
429626,0.361976
429628,0.053760823
429634,0.38062078
429637,0.21166527
429666,0.3219031
429667,0.51970285
429670,0.2115421
429673,0.051419813
429678,0.22941463
429693,0.14856702
429702,0.20588969
429708,0.22241478
429737,0.15116648
429739,0.19254734
429740,0.15712428
429750,0.56246597
429770,0.5630865
429774,0.49199307
429777,0.47968277
429780,0.21104139
429809,0.520163
429810,0.075078584
429831,0.3297306
429835,0.637498
429838,0.5378924
429846,0.24201015
429851,0.27152357
429852,0.13620675
429856,0.20501205
429857,0.42850527
429866,0.724925
429871,0.28651157
429873,0.6515547
429879,0.6768685
429882,0.33239675
429885,0.16828123
429890,0.42529005
429897,0.13358846
429933,0.44084692
429936,0.16650201
429948,0.28080058
429952,0.62747836
429967,0.10022037
429982,0.046521273
429989,0.5559152
430000,0.14413339
430003,0.16234733
430011,0.41899893
430019,0.4534541
430035,0.14507464
430042,0.859247
430047,0.3183223
430048,0.23710774
430059,0.33509743
430060,0.63044405
430077,0.52504164
430080,0.43978155
430083,0.7975653
430086,0.4183765
430090,0.4143753
430103,0.1453662
430107,0.56923896
430114,0.17867409
430116,0.34107825
430124,0.38800558
430129,0.28644335
430132,0.5442075
430146,0.36588395
430155,0.6085028
430156,0.096827194
430160,0.4868485
430168,0.3820721
430170,0.37929282
430176,0.33816522
430177,0.8000459
430186,0.7147163
430187,0.16628598
430195,0.652243
430198,0.80975896
430204,0.6443207
430210,0.49489355
430211,0.61052966
430213,0.23739085
430216,0.77975637
430217,0.5409576
430227,0.10736685
430253,0.18422793
430266,0.7284716
430274,0.17583352
430280,0.09782523
430300,0.014643887
430301,0.08437863
430309,0.70392764
430313,0.227857
430316,0.5056307
430319,0.64868575
430332,0.42393833
430346,0.41199204
430357,0.58637965
430359,0.28172794
430368,0.20096238
430376,0.12156656
430383,0.40738106
430389,0.3773398
430393,0.7102261
430394,0.20717846
430404,0.47661775
430405,0.20241389
430407,0.63145036
430433,0.37765115
430445,0.16430281
430446,0.45433506
430451,0.4513196
430452,0.091221884
430459,0.30468872
430466,0.259176
430467,0.044183392
430473,0.72522366
430477,0.104126155
430483,0.5698078
430512,0.16640747
430521,0.062025107
430524,0.20218775
430529,0.36083108
430533,0.1296952
430536,0.23487954
430538,0.2143419
430540,0.5544893
430548,0.48908633
430549,0.17428638
430550,0.2691317
430566,0.52972424
430574,0.31983876
430576,0.33694082
430582,0.54491407
430585,0.43729922
430625,0.2034483
430627,0.26923272
430629,0.22908938
430637,0.66178554
430639,0.20154381
430641,0.37037453
430656,0.17408015
430659,0.084228
430661,0.11349254
430671,0.44968817
430672,0.42036927
430673,0.43387
430674,0.3688092
430676,0.17052083
430691,0.1779888
430698,0.28160048
430699,0.74374443
430708,0.51541305
430719,0.27823225
430726,0.11518671
430728,0.8525323
430730,0.7411889
430731,0.7085144
430732,0.3280081
430738,0.43902597
430770,0.6274362
430782,0.7138255
430785,0.52848583
430786,0.23131089
430806,0.68732953
430818,0.76686764
430819,0.30475947
430820,0.25656772
430835,0.4629567
430836,0.37607962
430837,0.2641753
430838,0.21441218
430839,0.31315994
430847,0.7871396
430853,0.3125357
430856,0.04894772
430876,0.18550213
430886,0.06731065
430887,0.18200007
430889,0.345085
430927,0.0402633
430931,0.7539954
430939,0.15111397
430942,0.17251068
430949,0.28501675
430957,0.10144801
430960,0.062501706
430961,0.15462269
430962,0.7363221
430973,0.30230212
430975,0.14387602
430976,0.36961606
430981,0.082306154
430992,0.29504287
431007,0.60630894
431010,0.4922422
431013,0.17917262
431023,0.14253534
431027,0.33816442
431044,0.19480452
431056,0.06011527
431058,0.17195952
431065,0.17663008
431077,0.6584788
431080,0.6380514
431082,0.130721
431088,0.7533055
431095,0.5109236
431100,0.36990097
431106,0.58148766
431107,0.34475073
431110,0.22253604
431114,0.57416177
431138,0.5700995
431144,0.0640514
431162,0.43071398
431170,0.8646985
431171,0.15639806
431176,0.5365388
431203,0.5489114
431211,0.22676031
431212,0.36638695
431215,0.19774774
431238,0.93026257
431241,0.4868212
431244,0.5846849
431254,0.35008332
431263,0.26666662
431278,0.07787158
431285,0.7050963
431286,0.60397464
431298,0.23716338
431305,0.06917121
431315,0.7479341
431323,0.42046356
431325,0.03510715
431334,0.25145623
431358,0.74155986
431372,0.41326964
431373,0.059907496
431374,0.82339835
431377,0.41871235
431386,0.65370905
431388,0.7154581
431395,0.12550153
431396,0.38802382
431413,0.0964004
431416,0.5030529
431418,0.61573017
431431,0.56709486
431444,0.36128107
431449,0.84967846
431467,0.22023971
431469,0.1591729
431479,0.2707466
431480,0.20416453
431481,0.18286115
431488,0.28074646
431492,0.7802849
431496,0.4298289
431497,0.0891668
431508,0.5943916
431511,0.3810981
431517,0.09236981
431520,0.56660706
431538,0.52230173
431540,0.081318244
431543,0.81341213
431545,0.10345899
431560,0.13456437
431561,0.30498743
431584,0.875095
431591,0.5832516
431593,0.5619146
431625,0.54601985
431630,0.70352274
431633,0.56091994
431635,0.31140894
431649,0.3231597
431650,0.7035128
431651,0.30468428
431652,0.09616273
431667,0.66392255
431668,0.84671956
431672,0.37379324
431675,0.6530642
431680,0.7876145
431682,0.08059017
431683,0.086430386
431693,0.27707446
431697,0.39981958
431726,0.7060492
431731,0.49521616
431732,0.53169066
431744,0.024555411
431750,0.13436475
431755,0.35932687
431756,0.46913955
431757,0.5516994
431765,0.43150628
431766,0.09397881
431768,0.53952426
431770,0.054954045
431773,0.17882058
431775,0.43330473
431777,0.53407085
431778,0.7522777
431801,0.46889916
431807,0.11147479
431810,0.13012014
431815,0.6096347
431816,0.3360014
431823,0.6132523
431831,0.18122758
431837,0.32093495
431841,0.2604536
431845,0.13046509
431854,0.485376
431857,0.4690099
431865,0.23213921
431866,0.5102951
431867,0.17528228
431869,0.35515207
431889,0.44169202
431899,0.21781997
431903,0.5992644
431909,0.17423508
431914,0.33482522
431916,0.1657684
431918,0.75243485
431931,0.20994802
431940,0.18309326
431948,0.65522796
431962,0.20795171
431965,0.27733722
431974,0.081537075
431976,0.12681411
431987,0.41464946
431988,0.13792163
431995,0.648791
431999,0.41587245
432003,0.044040434
432005,0.72760755
432009,0.279932
432011,0.074455835
432022,0.7018112
432028,0.53928566
432030,0.1043041
432037,0.21430899
432065,0.27564397
432070,0.12482942
432075,0.6790623
432078,0.6541872
432080,0.43334413
432085,0.21846795
432092,0.35294384
432111,0.6425918
432112,0.08537485
432115,0.17091948
432117,0.52090937
432118,0.47126052
432129,0.6523453
432132,0.54993474
432133,0.23076524
432145,0.6127391
432146,0.18840462
432148,0.32012677
432156,0.43293807
432167,0.19800466
432169,0.05697705
432188,0.11877135
432192,0.7708156
432221,0.39985937
432226,0.72801954
432231,0.0800127
432247,0.2666612
432252,0.19278584
432254,0.33881718
432263,0.24020274
432265,0.16050096
432271,0.5228283
432280,0.20994541
432282,0.40141967
432284,0.049837872
432291,0.8482665
432296,0.4032667
432298,0.57833135
432301,0.2506149
432309,0.45745668
432312,0.5491829
432320,0.183178
432324,0.11962365
432330,0.2707905
432339,0.15176658
432356,0.094035156
432357,0.062793344
432362,0.25493976
432365,0.2516909
432366,0.4652018
432370,0.44349563
432377,0.56398237
432384,0.221256
432391,0.4248525
432405,0.27034637
432406,0.5626677
432414,0.70248586
432415,0.050260264
432417,0.08483139
432419,0.37972215
432424,0.20648117
432425,0.4415133
432432,0.5569428
432438,0.34764764
432441,0.5066664
432444,0.8497563
432446,0.88610727
432452,0.56666726
432454,0.38636622
432473,0.7398082
432482,0.7276056
432489,0.29994956
432492,0.71813756
432495,0.110102646
432501,0.6062748
432507,0.16227841
432509,0.7714502
432510,0.260783
432522,0.23451811
432525,0.36403552
432526,0.26203415
432527,0.86440206
432532,0.2618043
432535,0.31716457
432544,0.08821881
432547,0.4059453
432551,0.38787764
432553,0.21194777
432555,0.20934549
432560,0.2629014
432569,0.48284483
432577,0.29931048
432585,0.32935014
432590,0.3127736
432591,0.40437862
432594,0.10661386
432607,0.28183687
432608,0.77212995
432609,0.6008696
432612,0.6487385
432613,0.10895776
432616,0.25740382
432618,0.88458705
432622,0.16421239
432626,0.14364623
432639,0.06572663
432640,0.23515867
432642,0.6271001
432648,0.12941515
432653,0.294418
432661,0.54342306
432668,0.17275643
432682,0.6436177
432686,0.5488878
432693,0.16571963
432695,0.6262147
432696,0.7018841
432698,0.5153622
432699,0.16309007
432702,0.5243755
432707,0.24047363
432712,0.27325
432719,0.13145815
432724,0.11506902
432728,0.35156307
432737,0.42156512
432745,0.7327846
432746,0.2039334
432749,0.6698864
432752,0.19833389
432758,0.24198881
432769,0.38683784
432770,0.23787019
432771,0.1684852
432788,0.10311286
432804,0.18118554
432807,0.7788826
432830,0.6453537
432831,0.39158714
432842,0.6427776
432849,0.8566504
432876,0.7276557
432886,0.31197348
432888,0.21978357
432897,0.07757109
432918,0.25469288
432919,0.42791262
432920,0.2753674
432921,0.30929306
432930,0.55412436
432932,0.35530868
432943,0.61927986
432944,0.14581688
432951,0.3912468
432952,0.1262695
432965,0.65173346
432969,0.35201558
432981,0.30640113
432985,0.21522868
432986,0.2941435
432988,0.33851722
432991,0.31373575
432992,0.48058653
433002,0.17903624
433018,0.24678372
433019,0.37039977
433021,0.31910244
433024,0.11033171
433031,0.26469198
433035,0.6004681
433047,0.7301124
433050,0.07631471
433051,0.20682058
433055,0.13583575
433058,0.49345753
433069,0.29877213
433079,0.5781992
433098,0.51731396
433099,0.19613867
433104,0.44537708
433112,0.15606202
433117,0.18361065
433119,0.14485963
433130,0.11215065
433132,0.42075393
433158,0.78890324
433159,0.075435646
433162,0.055552576
433166,0.25191703
433169,0.3544671
433173,0.18502846
433174,0.22262302
433183,0.77956283
433184,0.2590164
433198,0.2838409
433205,0.30845734
433221,0.7189848
433271,0.7581143
433274,0.14966364
433276,0.7567685
433281,0.34824675
433283,0.29173264
433296,0.3636127
433300,0.45948163
433304,0.3430417
433308,0.54615605
433312,0.31090564
433313,0.741276
433319,0.1341089
433332,0.70288175
433342,0.114204176
433343,0.03259376
433344,0.3937799
433345,0.053192526
433347,0.42804533
433350,0.1649169
433355,0.8346838
433356,0.13646282
433359,0.26987532
433361,0.39561278
433363,0.61507404
433370,0.23507379
433371,0.27441314
433374,0.596006
433384,0.5021233
433390,0.33150113
433392,0.13991863
433396,0.5849647
433403,0.6585055
433405,0.078982666
433408,0.82425106
433410,0.759984
433411,0.53385544
433424,0.28922084
433431,0.18023314
433432,0.64145774
433440,0.4147374
433441,0.44306505
433451,0.5580601
433452,0.47421288
433459,0.20096749
433463,0.24148273
433464,0.57079923
433470,0.48900574
433480,0.47010443
433482,0.5762144
433485,0.50110173
433494,0.78798294
433495,0.32669967
433496,0.20370056
433505,0.26591825
433509,0.2118026
433515,0.44279426
433518,0.16847436
433519,0.6586202
433527,0.5678143
433532,0.15844224
433535,0.22766024
433539,0.37034422
433561,0.43865296
433564,0.89400375
433566,0.14166658
433574,0.15098424
433575,0.12665953
433584,0.5830499
433591,0.72687066
433596,0.6563967
433598,0.33304295
433602,0.170256
433606,0.27187145
433611,0.10865287
433617,0.30539855
433620,0.6898985
433628,0.3130199
433631,0.3057124
433651,0.15767996
433653,0.46298894
433657,0.34438556
433661,0.5008043
433662,0.36281377
433663,0.6168093
433668,0.20213813
433670,0.8017698
433680,0.57892114
433686,0.584242
433709,0.27073377
433725,0.33903134
433731,0.4858361
433735,0.7729877
433745,0.35385343
433748,0.08015269
433754,0.44774184
433762,0.31239206
433766,0.19504759
433767,0.2693832
433779,0.56467605
433783,0.022434993
433785,0.568649
433789,0.06117337
433794,0.73419636
433799,0.48735276
433800,0.12763233
433804,0.3627844
433816,0.29255694
433820,0.59974325
433829,0.14389527
433837,0.17938387
433840,0.11157851
433842,0.38364732
433849,0.36815327
433853,0.07870432
433862,0.15304077
433872,0.19480053
433882,0.2638007
433892,0.30562833
433896,0.05554166
433906,0.12395134
433913,0.50896084
433914,0.08568238
433957,0.1640777
433958,0.34915662
433965,0.5794677
433976,0.36253226
433984,0.06724497
433995,0.3850674
433996,0.2310857
434006,0.7606878
434007,0.18885922
434009,0.53541636
434019,0.61828905
434024,0.62890583
434026,0.6268014
434027,0.068626754
434034,0.3856716
434036,0.11770461
434037,0.5423957
434046,0.46557993
434050,0.051855702
434051,0.18333775
434052,0.3289842
434055,0.51387125
434061,0.5953455
434064,0.17953564
434108,0.5012247
434109,0.5365455
434121,0.41223735
434122,0.25320002
434140,0.056942835
434151,0.32018298
434156,0.3235289
434157,0.088012256
434160,0.49667323
434164,0.18907022
434167,0.13730682
434169,0.48940265
434173,0.082478315
434176,0.46484923
434177,0.5604886
434179,0.5957068
434180,0.25655562
434183,0.55071986
434192,0.13470866
434205,0.32276466
434209,0.3033375
434212,0.6425988
434214,0.68149334
434216,0.4557635
434222,0.75134856
434223,0.5294303
434224,0.7083997
434259,0.73563826
434261,0.15250438
434263,0.39206156
434264,0.16768844
434282,0.19818617
434283,0.036002327
434293,0.7022353
434317,0.736156
434322,0.232459
434326,0.4237854
434327,0.2742016
434328,0.14981785
434336,0.3664543
434340,0.40446448
434342,0.5743039
434350,0.70742935
434355,0.18752609
434375,0.15559775
434387,0.22185506
434390,0.55881745
434391,0.2555873
434408,0.15921097
434410,0.4682671
434423,0.3007997
434439,0.63019955
434442,0.23210046
434445,0.73638
434448,0.27366263
434460,0.37519464
434465,0.07441508
434467,0.35395417
434468,0.43096617
434501,0.45054573
434504,0.58362955
434505,0.48889187
434507,0.090581566
434514,0.6297827
434535,0.3080086
434538,0.77402747
434542,0.7269413
434545,0.38975927
434554,0.7346374
434556,0.5287206
434568,0.5266966
434569,0.62746865
434571,0.68097687
434574,0.57561046
434579,0.19959499
434599,0.6071988
434604,0.6615464
434606,0.13394381
434607,0.20157441
434608,0.09432206
434610,0.36312485
434615,0.67036283
434616,0.8231487
434619,0.40023628
434658,0.57222617
434669,0.3002338
434675,0.17157225
434678,0.18832691
434680,0.34394255
434690,0.67886037
434698,0.45941734
434702,0.65189093
434704,0.04292076
434722,0.058648013
434727,0.58772767
434730,0.13254869
434735,0.16766424
434739,0.59463847
434765,0.15818524
434767,0.7978045
434784,0.6765576
434787,0.53283757
434788,0.5788323
434789,0.28702667
434790,0.2743972
434791,0.616356
434802,0.3435132
434806,0.09198846
434807,0.46042007
434808,0.7432092
434815,0.6651354
434816,0.6449478
434817,0.45011878
434818,0.6995243
434830,0.6987728
434918,0.15817967
434920,0.34904343
434921,0.36952555
434922,0.7991183
434937,0.21943076
434948,0.13033782
434949,0.42275435
434952,0.41203183
434954,0.33242038
434957,0.39312676
434968,0.18702397
434974,0.3818223
434982,0.43242994
434986,0.30163348
434993,0.07143667
434995,0.41080746
435005,0.42907068
435013,0.36738476
435027,0.2968872
435034,0.8855627
435056,0.76621693
435060,0.47809854
435062,0.7258113
435068,0.18857753
435069,0.44285122
435071,0.62764364
435079,0.1327881
435086,0.6505848
435092,0.39388677
435099,0.18437953
435100,0.6675148
435108,0.30944994
435118,0.27187067
435120,0.08307452
435129,0.28618234
435132,0.6171656
435138,0.049570028
435139,0.7156969
435142,0.8242933
435147,0.54917675
435148,0.5204399
435151,0.087204635
435153,0.08840693
435154,0.6313877
435164,0.6742107
435173,0.18085934
435174,0.15783702
435179,0.04468312
435199,0.27868786
435202,0.17743917
435203,0.23669663
435214,0.4944116
435217,0.5064792
435222,0.46115944
435229,0.8442856
435239,0.25043666
435248,0.4245252
435259,0.081603855
435260,0.16361308
435263,0.5117178
435264,0.08440923
435267,0.18204533
435274,0.8198726
435286,0.04862281
435296,0.112936854
435308,0.21138896
435328,0.8080363
435333,0.2908298
435363,0.2547092
435366,0.08885281
435375,0.1716275
435378,0.77875847
435400,0.244578
435408,0.67205095
435409,0.113881625
435415,0.06099431
435419,0.8193889
435422,0.16040783
435428,0.66540164
435432,0.32005963
435434,0.492007
435435,0.49670532
435440,0.6240099
435455,0.35234183
435464,0.36543968
435470,0.060250945
435475,0.6814591
435478,0.20153956
435480,0.6691215
435482,0.09735605
435490,0.286627
435507,0.6414795
435509,0.39151287
435510,0.25363165
435519,0.45893276
435527,0.529415
435533,0.25267306
435534,0.5542189
435535,0.3737289
435536,0.10983506
435540,0.42480558
435551,0.23607452
435562,0.88790166
435564,0.51835626
435585,0.35853946
435590,0.08012942
435609,0.14116119
435610,0.19669549
435611,0.15257598
435623,0.23284091
435681,0.34445545
435682,0.2660709
435683,0.25815517
435704,0.29966214
435711,0.2820432
435713,0.5103917
435714,0.39291385
435716,0.17910744
435717,0.6233975
435718,0.49285403
435719,0.28797618
435741,0.25296327
435765,0.48494598
435766,0.46283165
435767,0.16400485
435773,0.59359854
435802,0.2982576
435806,0.39189082
435807,0.67944664
435809,0.18245259
435811,0.6120228
435816,0.20497419
435823,0.2591729
435835,0.6067818
435848,0.62489396
435849,0.7948695
435858,0.25610873
435870,0.65527844
435874,0.27382985
435890,0.73064905
435892,0.16176751
435911,0.36189923
435915,0.109688126
435924,0.5506714
435937,0.43693033
435943,0.72518
435958,0.13818139
435962,0.17195114
435965,0.7560973
435968,0.7271389
435997,0.27421996
435998,0.7960378
435999,0.15574238
436009,0.4139025
436021,0.445464
436022,0.51115936
436026,0.6872812
436032,0.12253616
436037,0.37115493
436049,0.527717
436058,0.35949332
436059,0.5372519
436062,0.60121816
436068,0.2026598
436079,0.36999166
436082,0.42721137
436083,0.6485349
436093,0.5993515
436098,0.21032806
436113,0.25465584
436127,0.7581558
436148,0.4130069
436152,0.76768565
436159,0.09375459
436165,0.20219402
436170,0.19517696
436174,0.08612424
436176,0.41244292
436183,0.058695942
436194,0.16376874
436196,0.30044904
436204,0.13833816
436207,0.67250735
436210,0.22838093
436219,0.81890345
436227,0.47377178
436230,0.112263106
436233,0.2907081
436235,0.81071866
436250,0.19956528
436260,0.5696216
436285,0.61548173
436291,0.31023866
436304,0.26402795
436307,0.6005728
436308,0.5514176
436311,0.21381927
436314,0.53540206
436322,0.3542224
436323,0.8585015
436339,0.14467983
436350,0.33208278
436358,0.41332182
436359,0.10540828
436363,0.14105964
436365,0.36214772
436369,0.15018956
436377,0.12690298
436378,0.54890925
436387,0.3780465
436394,0.699198
436397,0.26641268
436399,0.79965425
436401,0.20225112
436404,0.28497112
436421,0.23288178
436422,0.59549344
436426,0.24796273
436430,0.341636
436464,0.2136852
436471,0.1712834
436476,0.28680956
436478,0.1037778
436486,0.09406768
436497,0.47660676
436508,0.1455043
436509,0.23678102
436510,0.5033902
436511,0.8312788
436528,0.39995098
436531,0.5973973
436534,0.73424584
436535,0.44823727
436536,0.08635578
436537,0.1168189
436560,0.18146591
436562,0.5765689
436563,0.72781146
436564,0.5294798
436598,0.27225357
436599,0.1209043
436600,0.47628406
436637,0.2507272
436674,0.26797906
436706,0.37163013
436721,0.43954605
436722,0.7340031
436735,0.20756651
436747,0.834188
436748,0.19545536
436750,0.6040373
436757,0.74219805
436767,0.6069793
436771,0.09339469
436781,0.6366587
436786,0.22553445
436799,0.187339
436807,0.6151299
436812,0.5042841
436821,0.39357355
436835,0.35541537
436836,0.58372575
436846,0.47539225
436874,0.13435508
436880,0.7833047
436882,0.5920504
436885,0.05935018
436893,0.42517602
436894,0.07252878
436896,0.29214945
436902,0.5362314
436918,0.18345723
436921,0.2612269
436935,0.3826092
436955,0.119016886
436961,0.48369488
436963,0.50678766
436964,0.31002855
436970,0.22905062
436975,0.19602656
437005,0.39157918
437014,0.5342106
437020,0.22616228
437043,0.31234646
437045,0.29052716
437070,0.37844536
437078,0.14487797
437095,0.28976458
437097,0.39389485
437123,0.06352419
437127,0.21828444
437128,0.36605644
437130,0.2715344
437147,0.8462887
437156,0.21106671
437157,0.65846807
437160,0.42240867
437161,0.12465451
437169,0.11550664
437189,0.5620532
437196,0.50169927
437198,0.31928784
437200,0.19754055
437206,0.62080437
437211,0.102438465
437215,0.4841149
437218,0.33566767
437226,0.20456016
437229,0.539528
437235,0.23765731
437244,0.1304179
437245,0.52087486
437246,0.3752607
437264,0.3400084
437266,0.11747937
437268,0.35883895
437269,0.43085822
437273,0.25441515
437275,0.6893337
437276,0.33908853
437302,0.24912743
437304,0.65929425
437305,0.6791701
437306,0.39780056
437334,0.14738435
437335,0.3898933
437336,0.27588227
437338,0.65062773
437343,0.91935503
437356,0.3627215
437357,0.24434005
437358,0.33632
437359,0.16467398
437360,0.63819796
437393,0.020220298
437397,0.5272811
437403,0.44987264
437409,0.1304628
437426,0.62803125
437430,0.7507632
437446,0.8203915
437459,0.25926465
437461,0.38581383
437462,0.53684646
437463,0.11517806
437475,0.23893817
437478,0.16296014
437480,0.19494355
437482,0.5042809
437486,0.25480348
437491,0.7911952
437492,0.36147812
437493,0.48205084
437496,0.23378281
437510,0.12288641
437515,0.12685283
437516,0.35366946
437519,0.08947929
437522,0.3209549
437524,0.2674563
437532,0.5794302
437538,0.1499437
437546,0.41063124
437551,0.4798123
437553,0.62731516
437556,0.4421818
437573,0.80042577
437575,0.1676281
437584,0.6420738
437591,0.7280894
437592,0.25825566
437595,0.2736673
437602,0.2973019
437610,0.1409464
437611,0.14986472
437621,0.71324104
437622,0.77944887
437624,0.3643898
437630,0.36727545
437631,0.7030877
437636,0.8287475
437666,0.10763916
437672,0.49740377
437676,0.495167
437687,0.37296134
437689,0.4834155
437706,0.71808803
437712,0.74393725
437735,0.15345156
437757,0.34880736
437763,0.51125133
437790,0.09774273
437791,0.25544405
437795,0.37900963
437803,0.49161744
437810,0.38584393
437811,0.56275797
437813,0.21361518
437820,0.45730126
437823,0.34323674
437832,0.076738544
437841,0.22504866
437852,0.36555973
437858,0.28315973
437862,0.17425543
437892,0.20068131
437896,0.16902854
437903,0.86537147
437905,0.14358641
437911,0.8602372
437913,0.41972333
437918,0.06089102
437922,0.547633
437933,0.16061336
437936,0.40142113
437945,0.23309542
437966,0.39687803
437967,0.5969929
437972,0.07989564
437977,0.6599891
437984,0.7665257
437996,0.15737033
437997,0.21687011
437999,0.19561706
438001,0.06784176
438004,0.65425974
438007,0.19845618
438029,0.12033886
438031,0.16731477
438034,0.6779041
438038,0.7930402
438054,0.3119456
438058,0.10276762
438064,0.49514815
438065,0.42239633
438074,0.149155
438084,0.38417614
438088,0.28488284
438089,0.051563445
438090,0.20152259
438117,0.49940705
438118,0.35694277
438151,0.65843654
438152,0.3967894
438153,0.7422094
438154,0.16824977
438167,0.5282445
438187,0.6575801
438192,0.66539574
438195,0.36411646
438196,0.49583933
438220,0.40258148
438223,0.7223721
438229,0.27721232
438256,0.2876959
438258,0.2291483
438260,0.40406477
438264,0.21207756
438273,0.33820438
438306,0.74345607
438307,0.25723484
438308,0.122821845
438309,0.15681498
438310,0.43914938
438341,0.79458195
438348,0.038314488
438349,0.36254913
438364,0.09799666
438368,0.5630991
438380,0.7297573
438382,0.14621092
438402,0.3389525
438404,0.5130558
438408,0.6066428
438410,0.6649429
438429,0.23363246
438434,0.50813514
438435,0.14707682
438437,0.5792673
438438,0.5718254
438444,0.5751929
438471,0.21673143
438506,0.11312843
438521,0.32268035
438524,0.82086504
438525,0.49795312
438534,0.17941806
438541,0.20481816
438546,0.11800485
438547,0.37457588
438564,0.28907755
438568,0.08618478
438570,0.09663706
438578,0.04194817
438582,0.2869072
438587,0.39344162
438604,0.15702616
438620,0.2472119
438621,0.099350125
438624,0.28980008
438634,0.80021536
438644,0.4611225
438645,0.34452274
438651,0.5411852
438659,0.23540808
438660,0.123632446
438662,0.2711973
438668,0.021982018
438673,0.45330292
438677,0.19447052
438683,0.81217015
438687,0.47875947
438700,0.52669215
438713,0.570996
438714,0.272822
438715,0.17104815
438717,0.19211543
438721,0.49139512
438738,0.567829
438749,0.18762282
438750,0.30569065
438756,0.47510147
438771,0.40234035
438777,0.118933715
438781,0.132131
438783,0.5769354
438786,0.8791098
438792,0.2613273
438802,0.34598872
438808,0.34417224
438814,0.32263878
438829,0.32728124
438846,0.3133884
438851,0.48508045
438856,0.91709024
438858,0.49907842
438861,0.049933024
438862,0.44535476
438876,0.7493304
438880,0.24516718
438891,0.6017685
438896,0.42241076
438898,0.5455823
438904,0.083781905
438908,0.12944849
438921,0.56226635
438923,0.6139333
438929,0.42597556
438942,0.22645329
438950,0.59502244
438979,0.8118266
438994,0.6181823
438995,0.4283613
438996,0.080657504
439002,0.6569765
439013,0.179432
439015,0.30293187
439017,0.23237468
439029,0.12221311
439047,0.6636236
439048,0.5782317
439049,0.6634167
439050,0.38980556
439061,0.77507347
439065,0.67258173
439069,0.6198251
439070,0.79339844
439071,0.3844782
439072,0.46621746
439073,0.48700756
439076,0.42947286
439077,0.21791092
439078,0.48203316
439089,0.2388045
439095,0.20788127
439113,0.23542133
439122,0.1350796
439127,0.3376025
439153,0.1804966
439154,0.6259832
439157,0.1920559
439197,0.053281393
439205,0.54198414
439207,0.55983615
439209,0.14670087
439213,0.103947476
439218,0.4536283
439222,0.3530704
439229,0.54060596
439233,0.1574659
439235,0.27311876
439236,0.5843009
439239,0.57670206
439248,0.5143456
439255,0.5456651
439265,0.22262311
439266,0.45934334
439268,0.25079307
439270,0.25705722
439276,0.33626118
439285,0.07393495
439294,0.3317718
439296,0.23117389
439299,0.7616897
439310,0.48305893
439319,0.13038944
439320,0.037979614
439325,0.37533647
439327,0.4156489
439328,0.24131358
439334,0.21247265
439335,0.5142452
439339,0.48711547
439343,0.11883591
439353,0.5642607
439356,0.29769242
439374,0.1670117
439391,0.73668104
439400,0.11031049
439405,0.7121192
439413,0.43074036
439448,0.39594215
439451,0.45116824
439455,0.6959209
439468,0.2875183
439472,0.32289234
439473,0.11915895
439477,0.11448311
439483,0.40296555
439484,0.19240433
439501,0.3108449
439505,0.24747615
439512,0.5121085
439515,0.28973198
439525,0.4325963
439535,0.32815197
439539,0.095630355
439548,0.7527397
439549,0.38284045
439550,0.42294893
439551,0.41383535
439558,0.16285655
439562,0.14304547
439566,0.18861094
439571,0.1498069
439587,0.17188703
439591,0.46553916
439595,0.49791458
439611,0.70333344
439614,0.72782433
439618,0.82697475
439620,0.4939698
439626,0.26121145
439633,0.20714433
439657,0.23370935
439660,0.59778196
439661,0.34703726
439666,0.32673767
439673,0.3580018
439675,0.48894766
439705,0.27786374
439707,0.6095863
439720,0.29585838
439727,0.41133285
439733,0.38485304
439736,0.27943835
439737,0.44877306
439746,0.37877128
439755,0.3656595
439763,0.58174855
439765,0.30993173
439766,0.28659043
439768,0.6850385
439774,0.22544664
439779,0.2001793
439781,0.764615
439784,0.6040227
439808,0.35151482
439816,0.21307321
439818,0.053228274
439820,0.1659001
439824,0.13505137
439830,0.3474698
439839,0.09233531
439841,0.8283515
439845,0.2628095
439874,0.33927986
439875,0.06665701
439879,0.4376266
439882,0.3257547
439883,0.42083463
439900,0.34602493
439901,0.1625927
439906,0.40014467
439909,0.69716346
439911,0.7834432
439914,0.22461182
439936,0.57994163
439937,0.19312312
439945,0.20322947
439950,0.34258413
439955,0.32262465
439956,0.24808651
439971,0.59148127
439977,0.3406455
439984,0.7837916
439985,0.27839556
439990,0.29698318
439994,0.43841362
440003,0.16099747
440030,0.34839576
440042,0.6966276
440048,0.50710475
440054,0.4573401
440073,0.57645595
440074,0.45558164
440080,0.1832818
440082,0.58753324
440085,0.50463307
440088,0.6220319
440091,0.11830252
440100,0.12683874
440103,0.19170661
440113,0.8760224
440119,0.10499853
440127,0.05913401
440130,0.17557758
440131,0.21383038
440135,0.6824189
440139,0.25253096
440147,0.5572688
440156,0.67732805
440158,0.30088392
440162,0.3138561
440163,0.63271904
440176,0.2952557
440181,0.06671473
440191,0.2887437
440192,0.44044676
440215,0.062837325
440219,0.62001413
440222,0.39258033
440238,0.1679262
440239,0.13838837
440244,0.19311646
440245,0.23965734
440252,0.36306292
440266,0.3783457
440267,0.3740223
440281,0.6082992
440283,0.36670664
440292,0.6199656
440307,0.38221136
440309,0.13440274
440313,0.4216236
440315,0.48437938
440320,0.24109748
440332,0.09398543
440336,0.21275704
440338,0.40516335
440342,0.455949
440350,0.5395726
440352,0.18895175
440356,0.20881192
440359,0.33549482
440384,0.11447139
440395,0.30534568
440396,0.19432913
440397,0.5560956
440401,0.26212692
440408,0.64506817
440411,0.5650187
440425,0.09123358
440439,0.29323328
440451,0.7332459
440460,0.7982379
440463,0.5413002
440473,0.06302043
440479,0.15502462
440497,0.60681015
440506,0.21125537
440509,0.32648715
440518,0.26397434
440528,0.5537208
440536,0.54541004
440543,0.7297175
440561,0.10488103
440562,0.56168866
440566,0.5179329
440572,0.6717073
440574,0.7181382
440585,0.41826636
440592,0.3220437
440601,0.64633983
440606,0.47709197
440632,0.5410174
440643,0.54629517
440653,0.20333385
440669,0.28010356
440682,0.17312092
440691,0.19500868
440701,0.04707174
440706,0.36952358
440708,0.2321081
440714,0.88589305
440721,0.7779055
440723,0.7519191
440750,0.24024281
440759,0.7457858
440773,0.30663276
440792,0.7897811
440793,0.1157268
440798,0.8776537
440804,0.48220223
440819,0.33275992
440827,0.7359879
440851,0.67795753
440861,0.34133923
440862,0.14675115
440868,0.34605116
440874,0.25475875
440877,0.55186045
440883,0.10093766
440884,0.6560428
440886,0.1055671
440900,0.47988474
440902,0.12967625
440904,0.64061326
440910,0.5488932
440913,0.4127367
440915,0.74232227
440923,0.520985
440924,0.16883129
440927,0.15956365
440936,0.28371584
440968,0.3980092
440973,0.20057456
440975,0.222678
440979,0.40704128
440986,0.5301558
440987,0.08987331
440995,0.22236817
440998,0.32085192
441000,0.109415166
441004,0.44629836
441007,0.68628544
441014,0.6311857
441026,0.6929219
441032,0.71730393
441042,0.12535806
441051,0.7464857
441060,0.2113906
441061,0.21714695
441081,0.5419988
441082,0.35632095
441085,0.29547057
441087,0.21973877
441089,0.12494026
441091,0.10183455
441095,0.32292774
441114,0.29727557
441128,0.619781
441138,0.643581
441154,0.13991643
441156,0.5310876
441157,0.82977057
441175,0.54875606
441183,0.523191
441189,0.18697004
441207,0.28939506
441209,0.6539534
441217,0.36225495
441228,0.21184531
441229,0.23213871
441239,0.2019156
441244,0.24880081
441256,0.4281741
441275,0.48894954
441278,0.30132324
441284,0.13196546
441288,0.33885399
441293,0.8063478
441294,0.73957455
441297,0.90797573
441298,0.16144414
441304,0.13464034
441316,0.068690754
441318,0.21101569
441351,0.5366455
441354,0.6454467
441363,0.39072224
441373,0.7452741
441375,0.18084379
441382,0.33699283
441385,0.1844984
441388,0.29110423
441392,0.7718635
441402,0.6637318
441413,0.5055566
441417,0.7287309
441427,0.24501282
441437,0.35301992
441453,0.39071536
441458,0.58777267
441459,0.111889854
441463,0.039756067
441466,0.1701502
441475,0.10244922
441479,0.16533953
441497,0.42022806
441501,0.57241446
441509,0.14698887
441513,0.300103
441546,0.40064558
441547,0.18657936
441563,0.7983632
441565,0.1883723
441567,0.5140576
441576,0.52854204
441577,0.38812768
441578,0.6642435
441597,0.23251458
441607,0.16581345
441609,0.1171475
441611,0.33673128
441613,0.18468662
441622,0.19778472
441637,0.6084643
441638,0.21637295
441652,0.3040871
441660,0.67449284
441667,0.39216846
441671,0.38388067
441672,0.1367844
441675,0.5474752
441679,0.14427626
441700,0.12489417
441701,0.35115725
441711,0.07600911
441725,0.31811422
441732,0.37487394
441741,0.49155557
441743,0.42129818
441761,0.09290799
441763,0.12602954
441766,0.097971834
441778,0.56108016
441780,0.3888272
441782,0.40539348
441785,0.6614531
441796,0.14232811
441808,0.5907279
441809,0.5716778
441811,0.2870037
441825,0.27536735
441828,0.5979097
441835,0.48796147
441860,0.15417516
441865,0.43673024
441871,0.3103519
441874,0.21645191
441876,0.16861904
441885,0.25713784
441896,0.51201624
441908,0.21694627
441913,0.22582763
441921,0.5257361
441926,0.15532224
441936,0.2931815
441941,0.44498152
441947,0.21692733
441957,0.4748349
441961,0.14985874
441969,0.12611946
441979,0.5805046
441986,0.41253865
441987,0.10080903
441996,0.79256517
441997,0.13508533
441998,0.26202023
442001,0.3332268
442002,0.5114745
442003,0.49344197
442010,0.04681993
442013,0.1403919
442015,0.6888115
442026,0.22191526
442030,0.28189164
442032,0.6809963
442033,0.7553563
442039,0.6263485
442049,0.26996028
442054,0.2597176
442060,0.21765037
442065,0.6322728
442067,0.53193223
442074,0.20801851
442076,0.16028707
442080,0.63470614
442085,0.14405045
442093,0.27956778
442100,0.54013866
442123,0.72788274
442124,0.6250492
442128,0.38755235
442149,0.5066319
442151,0.6745338
442157,0.5150294
442158,0.31753314
442159,0.34203848
442161,0.29016986
442179,0.299338
442187,0.48791468
442190,0.20323147
442195,0.3094926
442199,0.5804899
442233,0.21164852
442234,0.62661624
442235,0.100984976
442250,0.059467476
442256,0.09596464
442258,0.67303985
442264,0.67945325
442280,0.3321218
442288,0.11568194
442290,0.15665114
442293,0.6160519
442299,0.6852207
442303,0.7437586
442306,0.072002314
442308,0.095694
442312,0.25247043
442315,0.26330882
442320,0.39190555
442321,0.61520493
442328,0.5110058
442331,0.7974048
442359,0.14009127
442361,0.106491335
442366,0.4325411
442368,0.5485866
442372,0.7194514
442378,0.34781912
442392,0.62852985
442393,0.1302111
442399,0.42642176
442401,0.7321875
442404,0.2104894
442405,0.65276605
442438,0.6182007
442442,0.5224581
442451,0.75767815
442452,0.066745386
442458,0.5336234
442461,0.5907937
442464,0.18716589
442468,0.42219773
442479,0.6718574
442484,0.7330888
442504,0.4701533
442505,0.18478793
442513,0.39294046
442520,0.027176257
442527,0.24554595
442539,0.17424095
442540,0.6602354
442541,0.06575242
442555,0.27568382
442577,0.5494446
442586,0.4084506
442588,0.10669507
442613,0.77242
442616,0.46972713
442622,0.50366485
442626,0.38842204
442627,0.4858074
442641,0.16910294
442647,0.29048845
442653,0.7131813
442656,0.19611658
442662,0.2407023
442672,0.051071607
442682,0.22523135
442684,0.45542145
442685,0.26213372
442698,0.5941731
442709,0.30634898
442716,0.33728972
442718,0.26296058
442723,0.62404853
442724,0.39626807
442737,0.10722745
442742,0.6914131
442743,0.11478178
442746,0.42559695
442766,0.20530099
442767,0.4374293
442769,0.14901654
442792,0.3859439
442797,0.59035456
442799,0.24923556
442804,0.21569344
442807,0.33698457
442816,0.4091694
442819,0.34183457
442826,0.63854694
442831,0.4835565
442846,0.1262211
442854,0.4968489
442861,0.15356648
442862,0.18689054
442870,0.56822675
442875,0.2661749
442890,0.091114715
442891,0.5102095
442896,0.51843727
442897,0.32416904
442902,0.3387114
442903,0.6589818
442905,0.10544165
442915,0.73342353
442937,0.27416286
442947,0.8242921
442949,0.34463498
442954,0.46929106
442972,0.3253741
443012,0.6253166
443018,0.57719094
443029,0.25497085
443031,0.20522022
443033,0.0729031
443035,0.35283706
443039,0.04140146
443040,0.46054637
443051,0.39149904
443062,0.17956844
443069,0.66858757
443080,0.63288975
443081,0.5775532
443090,0.6401688
443092,0.23306708
443106,0.4205235
443119,0.6082962
443134,0.16444527
443161,0.3629068
443170,0.26130077
443177,0.20236763
443189,0.29727775
443193,0.15836169
443199,0.46835986
443212,0.5011928
443226,0.7394666
443230,0.2503521
443239,0.565521
443241,0.09464612
443244,0.087568596
443249,0.17200355
443253,0.178404
443262,0.13807112
443264,0.74136406
443266,0.4257016
443274,0.20713083
443283,0.15335158
443295,0.12632754
443304,0.1290919
443313,0.417734
443317,0.10386272
443324,0.22690392
443339,0.24649218
443344,0.64809793
443345,0.25764984
443352,0.22131886
443355,0.29215524
443356,0.65589744
443360,0.5761181
443364,0.8041779
443368,0.07801817
443375,0.47299495
443380,0.41408136
443391,0.5603522
443392,0.014899818
443397,0.27139893
443403,0.39841685
443406,0.6746228
443420,0.66150403
443431,0.20729376
443441,0.39360178
443456,0.5693672
443457,0.7000325
443459,0.46557856
443460,0.574756
443471,0.3333644
443474,0.521626
443486,0.63692254
443487,0.31349748
443490,0.17364006
443492,0.8530437
443495,0.40732482
443505,0.16130939
443512,0.50366914
443555,0.38618135
443576,0.6447382
443582,0.07171609
443583,0.09376872
443585,0.2094067
443588,0.12442454
443592,0.1064904
443596,0.34435287
443597,0.033213202
443606,0.30397302
443607,0.53598404
443608,0.38735348
443611,0.5738324
443612,0.17570992
443618,0.83571506
443623,0.16532055
443632,0.14192931
443633,0.63542503
443634,0.10291181
443637,0.184505
443638,0.68423396
443669,0.24334592
443672,0.2493724
443685,0.22618154
443686,0.034270585
443694,0.21688005
443695,0.63648784
443697,0.7721722
443700,0.45417905
443734,0.5140399
443738,0.16755013
443742,0.30385485
443759,0.5405763
443760,0.12151915
443770,0.22334924
443776,0.122518405
443788,0.113631204
443791,0.64800483
443792,0.23571151
443803,0.5208472
443808,0.24981584
443832,0.29637533
443842,0.2210778
443847,0.096320845
443853,0.22478937
443854,0.87092876
443868,0.23449646
443873,0.31780335
443879,0.17290588
443883,0.23984762
443891,0.3748256
443908,0.29309472
443910,0.7511582
443918,0.13935626
443927,0.13496703
443935,0.5947634
443965,0.8002477
443974,0.072657585
443984,0.28866416
443986,0.31138435
443991,0.11533584
443996,0.08655415
444008,0.0405092
444014,0.24676023
444015,0.24154978
444016,0.4737337
444018,0.28106055
444053,0.6688282
444058,0.2625802
444065,0.47132963
444069,0.17903139
444082,0.2271678
444087,0.32794502
444089,0.2973545
444093,0.5407355
444104,0.09096597
444113,0.100473896
444118,0.596053
444122,0.17522506
444123,0.30873913
444128,0.22831403
444136,0.28383
444152,0.3322526
444155,0.4369581
444182,0.10825817
444183,0.49754602
444185,0.1048963
444213,0.2449186
444229,0.23304754
444231,0.14990024
444234,0.22009782
444240,0.18729699
444249,0.3343159
444265,0.56197715
444268,0.24441916
444271,0.15789944
444278,0.19221994
444279,0.5465442
444283,0.69764686
444285,0.09620864
444291,0.49542695
444297,0.10574559
444313,0.23566863
444318,0.37842128
444322,0.08850304
444333,0.23294747
444334,0.15866159
444359,0.45582357
444367,0.3487908
444369,0.51103944
444370,0.6567357
444376,0.16776262
444384,0.087063715
444387,0.47218913
444406,0.11426958
444409,0.6872556
444412,0.19501342
444418,0.7198714
444420,0.5544319
444424,0.05374287
444429,0.22658314
444432,0.3208748
444434,0.18506935
444440,0.30195248
444444,0.28620508
444450,0.16866706
444456,0.2474843
444457,0.33206242
444461,0.6698976
444504,0.4646518
444515,0.5856854
444516,0.33442625
444517,0.14868852
444519,0.6759033
444540,0.1327293
444573,0.3960087
444581,0.26643866
444582,0.22586407
444602,0.770797
444605,0.17945418
444611,0.14972383
444614,0.21807164
444622,0.56308216
444624,0.60151106
444625,0.4064686
444639,0.3405448
444658,0.40349936
444673,0.2184395
444696,0.42754707
444719,0.11003511
444729,0.25854135
444737,0.33782354
444743,0.5523147
444758,0.2920144
444764,0.23729068
444780,0.23612139
444789,0.49619657
444795,0.56478333
444811,0.314765
444814,0.07638472
444825,0.2976113
444831,0.11615451
444832,0.09277074
444835,0.7504554
444840,0.42226854
444841,0.53691757
444842,0.5179461
444846,0.12443813
444849,0.43864545
444867,0.20120385
444876,0.4245161
444893,0.19746019
444896,0.6167973
444897,0.16696441
444907,0.34283933
444908,0.15460448
444932,0.27535328
444933,0.3359214
444936,0.27392936
444941,0.6105133
444942,0.635279
444950,0.43150955
444956,0.16527191
444965,0.35444298
444966,0.48699537
444970,0.07940027
444971,0.84442973
444978,0.15507522
444982,0.33681545
444984,0.2456407
444986,0.19374594
445001,0.28073946
445016,0.1841883
445027,0.31935996
445029,0.16129673
445032,0.22261395
445037,0.26222414
445043,0.15716325
445044,0.69310975
445047,0.46202576
445052,0.71088684
445073,0.61446893
445075,0.018803943
445076,0.3604606
445092,0.23061273
445095,0.47088605
445106,0.265698
445110,0.5563981
445123,0.16726185
445124,0.116117336
445141,0.51897895
445151,0.120188706
445160,0.20261222
445161,0.19658922
445164,0.57198596
445165,0.22136797
445169,0.43060175
445175,0.77564293
445178,0.35885522
445182,0.3356028
445183,0.03082811
445192,0.04473499
445193,0.6140651
445200,0.10122602
445202,0.21775475
445203,0.072399534
445207,0.365543
445245,0.396817
445256,0.19343552
445282,0.51008064
445294,0.3517986
445300,0.75779545
445316,0.19470876
445331,0.3476819
445332,0.10223771
445343,0.36673236
445345,0.38555166
445346,0.28482473
445354,0.7010647
445355,0.8057765
445356,0.38933966
445366,0.80591553
445369,0.5941146
445390,0.21852513
445392,0.6006167
445398,0.20016459
445401,0.4857712
445417,0.22052957
445427,0.105898745
445465,0.72573924
445469,0.23833975
445472,0.14787787
445475,0.7275667
445483,0.19476067
445484,0.27976292
445493,0.73236036
445496,0.3242657
445504,0.07596452
445505,0.52945334
445507,0.22757536
445531,0.7700515
445536,0.33279696
445544,0.2283874
445559,0.06945355
445580,0.2591239
445589,0.11245473
445591,0.36619708
445595,0.12116464
445601,0.1790837
445612,0.32719636
445639,0.3628919
445656,0.6968492
445666,0.24330823
445682,0.84608483
445686,0.37740684
445700,0.2962763
445713,0.44299734
445716,0.26764974
445725,0.09034197
445728,0.26919353
445731,0.078281656
445742,0.5294158
445743,0.84745955
445755,0.13330448
445766,0.22109468
445781,0.8160388
445798,0.26452494
445799,0.40267226
445801,0.8502735
445810,0.28856826
445813,0.39404956
445822,0.1187614
445824,0.46544102
445826,0.55077946
445828,0.18496424
445829,0.20748502
445838,0.5443771
445840,0.1841554
445845,0.3845104
445847,0.20606965
445849,0.48216492
445852,0.50103503
445853,0.59791136
445856,0.34978363
445863,0.19571154
445864,0.60250443
445871,0.6060953
445907,0.447971
445908,0.16608414
445917,0.42234272
445919,0.6652099
445925,0.26025078
445930,0.24746616
445938,0.22985843
445943,0.43680146
445946,0.10898183
445948,0.6470357
445970,0.2941212
445972,0.086699724
445974,0.811076
445976,0.15770209
445979,0.42140672
445993,0.14177583
446001,0.5607051
446004,0.4782719
446025,0.32673475
446026,0.4326634
446046,0.5380826
446048,0.5313698
446055,0.22807714
446064,0.6434781
446068,0.1690119
446078,0.1525738
446094,0.33475906
446096,0.8391152
446120,0.53534436
446131,0.22082119
446139,0.72318304
446157,0.66709024
446179,0.3788083
446180,0.51328963
446186,0.46331054
446189,0.86472756
446200,0.4411949
446208,0.7054996
446210,0.31534702
446214,0.5196628
446226,0.14056717
446229,0.28912565
446237,0.30105963
446247,0.23170021
446256,0.1165898
446273,0.53082204
446286,0.2318672
446296,0.13073745
446302,0.5832789
446310,0.2752704
446315,0.17152885
446319,0.87860906
446320,0.3960129
446322,0.51885265
446356,0.70419055
446374,0.51047707
446375,0.57372206
446406,0.36384296
446407,0.06816407
446426,0.74750894
446428,0.5593295
446431,0.7214383
446433,0.15888222
446437,0.6647506
446441,0.38393906
446452,0.24618384
446464,0.6750019
446466,0.7385403
446468,0.5451292
446469,0.5509929
446472,0.92048377
446476,0.5477242
446478,0.22676209
446485,0.114856616
446499,0.27598584
446503,0.5185582
446504,0.04042712
446509,0.55383396
446512,0.6987815
446525,0.36141798
446534,0.19867377
446535,0.3586221
446543,0.72857136
446546,0.061318442
446550,0.7453478
446555,0.4977725
446560,0.34363672
446564,0.20057131
446572,0.3417224
446593,0.44407505
446616,0.5362724
446617,0.34223443
446625,0.20703214
446626,0.6984446
446631,0.5856142
446643,0.6161193
446647,0.46386424
446652,0.34375513
446655,0.5548193
446657,0.8073288
446663,0.33728004
446665,0.5249237
446676,0.58104235
446684,0.5898835
446694,0.06279199
446699,0.20241815
446702,0.35556933
446713,0.10581216
446720,0.83404297
446724,0.41985846
446728,0.48805606
446730,0.21900792
446738,0.36775628
446742,0.20583946
446743,0.18961391
446744,0.31300485
446750,0.3698263
446759,0.23180306
446760,0.4022638
446772,0.11021576
446786,0.3166502
446799,0.18207689
446800,0.72277755
446803,0.6705946
446812,0.20171727
446813,0.41072243
446815,0.12437276
446816,0.17626174
446832,0.63835084
446845,0.47969848
446846,0.093160376
446847,0.25809696
446850,0.15359877
446851,0.56837976
446855,0.48567042
446856,0.3732953
446867,0.051539518
446877,0.7896722
446880,0.64086574
446885,0.06775077
446892,0.1188453
446905,0.43621886
446909,0.7884591
446924,0.054439954
446935,0.16918948
446944,0.33111042
446945,0.14717846
446949,0.031885214
446952,0.30813462
446957,0.13541134
446961,0.4169773
446979,0.31461436
446980,0.5755156
446987,0.741744
446991,0.2732619
447001,0.12047177
447013,0.5229703
447014,0.25814533
447023,0.26314303
447062,0.05437502
447072,0.3144764
447082,0.5081825
447084,0.14002825
447087,0.03018762
447092,0.22443125
447106,0.35725382
447107,0.41776285
447112,0.3296213
447147,0.31780884
447160,0.73232937
447176,0.20528322
447184,0.17914887
447188,0.11760979
447190,0.5913597
447191,0.2173185
447198,0.5940551
447199,0.34587264
447200,0.49655607
447202,0.094476685
447209,0.6792926
447210,0.44906726
447228,0.8231558
447230,0.15880932
447235,0.4528328
447246,0.6194256
447248,0.45788395
447263,0.32081386
447265,0.2868698
447272,0.33383042
447285,0.29920036
447293,0.7719267
447305,0.41194075
447312,0.13126618
447326,0.3665908
447327,0.41594124
447361,0.09627283
447367,0.81650746
447381,0.34918514
447387,0.6989526
447390,0.756662
447391,0.35065818
447416,0.52922726
447419,0.5411254
447420,0.31343544
447422,0.14040929
447425,0.35015303
447444,0.34385782
447458,0.121239424
447460,0.18559904
447467,0.22223249
447479,0.683962
447482,0.45482358
447496,0.1873595
447504,0.16051477
447507,0.29215273
447519,0.1057768
447522,0.21651816
447528,0.2872647
447529,0.14759652
447532,0.55640614
447540,0.49119464
447543,0.45306808
447546,0.22040525
447554,0.11850295
447571,0.17678067
447575,0.12880878
447591,0.25496057
447599,0.68876195
447600,0.30427518
447601,0.22054483
447606,0.37718186
447607,0.2184547
447618,0.5708167
447621,0.117928885
447633,0.08386439
447638,0.16068535
447642,0.19231123
447644,0.4449419
447654,0.6566097
447670,0.076739766
447671,0.31614542
447672,0.5363101
447674,0.5341277
447676,0.48623744
447692,0.830759
447696,0.57460487
447698,0.4278651
447704,0.25322863
447705,0.50944036
447708,0.42952958
447709,0.8275391
447715,0.5241363
447727,0.3725726
447736,0.29363632
447742,0.0809421
447743,0.56735843
447745,0.3534301
447748,0.7894534
447751,0.8380867
447752,0.2747829
447796,0.33501318
447810,0.36838487
447812,0.28056544
447814,0.8125597
447815,0.24895753
447816,0.6464184
447817,0.7875846
447835,0.18504712
447842,0.69423234
447844,0.02443998
447862,0.6782477
447865,0.42778984
447868,0.32370266
447873,0.20143154
447876,0.096053965
447881,0.44956127
447882,0.60171264
447883,0.21660392
447904,0.55200773
447907,0.62795335
447915,0.7294951
447931,0.20914519
447945,0.2999514
447947,0.5616871
447958,0.26481882
447967,0.07844781
447968,0.59747386
447972,0.8778873
447975,0.31900117
447976,0.51008165
447978,0.13619472
447983,0.22660202
447993,0.5614851
447998,0.6689539
448001,0.17252173
448005,0.30018342
448007,0.33270347
448011,0.65172607
448012,0.21385252
448016,0.35343057
448030,0.29911512
448039,0.4486829
448040,0.28641424
448045,0.58651733
448046,0.46128714
448051,0.37013915
448084,0.4721743
448091,0.7039441
448100,0.446854
448125,0.5626095
448143,0.1707291
448146,0.33040437
448150,0.32990575
448160,0.65259653
448163,0.3052064
448165,0.6268507
448182,0.10422136
448185,0.27622318
448188,0.20575354
448189,0.17657378
448209,0.32377705
448210,0.48506212
448218,0.21690403
448224,0.7392132
448241,0.33679026
448243,0.03340848
448244,0.075072624
448245,0.5691055
448254,0.30918205
448278,0.7188517
448279,0.5143425
448282,0.29216218
448284,0.29225785
448285,0.7669881
448301,0.6885731
448302,0.8211879
448305,0.24734889
448317,0.43512672
448330,0.5747178
448335,0.25759864
448338,0.42746395
448340,0.14193542
448341,0.36730713
448347,0.80427194
448350,0.57057285
448353,0.33946517
448361,0.39710754
448370,0.33143622
448380,0.7089044
448400,0.6354783
448411,0.54206777
448412,0.8014084
448417,0.44272256
448420,0.5472597
448422,0.16129662
448424,0.057806153
448447,0.40909517
448459,0.5062172
448464,0.1559244
448470,0.5299967
448490,0.1155597
448494,0.495358
448500,0.6585762
448515,0.036281604
448522,0.4663674
448526,0.102427214
448536,0.9022824
448548,0.064229585
448566,0.58940685
448573,0.12615138
448584,0.18647873
448585,0.27525792
448597,0.2962456
448599,0.40866685
448601,0.047274288
448604,0.30158433
448606,0.21059917
448610,0.2615969
448642,0.41651344
448660,0.29915506
448669,0.105561174
448674,0.33626482
448675,0.4261376
448678,0.22045977
448690,0.27055353
448693,0.067787096
448695,0.73194546
448700,0.28772315
448703,0.2678019
448704,0.67322505
448707,0.2007234
448720,0.81370187
448727,0.73217493
448728,0.5115357
448734,0.806444
448746,0.1332518
448755,0.26579756
448760,0.68925804
448770,0.29358706
448778,0.15649235
448788,0.4841726
448790,0.6059199
448801,0.27637684
448805,0.2899859
448806,0.0856388
448812,0.1390483
448817,0.56137174
448834,0.10451576
448837,0.8013954
448838,0.20252496
448853,0.6322821
448856,0.26790226
448868,0.5859324
448876,0.11219862
448909,0.7176268
448917,0.31841993
448919,0.46750477
448922,0.60704845
448931,0.2552457
448935,0.25362107
448937,0.16154169
448940,0.2576817
448948,0.66848344
448958,0.45223513
448967,0.4549918
448968,0.28008062
448973,0.6758239
448993,0.3064646
449000,0.7056489
449011,0.599206
449015,0.13023674
449030,0.484738
449035,0.25061467
449040,0.077638224
449045,0.08023869
449060,0.19485591
449081,0.37887856
449082,0.428749
449087,0.7379878
449095,0.32567614
449105,0.6435236
449110,0.38940257
449117,0.37871465
449126,0.36398923
449134,0.14097372
449141,0.24671331
449148,0.7298376
449155,0.13612837
449158,0.84587395
449160,0.22794569
449178,0.6492147
449180,0.71522915
449183,0.567663
449186,0.39816156
449193,0.32919207
449196,0.19113375
449203,0.038464796
449213,0.3788404
449214,0.045805495
449215,0.31683302
449216,0.4447994
449224,0.34220687
449227,0.4992332
449230,0.06743393
449233,0.58468014
449253,0.43403265
449254,0.4331731
449264,0.8119792
449289,0.5777997
449302,0.083221935
449308,0.6556886
449314,0.11128153
449322,0.45041016
449323,0.21724442
449364,0.3908407
449368,0.19753926
449391,0.2698372
449403,0.34624934
449408,0.5817862
449409,0.17634377
449412,0.13463663
449424,0.5422792
449427,0.26550224
449462,0.2666638
449465,0.26809847
449469,0.12801267
449475,0.11116445
449476,0.4708881
449483,0.15721469
449484,0.5864898
449487,0.14969838
449492,0.19322604
449499,0.51838064
449502,0.15175454
449506,0.041064266
449508,0.3127414
449514,0.28393373
449517,0.45222777
449534,0.52283275
449540,0.18523069
449543,0.48815387
449545,0.25063837
449548,0.5741011
449555,0.3650561
449556,0.6630976
449558,0.16787897
449566,0.28261027
449574,0.5768597
449576,0.38790828
449578,0.03853908
449581,0.30669793
449586,0.5099889
449591,0.3685573
449594,0.3470862
449599,0.46595436
449606,0.25464988
449615,0.1399569
449616,0.355226
449625,0.15157197
449633,0.20194711
449636,0.6286548
449637,0.7133774
449642,0.1989523
449683,0.5789166
449684,0.08880166
449711,0.10400181
449713,0.16143337
449716,0.651471
449741,0.45831874
449745,0.1412256
449747,0.31694648
449756,0.14961201
449759,0.115408145
449760,0.66392976
449768,0.14596929
449773,0.2480624
449775,0.402412
449780,0.042094015
449788,0.37976667
449792,0.34962916
449802,0.3506817
449812,0.6613947
449815,0.6116256
449818,0.41164535
449820,0.49676123
449821,0.124205865
449822,0.7946753
449831,0.23691311
449837,0.21675934
449855,0.7256447
449857,0.24223892
449865,0.41171002
449866,0.26710072
449871,0.3834035
449873,0.3754085
449874,0.4534214
449877,0.112035416
449881,0.12343173
449889,0.48872793
449893,0.2122315
449894,0.3161315
449897,0.53669447
449900,0.31632805
449910,0.26103428
449924,0.7313059
449928,0.38560742
449932,0.8360825
449942,0.3122279
449947,0.37402204
449955,0.40935296
449972,0.06893239
449984,0.62774426
450004,0.15480717
450027,0.49510947
450029,0.08476821
450035,0.44004673
450038,0.118458144
450042,0.9317166
450044,0.28906658
450060,0.33038327
450065,0.087040864
450076,0.20101765
450081,0.6805168
450083,0.5777044
450096,0.6099651
450102,0.18389434
450107,0.6895062
450109,0.3276147
450110,0.17042051
450111,0.40384272
450114,0.3500019
450117,0.42520645
450118,0.63971263
450124,0.7108873
450141,0.7346989
450145,0.20814925
450148,0.27661926
450169,0.3338925
450172,0.70136654
450173,0.41123256
450180,0.39829198
450182,0.06102474
450190,0.38779077
450200,0.5578941
450216,0.23870377
450221,0.24706803
450227,0.8356182
450229,0.14859942
450233,0.261851
450244,0.627467
450251,0.87426233
450260,0.12051744
450266,0.57056826
450267,0.38856137
450272,0.116321735
450280,0.41005203
450287,0.18904026
450290,0.23817721
450291,0.70609176
450303,0.20788525
450310,0.344905
450311,0.30399916
450358,0.4107221
450373,0.6264837
450376,0.49858364
450383,0.18627714
450395,0.44030824
450398,0.6772573
450412,0.77869904
450415,0.5581805
450420,0.29524764
450421,0.7760518
450427,0.18073605
450428,0.39828196
450429,0.34013522
450433,0.21989055
450443,0.34007525
450453,0.12909158
450454,0.093446426
450458,0.5285747
450464,0.06833473
450469,0.6469329
450475,0.18496642
450478,0.7184366
450498,0.28814006
450501,0.6384484
450503,0.27330142
450513,0.7808293
450523,0.4671795
450530,0.6984872
450537,0.43491608
450543,0.19338357
450554,0.3622145
450555,0.36419776
450558,0.3201988
450568,0.15428701
450569,0.23874795
450580,0.20610227
450581,0.1259024
450588,0.17414667
450589,0.4565542
450602,0.42469707
450603,0.15062845
450621,0.22199653
450626,0.9241946
450640,0.16447492
450641,0.14605163
450644,0.8230681
450658,0.7467094
450672,0.806208
450685,0.33701184
450687,0.63451415
450689,0.52332747
450690,0.46909666
450693,0.1710905
450699,0.12922306
450706,0.82519525
450708,0.6402102
450710,0.31409436
450716,0.7151163
450722,0.3601683
450752,0.61269325
450759,0.60760885
450763,0.41950402
450767,0.40425196
450768,0.5562137
450772,0.21465307
450778,0.21412742
450781,0.37082934
450788,0.102412514
450792,0.76200974
450817,0.13653512
450820,0.063637525
450835,0.71635103
450848,0.7282401
450853,0.7532288
450865,0.3330799
450878,0.109494746
450883,0.06097901
450885,0.2834588
450896,0.1400361
450897,0.3438485
450898,0.6627413
450904,0.545347
450908,0.5813396
450917,0.15299937
450921,0.110694535
450923,0.7055877
450926,0.6065195
450929,0.4468066
450937,0.33464256
450963,0.6500351
450971,0.6751428
450973,0.65426856
450978,0.71701294
450982,0.07107696
450995,0.54842263
450997,0.23664024
451033,0.09529245
451035,0.094340295
451037,0.7551321
451039,0.10803435
451063,0.13485709
451079,0.22939332
451081,0.1103378
451083,0.34849697
451100,0.5095578
451101,0.10321331
451104,0.24460006
451109,0.2080339
451119,0.32695746
451124,0.22099477
451126,0.1989729
451146,0.4499236
451155,0.14248025
451156,0.20511667
451160,0.67213017
451163,0.10332808
451168,0.4569541
451175,0.38885975
451184,0.16042982
451189,0.52673143
451206,0.38906887
451208,0.30262837
451225,0.09335308
451226,0.16881695
451228,0.7857555
451230,0.52512187
451235,0.20229012
451239,0.13330503
451242,0.134836
451247,0.32196122
451248,0.42601013
451255,0.42286947
451261,0.21149977
451270,0.58097273
451277,0.08745106
451278,0.66870886
451282,0.3577261
451283,0.35496372
451302,0.42718205
451310,0.22989205
451315,0.5237496
451328,0.29624867
451330,0.556936
451331,0.8385865
451338,0.21494542
451342,0.5468126
451347,0.2272141
451350,0.72794646
451351,0.2916374
451354,0.19103238
451358,0.34616542
451370,0.14424485
451379,0.79985934
451383,0.3430647
451390,0.6067619
451391,0.3752689
451392,0.7015923
451412,0.2967162
451422,0.122130774
451429,0.08057556
451432,0.2933642
451437,0.3790184
451442,0.37337425
451455,0.3336781
451457,0.3406845
451464,0.3955047
451472,0.37211683
451474,0.4647558
451488,0.49490604
451512,0.15714145
451516,0.59722984
451519,0.8594476
451528,0.22762753
451531,0.11484158
451551,0.50843257
451564,0.40634716
451570,0.78473526
451571,0.13363406
451575,0.5699475
451576,0.43669295
451582,0.60826445
451586,0.33117002
451587,0.647869
451594,0.5608596
451596,0.37924615
451600,0.66347116
451615,0.120589875
451616,0.24806489
451646,0.8007585
451648,0.51485014
451650,0.21474329
451651,0.6586409
451662,0.6052036
451675,0.11014514
451680,0.19924584
451682,0.49794722
451688,0.19939567
451691,0.30086836
451698,0.3630593
451703,0.3299354
451709,0.38102782
451714,0.5363513
451716,0.6452963
451719,0.5266277
451724,0.37725297
451726,0.33687156
451733,0.04389818
451743,0.30678716
451747,0.1584084
451756,0.14085363
451761,0.45850757
451762,0.488293
451768,0.11106581
451785,0.1300886
451805,0.04635122
451811,0.8143232
451817,0.16569124
451823,0.65591365
451831,0.2503203
451840,0.2850256
451845,0.23308332
451852,0.5366757
451855,0.26710597
451856,0.31831148
451871,0.11515932
451873,0.424348
451897,0.47444806
451907,0.40313542
451908,0.33323577
451919,0.31751284
451932,0.44059852
451934,0.2531522
451935,0.45957148
451936,0.5849222
451938,0.21019045
451954,0.15704703
451958,0.5049259
451976,0.71131885
451977,0.3361129
451983,0.73936945
452000,0.34559044
452023,0.2868739
452024,0.04981111
452028,0.1567088
452039,0.17893547
452043,0.49015313
452047,0.30110598
452067,0.56013316
452069,0.17814606
452071,0.24889536
452096,0.73269004
452101,0.71835357
452107,0.61528623
452108,0.34172305
452109,0.58436257
452123,0.20382157
452127,0.18337901
452131,0.46801504
452133,0.21476243
452136,0.6557986
452137,0.26225388
452142,0.39009953
452147,0.6362573
452158,0.31309515
452172,0.41432193
452190,0.5263105
452191,0.34499407
452192,0.085383184
452195,0.3837345
452209,0.4515872
452237,0.46514794
452239,0.12875308
452242,0.5245482
452246,0.07467472
452249,0.6899825
452263,0.22072774
452267,0.2712702
452273,0.5138325
452274,0.55504286
452291,0.6794126
452310,0.7191353
452319,0.22952102
452325,0.2328374
452328,0.49995112
452330,0.68881637
452332,0.30858377
452337,0.16018987
452353,0.81622946
452356,0.83410656
452368,0.13952255
452379,0.7078624
452380,0.7836672
452396,0.5386297
452398,0.60815704
452401,0.20381455
452408,0.15086459
452409,0.5040872
452414,0.40556762
452418,0.5985468
452422,0.46392733
452430,0.38611683
452432,0.18183869
452451,0.48561484
452455,0.38069567
452495,0.24009642
452497,0.7722116
452511,0.6604186
452514,0.102157526
452522,0.6213417
452529,0.38007328
452530,0.7243749
452542,0.2734571
452545,0.14020461
452558,0.1796244
452592,0.48836428
452604,0.08335683
452616,0.24316491
452619,0.30117357
452620,0.16421695
452630,0.3239294
452644,0.4212932
452658,0.10010059
452663,0.26441002
452668,0.26406914
452672,0.6174476
452679,0.34783566
452685,0.47484028
452690,0.5417535
452701,0.5563671
452702,0.59470165
452708,0.50086236
452714,0.22610646
452718,0.34155822
452731,0.14754987
452733,0.5128994
452741,0.51411957
452748,0.7123479
452750,0.12717907
452753,0.41143772
452759,0.05298755
452767,0.84066445
452768,0.8684796
452788,0.21125877
452802,0.13737029
452807,0.43699434
452819,0.38375062
452820,0.072410956
452821,0.22368772
452840,0.78896713
452851,0.17454755
452861,0.24756981
452865,0.20925872
452871,0.5157661
452882,0.48781946
452903,0.27686554
452906,0.6650882
452907,0.7516624
452914,0.29755908
452929,0.5637432
452931,0.72154295
452932,0.51675993
452948,0.426637
452950,0.3224144
452963,0.18951736
452974,0.19224797
452982,0.55861944
452984,0.7446568
452994,0.11086121
452995,0.50950474
452998,0.15286708
453003,0.58810645
453021,0.38907126
453040,0.5330201
453042,0.44031534
453052,0.29206908
453056,0.18999101
453066,0.21877837
453067,0.08895679
453072,0.04059266
453085,0.24480096
453093,0.34958357
453094,0.32508987
453100,0.041090656
453101,0.3855733
453107,0.6783076
453110,0.56167287
453111,0.6520896
453113,0.1358265
453114,0.117037416
453124,0.14550567
453129,0.22768971
453142,0.67614776
453145,0.62335104
453152,0.44171277
453159,0.47485372
453168,0.46446574
453196,0.3966881
453212,0.41340396
453214,0.2235027
453215,0.4953705
453220,0.08794469
453230,0.8207047
453233,0.6919412
453235,0.15598345
453244,0.44488493
453248,0.7015535
453262,0.07627704
453268,0.36423194
453283,0.19462298
453284,0.2392934
453287,0.30938902
453299,0.4222099
453314,0.24464712
453322,0.3811745
453349,0.8490218
453354,0.3708497
453356,0.5088521
453359,0.6844321
453366,0.4131025
453367,0.4907073
453372,0.06943208
453378,0.81363314
453390,0.11425229
453397,0.61285675
453403,0.13354729
453406,0.76942605
453412,0.67191094
453415,0.7941393
453428,0.5215788
453431,0.19381349
453442,0.28217202
453449,0.10980904
453465,0.11757894
453473,0.8269875
453476,0.18400197
453479,0.19351532
453480,0.1952399
453481,0.35754818
453493,0.15780613
453494,0.29832286
453507,0.659156
453509,0.37453696
453514,0.606478
453524,0.4749598
453534,0.282764
453538,0.36257592
453544,0.5439112
453549,0.057728566
453550,0.78090036
453551,0.0906488
453556,0.2149643
453560,0.7843462
453566,0.3711773
453569,0.5841087
453579,0.24564774
453582,0.1301158
453586,0.56648785
453618,0.22798176
453620,0.5273754
453655,0.71654683
453659,0.25284854
453668,0.3543265
453681,0.2136296
453686,0.46033806
453687,0.3045901
453704,0.10629647
453707,0.49938992
453708,0.10079289
453709,0.54703945
453715,0.24128997
453721,0.505301
453725,0.27017823
453727,0.16299988
453747,0.8057967
453753,0.6234399
453755,0.22188164
453761,0.3011138
453763,0.0948557
453766,0.060041703
453774,0.08416309
453781,0.81954086
453790,0.40794608
453797,0.8581592
453808,0.5376068
453814,0.37637883
453836,0.49366322
453837,0.13338144
453843,0.21752676
453844,0.08483169
453871,0.093562186
453881,0.6346483
453892,0.81541866
453893,0.43968984
453894,0.26972374
453895,0.12091019
453903,0.586902
453906,0.57279557
453918,0.35577843
453924,0.44816083
453930,0.6470053
453940,0.09002248
453944,0.68963665
453947,0.8297736
453949,0.5546372
453952,0.4133621
453959,0.2636516
453971,0.50197643
453986,0.83855873
453988,0.31258997
453989,0.5252441
453999,0.56740826
454007,0.5370833
454021,0.09848861
454023,0.61387926
454036,0.232134
454046,0.10693662
454052,0.44433656
454066,0.37625742
454070,0.7547172
454071,0.28022116
454075,0.4453569
454080,0.13591534
454085,0.34505457
454097,0.75607604
454103,0.27788147
454105,0.44441092
454108,0.45123255
454109,0.4064277
454137,0.74580884
454150,0.12612817
454155,0.12678725
454164,0.519826
454165,0.17558828
454170,0.6029851
454173,0.16919738
454181,0.079867356
454183,0.6993654
454188,0.788632
454192,0.084660046
454198,0.7911444
454200,0.14588454
454209,0.06100396
454211,0.8076466
454212,0.06590629
454218,0.85125077
454220,0.46585426
454231,0.14382724
454242,0.11575157
454245,0.07805023
454261,0.1725063
454269,0.5412729
454271,0.25387913
454287,0.5760501
454293,0.5878122
454296,0.42299506
454304,0.43518904
454313,0.67850924
454315,0.5348954
454321,0.26892844
454333,0.5527214
454334,0.3005793
454345,0.11072575
454347,0.35524514
454361,0.5258781
454380,0.34378466
454382,0.53360754
454386,0.37725785
454390,0.49045035
454396,0.26779076
454398,0.7047444
454403,0.11126185
454405,0.25469646
454406,0.4357359
454412,0.47546813
454418,0.421085
454436,0.19310808
454443,0.2603908
454449,0.46339828
454457,0.627794
454466,0.13276318
454471,0.79641205
454476,0.76541877
454489,0.73666483
454493,0.63958514
454495,0.28229335
454497,0.053305726
454522,0.19101478
454554,0.5616641
454557,0.13724974
454560,0.21692747
454561,0.37455866
454563,0.25780642
454565,0.32066563
454566,0.32636616
454578,0.6309963
454605,0.46144795
454608,0.2549462
454612,0.0980272
454618,0.5345734
454622,0.23688757
454631,0.5615198
454638,0.20198865
454639,0.6561438
454640,0.5402627
454653,0.47290835
454663,0.19475861
454664,0.72550005
454674,0.85727584
454678,0.77734065
454680,0.20059481
454687,0.43052512
454690,0.19737777
454698,0.6655016
454700,0.5555626
454707,0.07815481
454714,0.20254287
454722,0.45689666
454723,0.30464685
454739,0.5826797
454745,0.31705567
454763,0.5232797
454765,0.2596926
454774,0.28626505
454778,0.20846489
454780,0.463592
454781,0.5269453
454789,0.14583059
454801,0.2983398
454802,0.32725173
454835,0.28306305
454837,0.34242693
454841,0.08459273
454872,0.48510867
454878,0.27014622
454884,0.07000105
454891,0.39592668
454897,0.4137079
454908,0.4119476
454912,0.41940972
454922,0.2999458
454929,0.41185144
454935,0.33862564
454946,0.6508071
454959,0.2048898
454970,0.18553671
454991,0.32737657
455002,0.8138368
455005,0.7885323
455016,0.7722202
455021,0.09010724
455022,0.453163
455024,0.5372796
455044,0.7640976
455050,0.14945266
455055,0.7353379
455056,0.5803978
455067,0.11458003
455069,0.09743589
455082,0.26268616
455087,0.16135076
455088,0.3981246
455112,0.5289147
455126,0.33426806
455132,0.22475085
455135,0.6747663
455148,0.2567947
455156,0.35718063
455161,0.69324213
455162,0.5984079
455164,0.71830714
455171,0.52022725
455174,0.035448078
455175,0.40130267
455184,0.54141766
455188,0.24542437
455200,0.46713373
455209,0.63871926
455212,0.5948055
455217,0.24405484
455222,0.16842496
455223,0.5274101
455228,0.26473826
455243,0.16037343
455246,0.09502506
455255,0.74607736
455262,0.5526749
455268,0.44208962
455277,0.7043135
455281,0.37210867
455296,0.30075967
455297,0.118878335
455322,0.07995863
455326,0.7588986
455327,0.7331642
455328,0.25860068
455368,0.06386424
455374,0.65627563
455377,0.06575218
455378,0.035286296
455379,0.43809256
455395,0.28707066
455424,0.5581667
455425,0.17119281
455429,0.09990983
455434,0.61186975
455436,0.1728216
455438,0.20721246
455439,0.6656637
455440,0.14139742
455441,0.10442135
455481,0.11572739
455482,0.18832308
455483,0.06655698
455484,0.76571745
455489,0.42368743
455490,0.4106136
455513,0.88167644
455515,0.6186353
455536,0.26130867
455537,0.3224378
455538,0.10974758
455539,0.5302096
455567,0.6718499
455583,0.35895556
455607,0.34848157
455636,0.68569106
455638,0.24830239
455640,0.7704313
455644,0.17447037
455645,0.14340436
455648,0.2674414
455650,0.2324069
455658,0.6959746
455694,0.19565858
455695,0.36551535
455696,0.2101185
455703,0.62732553
455742,0.143379
455748,0.57337254
455749,0.7088761
455750,0.7330394
455751,0.13790025
455752,0.6521754
455787,0.5802114
455798,0.37310314
455802,0.615768
455803,0.49615666
455804,0.42552674
455805,0.16127716
455829,0.074916735
455840,0.42602146
455849,0.28623345
455850,0.34009042
455852,0.56095153
455854,0.61418647
455863,0.3145696
455897,0.357106
455902,0.16136841
455907,0.14071488
455908,0.4244057
455909,0.3207536
455940,0.3560124
455955,0.36960337
455958,0.32183012
455959,0.56694067
455960,0.082794264
455961,0.802215
455962,0.4107268
455963,0.3226413
455965,0.14931308
456007,0.861109
456008,0.13291876
456009,0.43485615
456010,0.50203156
456011,0.22855757
456013,0.6532337
456028,0.72241336
456058,0.6224708
456111,0.6659619
456114,0.55339676
456115,0.51385206
456116,0.09534091
456119,0.16723722
456120,0.3601041
456122,0.56845194
456123,0.1705571
456166,0.5744979
456167,0.3609812
456168,0.33632347
456169,0.47489813
456170,0.11406677
456189,0.6340253
456202,0.6896538
456221,0.32993284
456222,0.46808243
456223,0.121779576
456224,0.31124103
456250,0.74862504
